Title,Author,Year,Cover ID,Subject,Book ID,Description,Subjects
Pride and Prejudice,Jane Austen,1813,14348537.0,fiction,/works/OL66554W,"Pride and Prejudice is an 1813 novel of manners written by Jane Austen. The novel follows the character development of Elizabeth Bennet, the dynamic protagonist of the book who learns about the repercussions of hasty judgments and comes to appreciate the difference between superficial goodness and actual goodness.

Mr. Bennet, owner of the Longbourn estate in Hertfordshire, has five daughters, but his property is entailed and can only be passed to a male heir. His wife also lacks an inheritance, so his family faces becoming very poor upon his death. Thus, it is imperative that at least one of the girls marry well to support the others, which is a motivation that drives the plot.","Fiction, Romance, Historical, Regency, British and Irish fiction (fictional works by one author), Brothers and sisters, Courtship, Drama, English fiction, English literature, Families, Family, Family life, Family relations, Fiction Classics, History, Interpersonal relations, Literary Fiction, Love stories, manners, Manners and customs, marriage, Sisters"
Alice's Adventures in Wonderland,Lewis Carroll,1865,10527843.0,fiction,/works/OL138052W,"Alice's Adventures in Wonderland (commonly Alice in Wonderland) is an 1865 English children's novel by Lewis Carroll. A young girl named Alice falls through a rabbit hole into a fantasy world of anthropomorphic creatures. It is seen as an example of the literary nonsense genre.

One of the best-known works of Victorian literature, its narrative, structure, characters and imagery have had huge influence on popular culture and literature, especially in the fantasy genre.","Alice (fictitious character : carroll), fiction, British and irish fiction (fictional works by one author), Fiction, fantasy, general, JUVENILE FICTION, classics, Fantasy & Magic, Imagination & Play, adventure and adventurers, adventure and adventurers, fiction, adventure stories, adventure travel, animals, anthropomorphism, artists' illustrated books, books and reading, child and youth fiction, children, children's fiction, children's literature, children's literature, english"
A Christmas Carol,Charles Dickens,1843,12875748.0,fiction,/works/OL32466W,"A reprinting of the 1843 first edition, complete with the original illustrations, is supplemented by over eighty related sketches and annotations on and analyses of the text and historical notes on the writing of ""The Christmas Carol.""","Children's fiction, Christmas, fiction, Christmas, Drama, Ghosts, British and irish fiction (fictional works by one author), London (england), fiction, Scrooge, Ebenezer (fictitious character), fiction, Christmas stories, Ghost stories, Fiction, Histoires de Noël, Histoires de fantômes, Romans, nouvelles, England, fiction, Ghosts, fiction, Ebenezer Scrooge (Fictitious character), Social conditions, Juvenile fiction, Fiction, ghost"
The Picture of Dorian Gray,Oscar Wilde,1890,14314858.0,fiction,/works/OL8193416W,"**The Picture of Dorian Gray** is a philosophical novel by Irish writer Oscar Wilde. A shorter novella-length version was published in the July 1890 issue of the American periodical *Lippincott’s Monthly Magazine*. The novel-length version was published in April 1891.

(Source: [Wikipedia](https://en.wikipedia.org/wiki/The_Picture_of_Dorian_Gray))","British and irish fiction (fictional works by one author), Conduct of life, fiction, Fantasy fiction, Appearance (Philosophy), Fiction, Conduct of life, Youthfulness, Portraits, Apparence (Philosophie), Romans, nouvelles, Morale pratique, Juvénilité, General, Horror, Education, English literature, England, fiction, Fiction, general, Soul, Paranormal fiction"
Wuthering Heights,Emily Brontë,1846,12818862.0,fiction,/works/OL21177W,"Wuthering Heights is an 1847 novel by Emily Brontë, initially published under the pseudonym Ellis Bell. It concerns two families of the landed gentry living on the West Yorkshire moors, the Earnshaws and the Lintons, and their turbulent relationships with Earnshaw's adopted son, Heathcliff. The novel was influenced by Romanticism and Gothic fiction.","form:novel, genre:tragedy, genre:gothic, British and irish fiction (fictional works by one author), Children's fiction, Classic fiction, Classic Literature, Country homes, Country life, Cousins, Death, Drama, English language, English language readers, English literature, Examinations, Families, family life, Fiction, Foundlings"
Adventures of Huckleberry Finn,Mark Twain,1876,8157718.0,fiction,/works/OL53908W,"Adventures of Huckleberry Finn or as it is known in more recent editions, The Adventures of Huckleberry Finn, is a novel by American author Mark Twain, which was first published in the United Kingdom in December 1884 and in the United States in February 1885.

Commonly named among the Great American Novels, the work is among the first in major American literature to be written throughout in vernacular English, characterized by local color regionalism. It is told in the first person by Huckleberry ""Huck"" Finn, the narrator of two other Twain novels (Tom Sawyer Abroad and Tom Sawyer, Detective) and a friend of Tom Sawyer. It is a direct sequel to The Adventures of Tom Sawyer.","adventure and adventurers, Adventure stories, American fiction (fictional works by one author), American literature, Boys, Child and youth fiction, Children's fiction, child witnesses, Courtship, English language, friendship, Fugitive slaves, history, humor, Humorous stories, Juvenile fiction, juvenile literature, literature, Loyalty, Male friendship"
The Scarlet Letter,Nathaniel Hawthorne,1800,5654516.0,fiction,/works/OL455305W,"A stark and allegorical tale of adultery, guilt, and social repression in Puritan New England, The Scarlet Letter is a foundational work of American literature. Nathaniel Hawthorne's exploration of the dichotomy between the public and private self, internal passion and external convention, gives us the unforgettable Hester Prynne, who discovers strength in the face of ostracism and emerges as a heroine ahead of her time.","Fiction, Puritans, Puritans in fiction, History, Adultery in fiction, Adultery, Illegitimate children, Illegitimate children in fiction, Triangles (Interpersonal relations), Clergy, Married women in fiction, Married women, Clergy in fiction, Revenge, Revenge in fiction, Women immigrants, Women immigrants in fiction, Massachusetts in fiction, American fiction, Women"
Robinson Crusoe,Daniel Defoe,1686,368541.0,fiction,/works/OL45089W,"During one of his several adventurous voyages in the 1600's, an Englishman becomes the sole survivor of a shipwreck and lives for nearly thirty years on a deserted island.","Crusoe, robinson (fictitious character), fiction, British and irish fiction (fictional works by one author), Survival, Fiction, Dans la littérature, Îles, Islands, Naufrages, Robinson Crusoe (Fictitious character), Translations into Swedish, Adaptations, Sailors, Juvenile fiction, English fiction, Castaways, Children's stories, Swedish, Pictorial works, Survival after airplane accidents, shipwrecks, Shipwrecks, Shipwercks"
Hamlet,William Shakespeare,1603,8281954.0,fiction,/works/OL9170454W,"In this quintessential Shakespeare tragedy, a young prince's halting pursuit of revenge for the murder of his father unfolds in a series of highly charged confrontations that have held audiences spellbound for nearly four centuries. Those fateful exchanges, and the anguished soliloquies that precede and follow them, probe depths of human feeling rarely sounded in any art. 

The title role of Hamlet, perhaps the most demanding in all of Western drama, has provided generations of leading actors their greatest challenge. Yet all the roles in this towering drama are superbly delineated, and each of the key scenes offers actors a rare opportunity to create theatrical magic.

Hamlet is a unique pleasure to read as well as to see and hear performed.","performing arts, Stage history, Reyes, reinas, soberanos, Venganza, History and criticism, Criticism and interpretation, LITERARY CRITICISM, Succession, Fathers, Regicide, Tragedy, classic literature, fathers succession, quartos, regicides, English literature, production and direction, inheritance and succession, Britons, English plays"
Emma,Jane Austen,1815,9278312.0,fiction,/works/OL66513W,"Emma, by Jane Austen, is a novel about youthful hubris and the perils of misconstrued romance. The novel was first published in December 1815. As in her other novels, Austen explores the concerns and difficulties of genteel women living in Georgian-Regency England; she also creates a lively comedy of manners among her characters. Before she began the novel, Austen wrote, ""I am going to take a heroine whom no one but myself will much like."" In the very first sentence she introduces the title character as ""Emma Woodhouse, handsome, clever, and rich."" Emma, however, is also rather spoiled, headstrong, and self-satisfied; she greatly overestimates her own matchmaking abilities; she is blind to the dangers of meddling in other people's lives; and her imagination and perceptions often lead her astray.","Social life and customs, Mate selection, Fiction, Fathers and daughters, open_syllabus_project, Historical Fiction, Female friendship, Young women, Classic Literature, Love stories, English, Reading Level-Grade 7, Reading Level-Grade 9, Reading Level-Grade 8, Reading Level-Grade 11, Reading Level-Grade 10, Reading Level-Grade 12, Manners and customs, British and irish fiction (fictional works by one author), England, fiction, Woodhouse, emma (fictitious character), fiction"
Oliver Twist,Charles Dickens,1822,13300802.0,fiction,/works/OL8193478W,"Oliver Twist; or, The Parish Boy's Progress, is the second novel by English author Charles Dickens. It was originally published as a serial from 1837 to 1839, and as a three-volume book in 1838. The story follows the titular orphan, who, after being raised in a workhouse, escapes to London, where he meets a gang of juvenile pickpockets led by the elderly criminal Fagin, discovers the secrets of his parentage, and reconnects with his remaining family.

Oliver Twist unromantically portrays the sordid lives of criminals, and exposes the cruel treatment of the many orphans in London in the mid-19th century.[2] The alternative title, The Parish Boy's Progress, alludes to Bunyan's The Pilgrim's Progress, as well as the 18th-century caricature series by painter William Hogarth, A Rake's Progress and A Harlot's Progress.

In an early example of the social novel, Dickens satirises child labour, domestic violence, the recruitment of children as criminals, and the presence of street children. The novel may have been inspired by the story of Robert Blincoe, an orphan whose account of working as a child labourer in a cotton mill was widely read in the 1830s. It is likely that Dickens's own experiences as a youth contributed as well, considering he spent two years of his life in the workhouse at the age of 12 and subsequently, missed out on some of his education.","Bildungsromans, Boys, Brigands and robbers, British and irish fiction (fictional works by one author), British fiction, Children, Children's fiction, Children's stories, Classic, Coming of age, Criminals, Criminels, Criticism and interpretation, Customs, Enfants pauvres, English language, English literature, Fiction, fiction classics, Historical fiction"
"Frankenstein; or, The Modern Prometheus",Mary Shelley,1818,12356249.0,fiction,/works/OL450063W,"*Frankenstein; or, The Modern Prometheus* is an 1818 novel written by English author Mary Shelley. Frankenstein tells the story of Victor Frankenstein, a young scientist who creates a sapient creature in an unorthodox scientific experiment. Shelley started writing the story when she was 18, and the first edition was published anonymously in London on 1 January 1818, when she was 20. Her name first appeared in the second edition, which was published in Paris in 1821.","Frankenstein (Fictitious character), Frankenstein's monster (Fictitious character), Fiction, Victor Frankenstein (Fictitious character), Scientists, Monsters, Fiction, horror, Frankenstein (fictitious character), fiction, Physicians, fiction, British fiction (fictional works by one author), Scientists, fiction, Geneva (Switzerland), fiction, Horror stories, Fiction, science fiction, general, Fiction, general, Horror tales, Frankenstein (Shelley, Mary Wollstonecraft), English fiction, Fiction, gothic, Monsters, fiction"
Sense and Sensibility,Jane Austen,1811,9278292.0,fiction,/works/OL66562W,"When Mr. Dashwood dies, he must leave the bulk of his estate to the son by his first marriage, which leaves his second wife and three daughters (Elinor, Marianne, and Margaret) in straitened circumstances. They are taken in by a kindly cousin, but their lack of fortune affects the marriageability of both practical Elinor and romantic Marianne. When Elinor forms an attachment for the wealthy Edward Ferrars, his family disapproves and separates them. And though Mrs. Jennings tries to match the worthy (and rich) Colonel Brandon to her, Marianne finds the dashing and fiery Willoughby more to her taste. Both relationships are sorely tried. But this is a romance, and through the hardships and heartbreak, true love and a happy ending will find their way for both the sister who is all sense and the one who is all sensibility. - Publisher.","Fiction, Romance, Historical, Regency, Inheritance and succession, fiction, Mate selection, fiction, Social classes, fiction, Family life, fiction, Text-books for foreigners, Young women,  fiction, Literature, Readers, Gentry, Sisters, fiction, Classic Literature, FICTION / Classics, Open Library Staff Picks, English language, open_syllabus_project, Manners and customs, fiction, Didactic fiction, Social life and customs, fiction, Humorous stories"
A Tale of Two Cities,Charles Dickens,1800,13301713.0,fiction,/works/OL8193465W,"A Tale of Two Cities is a historical novel published in 1859 by Charles Dickens, set in London and Paris before and during the French Revolution. The novel tells the story of the French Doctor Manette, his 18-year-long imprisonment in the Bastille in Paris, and his release to live in London with his daughter Lucie whom he had never met. The story is set against the conditions that led up to the French Revolution and the Reign of Terror. In the Introduction to the Encyclopedia of Adventure Fiction, critic Don D'Ammassa argues that it is an adventure novel because the protagonists are in constant danger of being imprisoned or killed.

As Dickens's best-known work of historical fiction, A Tale of Two Cities is said to be one of the best-selling novels of all time. In 2003, the novel was ranked 63rd on the BBC's The Big Read poll. The novel has been adapted for film, television, radio, and the stage, and has continued to influence popular culture.","British, British and irish fiction (fictional works by one author), Children's fiction, Criticism and interpretation, English fiction, English literature, Executions and executioners, Fathers and daughters, Fiction, classics, Histoire, Historia, Historical fiction, History, Juvenile fiction, Lookalikes, Novela, Novela inglesa, Padre e hija, Pères et filles"
The Wonderful Wizard of Oz,L. Frank Baum,1899,552443.0,fiction,/works/OL18417W,"Over a century after its initial publication, The Wonderful Wizard of Oz is still captivating the hearts of countless readers. Come adventure with Dorothy and her three friends: the Scarecrow, the Tin Woodman, and the Cowardly Lion, as they follow the Yellow Brick Road to the Emerald City for an audience with the Great Oz, the mightiest Wizard in the land, and the only one that can return Dorothy to her home in Kansas.","Witches, Spanish language materials, Fiction, Wizards, Juvenile literature, Wizards in fiction, Children's stories, Russian, Specimens, Imaginary voyages in fiction, Classic Literature, Imaginary Voyages, Children's stories, American, Adventure and adventurers, Open Library Staff Picks, Books and reading, Children's stories, Witches in fiction, History, Juvenile fiction, Latin language materials"
Treasure Island,Robert Louis Stevenson,1880,13859660.0,fiction,/works/OL24034W,"Traditionally considered a coming-of-age story, Treasure Island is an adventure tale known for its atmosphere, characters and action, and also as a wry commentary on the ambiguity of morality — as seen in Long John Silver — unusual for children's literature then and now. It is one of the most frequently dramatized of all novels. The influence of Treasure Island on popular perceptions of pirates is enormous, including treasure maps marked with an ""X"", schooners, the Black Spot, tropical islands, and one-legged seamen carrying parrots on their shoulders","Fiction, Treasure Island (Imaginary place), Treasure-trove, Pirates, Treasure troves, Children's fiction, Adventure and adventurers, fiction, Pirates, fiction, Buried treasure, fiction, Voyages and travels, fiction, Treasure island (imaginary place), fiction, Literature, British and irish fiction (fictional works by one author), Asventure and adventures, Adventure and adventures, Buried treasure, Caribbean area, fiction, Literature and fiction, juvenile, Adventure and adventurers, Juvenile fiction"
Dracula,Bram Stoker,1897,12216503.0,fiction,/works/OL85892W,"Na história, um casal e seus amigos são atormentados por Conde Drácula, uma entidade sobrenatural e hematófoga que, presa em uma maldição contagiosa, pretende se mudar de seu recluso castelo na Transilvânia para a efervescente Londres do século XIX. Com a ajuda do professor Van Helsing, o grupo de amigos pretende enfrentar o morto-vivo, mesmo com todos os perigos que a ofensiva trará.","English literature, Fiction, Horror, Horror stories, Horror tales, Monsters, Thriller, Vampires, Vampires in literature, Horror fiction, Irish authors, Epistolary novels, Romanians, British, Psychological fiction, Textbooks for foreign speakers, Readers for new literates, Romania, fiction, England, fiction, Vampires, fiction"
Little Women,Louisa May Alcott,1848,8775559.0,fiction,/works/OL29983W,"Louisa May Alcotts classic novel, set during the Civil War, has always captivated even the most reluctant readers. Little girls, especially, love following the adventures of the four March sisters--Meg, Beth, Amy, and most of all, the tomboy Jo--as they experience the joys and disappointments, tragedies and triumphs, of growing up. This simpler version captures all the charm and warmth of the original.","Romans, Jeunes filles, Soeurs, Sisters, Young women, Fiction, Fiction, women, Young women, fiction, Family life, Literatura Norte Americana, Families, Juvenile fiction, March family (Fictitious characters), Domestic fiction, Bildungsromans, Historical fiction, Children's fiction, Family life, fiction, Sisters, fiction, New england, fiction"
Macbeth,William Shakespeare,1508,872432.0,fiction,/works/OL258902W,"The play concerns a trusted general who secretly lusts for power. Encouraged by the prophecies of three witches and urged on by his ambitious wife Macbeth commits regicide. Left fearful and superstitious by this desperate act he is driven to a spiralling course of murder and outrage, almost inevitably culminating in his own death. One of Shakespeare’s most popular tragedies, Macbeth is ostensibly based on the Scottish king although the story represented in the play bears no relation to historical fact as the true King Macbeth was well respected by his contemporaries. This book includes the hero Macbeth becoming more and more evil after he gets told his ""destiny"" by the witches and becomes greedy with power.","Drama, Regicides, Kings and rulers, Texts, French-Canadian dialect, Scotland, kings, greed, murder of the King, regicide, wives pressuring, fear, Classic Literature, Comic and Graphic Books, Fiction, Young Adult Literature, Plays, Succession, Juvenile drama, Sources"
Othello,William Shakespeare,1622,7165018.0,fiction,/works/OL258850W,Shakespeare's tragedy of jealousy and suspicion presented scene by scene in comic book format.,"Drama, Othello (Fictitious character), Printing, Specimens, Dramatic production, Jealousy, Muslims, Interracial marriage, Plays, Teatro, Jewish women, Stage history, Bibliography, Toneel op toneel, Textual Criticism, Queens, Fiction, Quartos, The Tragedy of Othello, the Moor of Venice (Shakespeare), Translations into Persian"
Gulliver's Travels,Jonathan Swift,1726,12717083.0,fiction,/works/OL20600W,"A parody of traveler’s tales and a satire of human nature, “Gulliver’s Travels” is Jonathan Swift’s most famous work which was first published in 1726. An immensely popular tale ever since its original publication, “Gulliver’s Travels” is the story of its titular character, Lemuel Gulliver, a man who loves to travel. A series of four journeys are detailed in which Gulliver finds himself in a number of amusing and precarious situations. In the first voyage, Gulliver is imprisoned by a race of tiny people, the Lilliputians, when following a shipwreck he is washed upon the shores of their island country. In his second voyage Gulliver finds himself abandoned in Brobdingnag, a land of giants, where he is exhibited for their amusement. In his third voyage, Gulliver once again finds himself marooned; fortunately he is rescued by the flying island of Laputa, a kingdom devoted to the arts of music and mathematics. He subsequently travels to the surrounding lands of Balnibarbi, Luggnagg, Glubbdubdrib, and Japan. Finally in his last voyage, when he is set adrift by a mutinous crew, he finds himself in the curious Country of the Houyhnhnms. Through the various experiences of Gulliver, Swift brilliantly satirizes the political and cultural environment of his time in addition to creating a lasting and enchanting tale of fantasy. This edition is illustrated by Milo Winter and includes an introduction by George R. Dennis.","YA, Young adult, Juvenile, Fiction, Fantasy, Utopias, Classic, Classics, Irish, Literature, Story, Stories, Humor, Humorous, Adventure, Adventurers, Voyages, Travels, Travelers, People"
The Call of the Wild,Jack London,1903,12393037.0,fiction,/works/OL14942956W,"As Buck, a mixed breed dog, is taken away from his home, instead of facing a feast for breakfast and the comforts of home, he faces the hardships of being a sled dog. Soon he lands in the wrong hands, being forced to keep going when it is too rough for him and the other dogs in his pack. He also fights the urges to run free with his ancestors, the wolves who live around where he is pulling the sled.","Gold discoveries, Bienestar, Lobos, Descubrimiento de oro, Crítica e interpretación, American Nature stories, Cartoons and comics, Feral dogs, Robo de mascotas, Pet theft, Dogs in literature, American Adventure stories, Criticism and interpretation, Dogs, Literatura norte americana, High interest-low vocabulary books, Sea stories, Gold mines and mining, In literature, Relatos de aventuras"
King Lear,William Shakespeare,1608,7420452.0,fiction,/works/OL259026W,"King Lear divides his kingdom among the two daughters who flatter him and banishes the third one who loves him. His eldest daughters both then reject him at their homes, so Lear goes mad and wanders through a storm. His banished daughter returns with an army, but they lose the battle and Lear, all his daughters and more, die.

([source][1])


  [1]: https://www.shakespeare.org.uk/explore-shakespeare/shakespedia/shakespeares-plays/king-lear/","Drama, King Lear (Legendary character), Fathers and daughters, Kings and rulers, Inheritance and succession, Britons, Aging parents, Stage history, Textual Criticism, Lear, King (Legendary character), English literature, English Young adult drama, History and criticism, Plays, English drama, Problems, exercises, English literature: Shakespeare criticism, English literature: Shakespeare texts, Shakespeare studies & criticism, Plays / Drama"
The Secret Garden,Frances Hodgson Burnett,1911,12622062.0,fiction,/works/OL69612W,A ten-year-old orphan comes to live in a lonely house on the Yorkshire moors where she discovers an invalid cousin and the mysteries of a locked garden.,"Fiction, general, Friendship, fiction, People with disabilities, fiction, Great britain, fiction, Child and youth fiction, Children's fiction, Gardens, fiction, England, fiction, American literature, Orphans, fiction, Great britain, history, fiction, English language, Orphans, Juvenile fiction, Gardens, Fiction, Children with disabilities, Loneliness in children, Fiction, coming of age, Fantasy fiction"
Don Quijote de la Mancha,Miguel de Cervantes Saavedra,1600,14428305.0,fiction,/works/OL503666W,"*Don Quijote de la Mancha* es una novela escrita por el español Miguel de Cervantes Saavedra. Publicada su primera parte con el título de *El ingenioso hidalgo don Quijote de la Mancha* a comienzos de 1605, es la obra más destacada de la literatura española y una de las principales de la literatura universal. En 1615 apareció su continuación con el título de *Segunda parte del ingenioso caballero don Quijote de la Mancha.* Es la primera obra genuinamente desmitificadora de la tradición caballeresca y cortés por su tratamiento burlesco. Representa la primera novela moderna y la primera novela polifónica; como tal, ejerció un enorme influjo en toda la narrativa europea. La novela ha sido calificada por numerosos autores de renombre como la «mejor novela de todos los tiempos» y la «obra más importante y fundamental de la literatura universal». Don Quijote es también uno de los libros más traducidos del mundo y una de las novelas más vendidas de todos los tiempos.


----------


*The Ingenious Gentleman Don Quixote of La Mancha* known simply as *Don Quixote* is a Spanish novel by Miguel de Cervantes, originally published in two parts, in 1605 and 1615 and considered a founding work of Western literature. It's often said to be the first modern novel. The novel has been labelled by many well-known authors as the ""best novel of all time"" and the ""best and most central work in world literature"". Don Quixote is also one of the most-translated books in the world and one of the best-selling novels of all time.","Don Quixote (Cervantes Saavedra, Miguel de), Quotations, Knights and knighthood, Social life and customs, Fiction, Classic Literature, Don Quixote (Fictitious character), Early works to 1800, Dictionaries, Literatura picaresca, España, Readers, Caballeros y caballería, great_books_of_the_western_world, Squires, Spanish fiction, Illustrations, Relatos de aventura, Criticism and interpretation, Spanish Adventure fiction"
Madame Bovary,Gustave Flaubert,1856,12993424.0,fiction,/works/OL893707W,"Charles Bovary, médecin de campagne, veuf d'une mégère, fait lors d'une tournée la rencontre du père Rouault et de sa fille, Emma. Après leur mariage, Emma reste insatisfaite et rêve d'une nouvelle vie. Son premier amant lui donne le goût du luxe et fait miroiter un avenir à deux avant de l'abandonner. Une fois remise, Emma continue à faire de folles dépenses, qui peu à peu la mènent à la ruine et au déshonneur. (Résumé par Nadine)

---

See also:

- [Madame Bovary: 1/2](https://openlibrary.org/works/OL29255465W/Madame_Bovary_1_2)
- [Madame Bovary: 2/2](https://openlibrary.org/works/OL29255459W/Madame_Bovary_2_2)

---

Also contained in:

- [The Best Known Works of Gustave Flaubert](https://openlibrary.org/works/OL893933W/The_best_known_works_of_Gustave_Flaubert)
- [Pages choisies des grands écrivains](https://openlibrary.org/works/OL15580389W)","literary fiction, French literature, Fiction, Manners and customs, fiction, Adultery, Middle class, Physicians' spouses, Suicide victims, Married women, Social life and customs, French fiction, Technique, Suicide, Husband and wife, History, Physicians, Intellectual life, Classic Literature, Spouses, Country life"
The Art of War,孙武 (Sun Tzu),1900,4849549.0,fiction,/works/OL244537W,"The Art of War is an ancient Chinese military treatise dating from the Late Spring and Autumn Period. The work, which is attributed to the ancient Chinese military strategist Sun Tzu","Open Library Staff Picks, Early works to 1800, Military art and science, great_books_of_the_western_world, Business, Self-Improvement, Philosophy, open_syllabus_project, Fiction, Nonfiction, Politics, Military, Classic Literature, History, Military art and science, early works to 1800, Strategy, Management, Military art and science, history, Leadership, War"
Julius Caesar,William Shakespeare,1656,7901303.0,fiction,/works/OL362702W,"Presents the original text of Shakespeare's play side by side with a modern version, discusses the author and the theater of his time, and provides quizzes and other study activities.","Antoine (Marcus Antonius), Assassination, Assassins, Bibliography, Biography, Classic Literature, Conspiracies, Drama, English literature, Fiction, Generals, Heads of state, History, History and criticism, Julius Caesar, Language, Outlines, syllabi, Plays, Problems, exercises, Promptbooks"
A Midsummer Night's Dream,William Shakespeare,1600,7205924.0,fiction,/works/OL259010W,"One night two young couples run into an enchanted forest in an attempt to escape their problems. But these four humans do not realize that the forest is filled with fairies and hobgoblins who love making mischief. When Oberon, the Fairy King, and his loyal hobgoblin servant, Puck, intervene in human affairs, the fate of these young couples is magically and hilariously transformed. Like a classic fairy tale, this retelling of William Shakespeare's most beloved comedy is perfect for older readers who will find much to treasure and for younger readers who will love hearing the story read aloud.","Drama, Courtship, Plays, Hippolyta (Greek mythology), Theseus (Greek mythology), Juvenile drama, Children's plays, English, Stage history, Textual Criticism, Nonfiction, Description and travel, Sources, Juvenile literature, Criticism and interpretation, Critique et interprétation, Classic Literature, English Young adult drama, Amateur theater, English drama, Open Library Staff Picks"
Great Expectations,Charles Dickens,1861,13322313.0,fiction,/works/OL8721462W,"Great Expectations is the thirteenth novel by Charles Dickens and his penultimate completed novel. It depicts the education of an orphan nicknamed Pip (the book is a bildungsroman; a coming-of-age story). It is Dickens' second novel, after David Copperfield, to be fully narrated in the first person. The novel was first published as a serial in Dickens's weekly periodical All the Year Round, from 1 December 1860 to August 1861. In October 1861, Chapman and Hall published the novel in three volumes.

The novel is set in Kent and London in the early to mid-19th century and contains some of Dickens's most celebrated scenes, starting in a graveyard, where the young Pip is accosted by the escaped convict Abel Magwitch. Great Expectations is full of extreme imagery – poverty, prison ships and chains, and fights to the death – and has a colourful cast of characters who have entered popular culture. These include the eccentric Miss Havisham, the beautiful but cold Estella, and Joe, the unsophisticated and kind blacksmith. Dickens's themes include wealth and poverty, love and rejection, and the eventual triumph of good over evil. Great Expectations, which is popular both with readers and literary critics, has been translated into many languages and adapted numerous times into various media.","Authors, Benefactors, Bildungsromans, Boys, British and irish fiction (fictional works by one author), Child and youth fiction, Classic Literature, Coming of age, Conduct of life, Criticism and interpretation, Description and travel, Drama, English fiction, English literature, English Manuscripts, Ex-convicts, Facsimiles, Family, Fiction, History"
A Study in Scarlet,Arthur Conan Doyle,1887,13405534.0,fiction,/works/OL262496W,"A Study in Scarlet is an 1887 detective novel by British writer Arthur Conan Doyle. The story marks the first appearance of Sherlock Holmes and Dr. Watson, who would become the most famous detective duo in literature.","Action & Adventure Fiction, aortic aneurysm, Battle of Maiwand, Blessing and cursing, British and irish fiction (fictional works by one author), Children's fiction, Classics, crime scenes, Detective and mystery stories, Detective Fiction, Detectives, Detectives privados, Detektive, Détectives, English Detective and mystery stories, English literature, Ficción, Fiction, hemoglobin, Investigadores privados"
The Prince,Niccolò Machiavelli,1515,12726168.0,fiction,/works/OL1089297W,"The Prince (Italian: Il Principe [il ˈprintʃipe]; Latin: De Principatibus) is a 16th-century political treatise written by Italian diplomat and political theorist Niccolò Machiavelli as an instruction guide for new princes and royals. The general theme of The Prince is of accepting that the aims of princes – such as glory and survival – can justify the use of immoral means to achieve those ends.

From Machiavelli's correspondence, a version appears to have been distributed in 1513, using a Latin title, De Principatibus (Of Principalities). However, the printed version was not published until 1532, five years after Machiavelli's death. This was carried out with the permission of the Medici pope Clement VII, but ""long before then, in fact since the first appearance of The Prince in manuscript, controversy had swirled about his writings"".

Although The Prince was written as if it were a traditional work in the mirrors for princes style, it was generally agreed as being especially innovative. This is partly because it was written in the vernacular Italian rather than Latin, a practice that had become increasingly popular since the publication of Dante's Divine Comedy and other works of Renaissance literature.","Political science, early works to 1800, Machiavel, Nicolas, 1469-1527. Prince, Classic Literature, Fiction, Ouvrages avant 1800, Science politique, Morale politique, Political science, Early works to 1800, Political ethics, Italian literature, Contribution à la philosophie politique, Biographie, Politique et morale, Philosophie politique, Philosophie de la Renaissance, History, The Renaissance, Catholic Church, Church and State"
Through the Looking-Glass,Lewis Carroll,1865,11272464.0,fiction,/works/OL151406W,"*Through the Looking-Glass, and What Alice Found There* (1871) is a work of children's literature by Lewis Carroll (Charles Lutwidge Dodgson), generally categorized in the fairy tale genre. It is the sequel to *Alice's Adventures in Wonderland* (1865). Although it makes no reference to the events in the earlier book, the themes and settings of *Through the Looking-Glass* make it a kind of mirror image of Wonderland: the first book begins outdoors, in the warm month of May, uses frequent changes in size as a plot device, and draws on the imagery of playing cards; the second opens indoors on a snowy, wintry night exactly six months later, on November 4 (the day before Guy Fawkes Night), uses frequent changes in time and spatial directions as a plot device, and draws on the imagery of chess. In it, there are many mirror themes, including opposites, time running backwards, and so on. ([Wikipedia][1])


  [1]: http://en.wikipedia.org/wiki/Through_the_Looking-Glass","Fantasy, Fiction, English Nonsense verses, Children's poetry, English, Nonsense verses, English poetry, Alice (Fictitious character : Carroll), Toy and movable books, English Fantasy poetry, Children's stories, Juvenile literature, Specimens, Juvenile fiction, Translations into Italian, Artists' books, Shaw alphabet, Children's stories, English, Children's fiction, Fantasy fiction, Alice (fictitious character : carroll), fiction"
The Wind in the Willows,Kenneth Grahame,1908,13335427.0,fiction,/works/OL28570037W,"The adventures of four amiable animals, Rat, Toad, Mole and Badger, along a river in the English countryside.","Children's fiction, Animals, fiction, Friendship, fiction, England, fiction, Fiction, Animals, Friendship, Juvenile fiction, Toy and movable books, Country life, River life, Specimens, Christmas, Folklore, Pictorial works, Children's stories, English, Stories, Juvenile literature, Toad of Toad Hall (Fictitious character), Legends and stories of Animals"
La Divina Commedia,Dante Alighieri,1472,11621024.0,fiction,/works/OL93082W,"De goddelijke komedie is de beschrijving van een denkbeeldige tocht door het hiernamaals. Zij heeft drie delen: de hel, het vagevuur en het paradijs en ieder van deze delen heeft drieëndertig zangen van niet geheel gelijke lengte, terwijl aan het eerste deel nog een inleidende zang voorafgaat, waardoor het totale aantal van de zang honderd bedraagt. Dit aantal is geen toevalligheid. Het getal honderd gold in de middeleeuwse getallensymboliek, waarvan ook Dante een naarstig beoefenaar was, als het zinnebeeld van de volmaaktheid. Drie is het getal van de personen der heilige drie-eenheid, drieëndertig is het aantal jaren van Jezus' aardse leven. 

In de eerste zang van De goddelijke komedie is Dante verdwaald in een donker woud en terwijl hij wanhopig naar hulp uitziet ontmoet hij daar de Latijnse dichter Vergilius. Samen verlaten zij het aardoppervlak en dalen af naar de hel, die voorgesteld wordt als een systeem van concentrische, zich steeds verder vernauwende kringen, een soort geringde trechter, die tenslotte in het middelpunt van de aarde eindigt. Daar zit Lucifer in het ijs, met zijn hoofd naar ons halfrond toe en met zijn voeten naar het zuidelijk halfrond gekeerd. 

Tussen het ijs en Lucifer vinden Dante en Vergilius een weg langs het middelpunt van de aarde en stijgen dan weer op naar het zuidelijk halfrond. Zij bereiken een eiland, waar zich een hoge berg verheft, de louteringsberg van het vagevuur, waar de zielen die in staat van genade zijn gestorven, maar hun aardse schulden nog niet hebben uitgeboet, geleidelijk gelouterd worden en opstijgen naar de hemelse zaligheid. Deze berg, een soort tegenbeeld van de hel, heeft langs zijn flanken steeds nauwer wordende gaanderijen. Daarlangs stijgen Dante en Vergilius opwaarts naar de top, waar zich het aardse paradijs bevindt. 

Wanneer zij daar zijn aangekomen, wordt Vergilius als Dante's geleider afgelost door Beatrice. Samen met Beatrice stijgt Dante nu opwaarts naar het paradijs. De eeuwige woonplaats van de zaligen bestraald door het licht van God.","Poetry (poetic works by one author), Literatura, Portraits, Paradise, Poetry, Hell, Purgatory, Illustrations, Italian poetry, Medieval Literature, Heaven, Dictionaries, poem sayers, Early works to 1800, Fiction, humorous, Translations into English, Religion, Classic Literature, Fiction, Romance literature"
Анна Каренина,Лев Толстой,1876,2560652.0,fiction,/works/OL267096W,"Described by William Faulkner as the best novel ever written and by Fyodor Dostoevsky as “flawless,” Anna Karenina tells of the doomed love affair between the sensuous and rebellious Anna and the dashing officer, Count Vronsky. Tragedy unfolds as Anna rejects her passionless marriage and thereby exposes herself to the hypocrisies of society. Set against a vast and richly textured canvas of nineteenth-century Russia, the novel's seven major characters create a dynamic imbalance, playing out the contrasts of city and country life and all the variations on love and family happiness.","Fiction, Adultery, Married women, Social life and customs, Social conditions, Upper class women, Russian literature, Upper class, Classic Literature, Literature, Drama, Non-English Fiction, Romance, Russian fiction, open_syllabus_project, Long Now Manual for Civilization, Reading Level-Grade 11, Reading Level-Grade 12, Continental European fiction (fictional works by one author), Married people, fiction"
The Hound of the Baskervilles,Arthur Conan Doyle,1900,8063264.0,fiction,/works/OL262454W,"The Hound of the Baskervilles is the third of the four crime novels by British writer Arthur Conan Doyle featuring the detective Sherlock Holmes. Originally serialised in The Strand Magazine from August 1901 to April 1902, it is set in 1889 largely on Dartmoor in Devon in England's West Country and tells the story of an attempted murder inspired by the legend of a fearsome, diabolical hound of supernatural origin. Holmes and Watson investigate the case. This was the first appearance of Holmes since his apparent death in ""The Final Problem"", and the success of The Hound of the Baskervilles led to the character's eventual revival.

One of the most famous stories ever written, in 2003, the book was listed as number 128 of 200 on the BBC's The Big Read poll of the UK's ""best-loved novel"". In 1999, a poll of ""Sherlockians"" ranked it as the best of the four Holmes novels.","crime novel, English Civil War, mires, tors, tombs, Dogs, England, fiction, Watson, john h. (fictitious character), fiction, British and irish fiction (fictional works by one author), Fiction, mystery & detective, traditional, Private investigators, fiction, Holmes, Sherlock -- Fiction, Watson, John H. (Fictitious character) -- Fiction, Sherlock Holmes (Fictitious character), Fiction, Private investigators, Blessing and cursing, Children's non-fiction, Animals, Doyle, arthur conan, sir, 1859-1930"
Anne of Green Gables,Lucy Maud Montgomery,1908,14641084.0,fiction,/works/OL77746W,"Anne, an eleven-year-old orphan, is sent by mistake to live with a lonely, middle-aged brother and sister on a Prince Edward Island farm and proceeds to make an indelible impression on everyone around her.","Fiction, Juvenile fiction, Country life, Friendship, Orphans, Friendship in fiction, Prince Edward Island in fiction, Orphans in fiction, Country life in fiction, Foster home care, Girls, Anne Shirley (Fictitious character), Children's fiction, Shirley, anne (fictitious character), fiction, Country life, fiction, Prince edward island, fiction, Friendship, fiction, Orphans, fiction, History, Teachers"
Persuasion,Jane Austen,1789,12824691.0,fiction,/works/OL66544W,"Persuasion tells the love story of Anne Elliot and Captain Frederick Wentworth, whose sister rents Miss Elliot's father's house, after the Napoleonic Wars come to an end. The story is set in 1814. The book itself is Jane Austen's last published book, published posthumously in December of 1818.","Fiction, Romance, Historical, Regency, Love stories, English, Moški in ženske, V leposlovju, Medosebni odnosi, Družbene razmere, Social life and customs, Rejection (Psychology), Officers, Great Britain. Royal Navy, Great Britain, Manners and customs, Armed Forces, fiction, British and irish fiction (fictional works by one author), Man-woman relationships, fiction, England, fiction, Great Britain, fiction, Austen, jane, 1775-1817, Fiction, psychological, English literature"
The Great Gatsby,F. Scott Fitzgerald,1920,10590366.0,fiction,/works/OL468431W,"Here is a novel, glamorous, ironical, compassionate – a marvelous fusion into unity of the curious incongruities of the life of the period – which reveals a hero like no other – one who could live at no other time and in no other place. But he will live as a character, we surmise, as long as the memory of any reader lasts.

""There was something gorgeous about him, some heightened sensitivity to the promises of life.... It was an extraordinary gift for hope, a romantic readiness such as I have never found in any other person and which it is not likely I shall ever find again.""

It is the story of this Jay Gatsby who came so mysteriously to West Egg, of his sumptuous entertainments, and of his love for Daisy Buchanan – a story that ranges from pure lyrical beauty to sheer brutal realism, and is infused with a sense of the strangeness of human circumstance in a heedless universe.

It is a magical, living book, blended of irony, romance, and mysticism.

\--first edition jacket

---

Also contained in:

- [The Fitzgerald Reader](https://openlibrary.org/works/OL468551W/The_Fitzgerald_Reader)
- [Three Novels of F. Scott Fitzgerald](https://openlibrary.org/works/OL468557W)","Married people, fiction, American fiction (fictional works by one author), Fiction, psychological, Long island (n.y.), fiction, Fiction, Rich people, Mistresses, Married women, Traffic accidents, First loves, Revenge, American Manuscripts, Facsimiles, Manuscripts, Antiheroes, l fiction, Man-woman relationships, fiction, Upper class, American literature, Young adult fiction, comics & graphic novels, classic adaptation, Young adult fiction, social themes, class differences"
Преступление и наказание,Fiódor Dostoievski,1866,9411873.0,fiction,/works/OL166894W,"From [wikipedia](https://en.wikipedia.org/wiki/Crime_and_Punishment):

Crime and Punishment (Russian: Преступлéние и наказáние, tr. Prestupleniye i nakazaniye; IPA: \[prʲɪstʊˈplʲenʲə ɪ nəkɐˈzanʲə\]) is a novel by the Russian author Fyodor Dostoyevsky. It was first published in the literary journal The Russian Messenger in twelve monthly installments during 1866.[1](https://en.wikipedia.org/wiki/Crime_and_Punishment) It was later published in a single volume. It is the second of Dostoyevsky's full-length novels following his return from ten years of exile in Siberia. Crime and Punishment is considered the first great novel of his ""mature"" period of writing.\[2\]

Crime and Punishment focuses on the mental anguish and moral dilemmas of Rodion Raskolnikov, an impoverished ex-student in St. Petersburg who formulates and executes a plan to kill an unscrupulous pawnbroker for her cash. Raskolnikov argues that with the pawnbroker's money he can perform good deeds to counterbalance the crime, while ridding the world of a worthless vermin. He also commits this murder to test his own hypothesis that some people are naturally capable of such things, and even have the right to do them. Several times throughout the novel, Raskolnikov justifies his actions by comparing himself with Napoleon Bonaparte, believing that murder is permissible in pursuit of a higher purpose.

---

See also:

- [Преступлéние и наказáние: 1/2](https://openlibrary.org/works/OL7998899W/Prestuplenie_i_nakazanie._1_2)","English Translations, Russian literature, Novela psicológica, Fiction, Translations into Yiddish, Psychological fiction, German language, Murder, Fiction in Spanish, Mystery fiction, Classic Literature, Detective and mystery stories, Open Library Staff Picks, Guilt, open_syllabus_project, Novela policíaca, Crime, Social life and customs, Ficción, Murderers"
Jane Eyre,Charlotte Brontë,1847,8235363.0,fiction,/works/OL1095427W,"The novel is set somewhere in the north of England. Jane's childhood at Gateshead Hall, where she is emotionally and physically abused by her aunt and cousins; her education at Lowood School, where she acquires friends and role models but also suffers privations and oppression; her time as the governess of Thornfield Hall, where she falls in love with her Byronic employer, Edward Rochester; her time with the Rivers family, during which her earnest but cold clergyman cousin, St John Rivers, proposes to her. Will she or will she not marry him?","Fiction, Romance, Historical"", Man-woman relationships, fiction, Charity schools, fiction, Married people, fiction, Married men, fiction"", Country homes, fiction, Fathers and daughters, fiction, Open Library Staff Picks, Orphans, fiction, Young women, fiction, Married men, fiction, Mentally ill women, fiction, Family secrets, fiction, Manners and customs, fiction, Upper class, fiction, Gothic fiction, Literature"
The Time Machine,H. G. Wells,1895,9009316.0,fiction,/works/OL52267W,"The Time Traveller, a dreamer obsessed with traveling through time, builds himself a time machine and, much to his surprise, travels over 800,000 years into the future. He lands in the year 802701: the world has been transformed by a society living in apparent harmony and bliss, but as the Traveler stays in the future he discovers a hidden barbaric and depraved subterranean class. Wells's transparent commentary on the capitalist society was an instant bestseller and launched the time-travel genre.","Self-experimentation in medicine in fiction, Fiction, Time travel in fiction, Dystopias in fiction, Literature, Scientists, Classic Literature, Open Library Staff Picks, Scientists in fiction, Space warfare, Self-experimentation in medicine, open_syllabus_project, English Science fiction, Dystopias, Time travel, Science fiction, Animal experimentation in fiction, Juvenile fiction, Comic and Graphic Books, Animal experimentation"
Walden,Henry David Thoreau,1854,11248037.0,fiction,/works/OL55649W,"Walden first published in 1854 as Walden; or, Life in the Woods) is a book by American transcendentalist writer Henry David Thoreau. The text is a reflection upon the author's simple living in natural surroundings. The work is part personal declaration of independence, social experiment, voyage of spiritual discovery, satire, and—to some degree—a manual for self-reliance.

Walden details Thoreau's experiences over the course of two years, two months, and two days in a cabin he built near Walden Pond amidst woodland owned by his friend and mentor Ralph Waldo Emerson, near Concord, Massachusetts.

Thoreau makes precise scientific observations of nature as well as metaphorical and poetic uses of natural phenomena. He identifies many plants and animals by both their popular and scientific names, records in detail the color and clarity of different bodies of water, precisely dates and describes the freezing and thawing of the pond, and recounts his experiments to measure the depth and shape of the bottom of the supposedly ""bottomless"" Walden Pond.

(Source: [Wikipedia](https://en.wikipedia.org/wiki/Walden))","Biography, Homes and haunts, American Authors, Social life and customs, Solitude, Natural history, Wilderness areas, Philosophy, English essays, Wildnerness areas, Classic Literature, Fiction, Essays, Nonfiction, Homes, Manners and customs, Authors, biography, Philosophy, modern, 19th century, Conduct of life, Massachusetts, politics and government"
Three Men in a Boat (to say nothing of the dog),Jerome Klapka Jérôme,1889,8243006.0,fiction,/works/OL1793164W,"Three feckless young men take a rowing holiday on the Thames river in 1888. 

Referenced by [Robert A. Heinlein][1] in [Have Spacesuit Will Travel][2] as Kip's father's favorite book. Inspired [To Say Nothing of the Dog][3] by [Connie Willis][4].


  [1]: https://openlibrary.org/authors/OL28641A/Robert_A._Heinlein
  [2]: https://openlibrary.org/works/OL59727W/Have_Space_Suit_Will_Travel
  [3]: https://openlibrary.org/works/OL14858398W/To_Say_Nothing_of_the_Dog_or_how_we_found_the_bishop's_bird_stump_at_last#about/about
  [4]: https://openlibrary.org/authors/OL20934A/Connie_Willis","Humorous stories, Male friendship, Description and travel, Humor (Fiction), Boats and boating, Fiction, Classic Literature, English Humorous stories, History, General, Fiction, humorous, England, fiction, Germany, fiction, British and irish fiction (fictional works by one author), Friendship, fiction, Children's fiction, Boats and boating, fiction, Dogs, fiction, Travel, Dogs"
The Adventures of Sherlock Holmes [12 stories],Arthur Conan Doyle,1892,6717853.0,fiction,/works/OL262421W,"The Adventures of Sherlock Holmes is a collection of twelve short stories by Arthur Conan Doyle, first published on 14 October 1892. It contains the earliest short stories featuring the consulting detective Sherlock Holmes, which had been published in twelve monthly issues of The Strand Magazine from July 1891 to June 1892. The stories are collected in the same sequence, which is not supported by any fictional chronology. The only characters common to all twelve are Holmes and Dr. Watson and all are related in first-person narrative from Watson's point of view.

Contains:
[Scandal in Bohemia](https://openlibrary.org/works/OL14930611W/A_Scandal_in_Bohemia)
[Red-headed League](https://openlibrary.org/works/OL14930336W/The_Red-Headed_League)
[Case of Identity](https://openlibrary.org/works/OL14929939W/A_Case_of_Identity)
[Boscombe Valley Mystery](https://openlibrary.org/works/OL18495288W/The_Boscombe_Valley_Mystery)
[Five Orange Pips](https://openlibrary.org/works/OL1518120W/Five_Orange_Pips)
[Man with the Twisted Lip](https://openlibrary.org/works/OL14930258W/The_Man_With_the_Twisted_Lip)
[Adventure of the Blue Carbuncle](https://openlibrary.org/works/OL1518317W/Adventure_of_the_Blue_Carbuncle)
[Adventure of the Speckled Band](https://openlibrary.org/works/OL262561W/Adventure_of_the_Speckled_Band)
[Adventure of the Engineer's Thumb](https://openlibrary.org/works/OL1518318W/Adventure_of_the_Engineer's_Thumb)
[Adventure of the Noble Bachelor](https://openlibrary.org/works/OL14929841W/Adventure_of_the_Noble_Bachelor)
[Adventure of the Beryl Coronet](https://openlibrary.org/works/OL14929825W/Adventure_of_the_Beryl_Coronet)
[Adventure of the Copper Beeches](https://openlibrary.org/works/OL1518116W/Adventure_of_the_Copper_Beeches)

---

Also contained in:

- [Adventures and Memoirs of Sherlock Holmes](https://openlibrary.org/works/OL1518128W)
- [Adventures of Sherlock Holmes](https://openlibrary.org/works/OL20624138W)
- [Celebrated Cases of Sherlock Holmes](https://openlibrary.org/works/OL16076930W)
- [Complete Sherlock Holmes](https://openlibrary.org/works/OL18188824W)
- [Complete Sherlock Holmes: Volume I](https://openlibrary.org/works/OL14929975W)
- [Illustrated Sherlock Holmes](https://openlibrary.org/works/OL1518342W)
- [Obras completas de Conan Doyle: II](https://openlibrary.org/works/OL20787319W)
- [Original Illustrated Sherlock Holmes](https://openlibrary.org/works/OL262528W)
- [Original Illustrated 'Strand' Sherlock Holmes](https://openlibrary.org/works/OL262529W)
- [Short Stories](https://openlibrary.org/works/OL18188661W)
- [Works](https://openlibrary.org/works/OL16173818W)
- [Works](https://openlibrary.org/works/OL14930383W)","Classic Literature, Murder, Mystery, Conclusions, amorality, Anglo-Saxons, Apaces, aristocracy, banks, barques, beryls, brain fever, bushrangers, cabinet cards, carbuncles, Christmas dinners, churches, Classic fiction, Classics, commissionaires"
Moby Dick,Herman Melville,1851,10544254.0,fiction,/works/OL102749W,"""Command the murderous chalices! Drink ye harpooners! Drink and swear, ye men that man the deathful whaleboat's bow -- Death to Moby Dick!"" So Captain Ahab binds his crew to fulfil his obsession -- the destruction of the great white whale. Under his lordly but maniacal command the Pequod's commercial mission is perverted to one of vengeance. To Ahab, the monster that destroyed his body is not a creature, but the symbol of ""some unknown but still reasoning thing."" Uncowed by natural disasters, ill omens, even death, Ahab urges his ship towards ""the undeliverable, nameless perils of the whale.""","American Sea stories, Mentally ill, Whaling, Science Fiction & Fantasy, Whales, great_books_of_the_western_world, Translations into French, Literature, Captain Ahab (Fictitious character), American Adventure stories, Sailors, Sea stories, Classic Literature, Whaling in literature, Open Library Staff Picks, open_syllabus_project, Fiction, Ship captains, Whaling ships, Chasse"
Moll Flanders,Daniel Defoe,1722,12997559.0,fiction,/works/OL45139W,"These are the true confessions of a remarkable and passionate young woman are thought to have been based on the adventures of a real prisoner in Newgate where Moll was born. ostensibly written as a warning to wrongdoers, the moral of Defoe's candid and cautionary tale is often lost in the sheer vitality of Moll - one of the supreme characters of English comic fiction.

Her fortunes and misfortunes - 'twelve years a Whore, five times a Wife (once to her own brother), twelve years a Thief, eight years a transported Felon' - plunge the reader into the exciting world of the eighteenth-century low life.","Fiction, Social life and customs, Criminals, English Picaresque literature, English Adventure stories, Women, Children of prisoners, Prostitutes, Repentance, British, Exile (Punishment), Prostitution, Fiction in Spanish, English fiction, Classic Literature, British and irish fiction (fictional works by one author), London (england), fiction, Virginia, fiction, Criminals, fiction, Fiction, action & adventure"
Mansfield Park,Jane Austen,1814,14618737.0,fiction,/works/OL66530W,"Fanny Price is born to a poor family, but is sent to her mother's rich relations to be brought up with her cousins. There she is treated as an inferior by all except her cousin Edmund, whose kindness towards her earns him her steadfast love. Fanny is quiet and obedient and does not come into her own until her elder cousins leave the estate following a scandalous play put on in their father's absence. Fanny's loyalty and love is tested by the beautiful Crawford siblings. But their essentially weak natures and morals show them for what they really are, and allow Fanny to gain the one thing she truly desires.","Love stories, English, Fiction, Romance, Historical, Regency, Social life and customs, Adoptees,  fiction, Poor families, fiction, Uncles,  fiction, Cousins, fiction, English Love stories, Criticism and interpretation, Coming of age, fiction, Country homes,  fiction, Social classes, Children of the rich,  fiction, English fiction, Young women, fiction, Classic Literature, Manners and customs, British and irish fiction (fictional works by one author), Fiction, family life, English literature"
King Solomon's Mines,H. Rider Haggard,1876,8665393.0,fiction,/works/OL17448W,"<p><i>King Solomon’s Mines</i> was published in September 1885, becoming an immediate best seller by tapping into people’s excitement for the unknown: in this case, the unexplored regions of Africa.</p>
			<p><a href=""https://standardebooks.org/ebooks/h-rider-haggard"">Haggard</a> wrote the novel in a very short period, between six and sixteen months, on a bet with his brother to try to match <a href=""https://standardebooks.org/ebooks/robert-louis-stevenson"">Robert Louis Stevenson’s</a> <a href=""https://standardebooks.org/ebooks/robert-louis-stevenson/treasure-island""><i>Treasure Island</i></a>. In the process he created a new literary genre known as the “Lost World” genre, which would later influence other writers like <a href=""https://standardebooks.org/ebooks/arthur-conan-doyle"">Arthur Conan Doyle</a> and <a href=""https://standardebooks.org/ebooks/h-p-lovecraft""><abbr>H. P.</abbr> Lovecraft</a>.</p>
			<p>The book tells the tale of Allan Quatermain, an adventurer and hunter, who is approached by Sir Henry Curtis and Captain Good to help them find Curtis’ lost brother, who went missing while trying to find the fabled King Solomon’s Mines.</p>
			<p>This book has spawned multiple adaptations in the form of movies, comics, and TV shows.</p>","Children's fiction, Mines and mineral resources, fiction, Adventure and adventurers, fiction, Large type books, Quatermain, allan (fictitious character), fiction, Fiction, action & adventure, Africa -- Fiction, Missing persons -- Fiction, Adventure stories, Treasure troves -- Fiction, Hunting guides -- Fiction, Diamond mines and mining -- Fiction, Quatermain, Allan (Fictitious character) -- Fiction, Fiction, Allan Quatermain (Fictitious character), Treasure troves, Diamond mines and mining, Hunting guides, Missing persons, Adventure and adventurers"
The Man Who Was Thursday,Gilbert Keith Chesterton,1908,8242857.0,fiction,/works/OL76487W,"Can you trust yourself when you don't know who you are? In a park in London, secret policeman Gabriel Syme strikes up a conversation with an anarchist. Sworn to do his duty, Syme uses his new acquaintance to go undercover in Europe's Central Anarchist Council and infiltrate their deadly mission, even managing to have himself voted to the position of 'Thursday'. When Syme discovers another undercover policeman on the Council, however, he starts to question his role in their operations. And as a desperate chase across Europe begins, his confusion grows, as well as his confidence in his ability to outwit his enemies. But he has still to face the greatest terror that the Council has: a man named Sunday, whose true nature is worse than Syme could ever have imagined...","Anarchists, Novela de misterio, Police, Libros en letra grande, Fiction, Novela fantástica, Ficción, Classic Literature, Alegorías, Anarquistas, Long Now Manual for Civilization, London (england), fiction, England, fiction, Fiction, mystery & detective, traditional, Fiction, mystery & detective, police procedural, Fiction, crime, London (England), Religion, English literature, Mystery and detective"
Les trois Mousquetaires,Alexandre Dumas,1844,11929973.0,fiction,/works/OL36861W,"During the reign of France's King Louis XIV, D'Artagnan and three musketeers unite to defend the honor of Anne of Austria against the plots of Cardinal Richeliu.","History, Fiction, Swordsmen, France in fiction, Vietnamese language books, Swordplay, Adventure and adventurers, Spanish language materials, Romans, nouvelles, etc. pour la jeunesse, Histoire, Combat au sabre, Historia, Adventure fiction, Spanish language, Reading materials, Fiction, historical, France, fiction, Continental european fiction (fictional works by one author), Three musketeers (fictitious characters), fiction, Fiction, action & adventure"
The Mysterious Affair at Styles,Agatha Christie,1920,13699667.0,fiction,/works/OL472715W,"Set in the summer of 1917 in an Essex country estate, the story follows the war-wounded Captain Arthur Hastings to the Styles St. Mary manor of his friend John Cavendish. The Cavendish household is wrought with tension due to the marriage of John's widowed old aunt Emily, she of a sizeable fortune, to a suspicious younger man, Alfred Inglethorp, twenty years her junior. Emily's two stepsons, John and Lawrence Cavendish, as well as John's wife Mary and several other people, also live at Styles. Late one night, the residents of Styles wake to find Emily Inglethorp dying. When Emily's sudden heart attack is found to be attributable to strychnine, Hastings, who had runs into his old friend, the Belgian Hercule Poirot, he recruits him to aid in the local investigation. With impeccable timing, Hercule Poirot, the insightful retired detective, makes his dramatic entrance to solve a most baffling case.

Who poisoned the wealthy Emily Inglethorpe, and how did the murderer penetrate and escape from her locked bedroom? Suspects abound in the quaint village of Styles St. Mary--from the heiress's fawning new husband to her two stepsons, her volatile housekeeper, and a pretty nurse who works in a hospital dispensary. On the day she was killed, Emily Inglethorp was overheard arguing with someone, most likely her husband, Alfred, or her stepson, John. Afterwards, she seemed quite distressed and, apparently, made a new will--which no one can find. Nobody can explain how or when the strychnine was administered to Mrs. Inglethorp. High on Poirot's list of suspects are: John Cavendish, the elder stepson; Mary Cavendish, his wife; Lawrence Cavendish, the younger stepson; Evelyn Howard, Mrs. Inglethorpe's companion; Cynthia Murdoch, her protegee; and Dr. Bauerstein, a mysterious stranger who lives in Essex. All have motive and opportunity but only Poirot can discover the truth.","Fiction, Mystery, Crime Fiction, Mystery Thriller, Thriller, Adult, Classic Literature, British Literature, Hercule Poirot (Fictitious Character), Tommy Beresford (Fictitious Character), Tuppence Beresford (Fictitious Character), Captain Arthur Hastings (Fictitious Character), Private investigators, English Detectives, Murder, Investigation, Open Library Staff Picks, Books on CD, Private investigators, fiction, Fiction, mystery & detective, traditional"
Ἰλιάς,Ὅμηρος,1505,7083790.0,fiction,/works/OL61981W,"This long-awaited new edition of Lattimore's Iliad is designed to bring the book into the twenty-first century—while leaving the poem as firmly rooted in ancient Greece as ever. Lattimore's elegant, fluent verses—with their memorably phrased heroic epithets and remarkable fidelity to the Greek—remain unchanged, but classicist Richard Martin has added a wealth of supplementary materials designed to aid new generations of readers. A new introduction sets the poem in the wider context of Greek life, warfare, society, and poetry, while line-by-line notes at the back of the volume offer explanations of unfamiliar terms, information about the Greek gods and heroes, and literary appreciation. A glossary and maps round out the book.



The result is a volume that actively invites readers into Homer's poem, helping them to understand fully the worlds in which he and his heroes lived—and thus enabling them to marvel, as so many have for centuries, at Hektor and Ajax, Paris and Helen, and the devastating rage of Achilleus.","Odysseus (Greek mythology), Greeks, Poetry, Classical literature, Poesía, Open Library Staff Picks, Greek Epic poetry, Hector (Legendary character), Textual Criticism, Achilles (Greek mythology), Greek Mythology, Criticism and interpretation, Medieval and modern Latin literature, Trojan War, Aquiles (Mitología griega), Helen of Troy (Greek mythology), LITERARY COLLECTIONS / Ancient, Classical & Medieval, Guerra de Troya, Homer, Greek Gods"
Candide,Voltaire,1746,12736044.0,fiction,/works/OL100672W,"Brought up in the household of a powerful Baron, Candide is an open-minded young man, whose tutor, Pangloss, has instilled in him the belief that 'all is for the best'. But when his love for the Baron's rosy-cheeked daughter is discovered, Candide is cast out to make his own way in the world. 

And so he and his various companions begin a breathless tour of Europe, South America and Asia, as an outrageous series of disasters befall them - earthquakes, syphilis, a brush with the Inquisition, murder - sorely testing the young hero's optimism.","Conduct of life, Readers, Literatura francesa, Satire, Fiction, Civilization, Moral conditions, Enlightenment, Politics and government, Life, French language, Philosophy, French fiction, Ethics, Classic Literature, Imaginary letters, Personal conduct, Open Library Staff Picks, Translations into Chinese, open_syllabus_project"
Ὀδύσσεια,Ὅμηρος,1488,9045853.0,fiction,/works/OL61982W,"The Odyssey (/ˈɒdəsi/; Greek: Ὀδύσσεια, Odýsseia) is one of two major ancient Greek epic poems attributed to Homer. It is, in part, a sequel to the Iliad, the other work ascribed to Homer. The poem is fundamental to the modern Western canon, and is the second oldest extant work of Western literature, the Iliad being the oldest. Scholars believe it was composed near the end of the 8th century BC, somewhere in Ionia, the Greek coastal region of Anatolia. - [Wikipedia][1]

  [1]: https://en.wikipedia.org/wiki/Odyssey","great_books_of_the_western_world, Poetry, Fiction, Classical literature, Open Library Staff Picks, Juvenile literature, Horses, Mythology, Greek, in literature, Diseases, Greek Mythology, great_books, Literatura grega clássica, Classic Literature, Homer, Greek Epic poetry, Hymns, Greek (Classical), Greek poetry, Epic poetry, Greek Epic poety, Odysseus (Greekmythology)"
Coriolanus,William Shakespeare,1734,8222112.0,fiction,/works/OL362166W,"A proud Roman general conquers the Volscians, leads them against Rome in revenge for his banishment, and is killed by the Volscian general when Coriolanus is persuaded to spare the city.","Drama, Generals, History, Juvenile drama, English drama, Heroes, In literature, Plays, Generals in literature, Children's plays, English, Fiction, British and irish drama (dramatic works by one author), Shakespeare, william, 1564-1616, coriolanus, English literature, Drama, collections, Literature, Coriolanus (Shakespeare, William), Romanesque Architecture, Church architecture, Translations into Hebrew"
Hard Times,Charles Dickens,1854,8236916.0,fiction,/works/OL8193387W,"Dickens scathing portrait of Victorian industrial society and its misapplied utilitarian philosophy, Hard Times features schoolmaster Thomas Gradgrind, one of his most richly dimensional, memorable characters. Filled with the details and wonders of small-town life, it is also a daring novel of ideas and ultimately, a celebration of love, hope, and limitless possibilities of the imagination.","Fiction, Social problems, Utilitarianism, Education, Social life and customs, Social conditions, Married people, Industrial revolution, Problèmes sociaux, Conditions sociales, Romans, nouvelles, Mœurs et coutumes, Criticism and interpretation, Hard times (Dickens, Charles), Manners and customs, Aufsatzsammlung, Hard times (Dickens), British and irish fiction (fictional works by one author), Fiction, political, Fiction, family life"
The Legend of Sleepy Hollow,Washington Irving,1820,8243083.0,fiction,/works/OL63985W,"A superstitious schoolmaster, in love with a wealthy farmer's daughter, has a terrifying encounter with a headless horseman.","Fiction, Ghosts, History, Children's stories, American, Short stories, Christmas, American Ghost stories, Ghost stories, Ichabod Crane (Fictitious character), Folklore, Shorthand, Graham, Texts, Children: Grades 4-6, Children's fiction, New york (state), fiction, Literature and fiction, juvenile, Ghosts, fiction, American fiction (fictional works by one author), Fiction, fantasy, general"
Northanger Abbey,Jane Austen,1818,12567961.0,fiction,/works/OL66534W,"Northanger Abbey is both a perfectly aimed literary parody and a withering satire of the commercial aspects of marriage among the English gentry at the turn of the nineteenth century. But most of all, it is the story of the initiation into life of its naïve but sweetly appealing heroine, Catherine Morland, a willing victim of the contemporary craze for Gothic literature who is determined to see herself as the heroine of a dark and thrilling romance.

When Catherine is invited to Northanger Abbey, the grand though forbidding ancestral seat of her suitor, Henry Tilney, she finds herself embroiled in a real drama of misapprehension, mistreatment, and mortification, until common sense and humor—and a crucial clarification of Catherine’s financial status—puts all to right. Written in 1798 but not published until after Austen’s death in 1817, Northanger Abbey is characteristically clearheaded and strong, and infinitely subtle in its comedy.","Mate selection, Cousins, Fiction, Young women, Horror tales, Families, Uncles, Appreciation, Children of the rich, English Love stories, Sisters, Courtship, Books and reading, Open Library Staff Picks, Country homes, Rejection (Psychology), Fathers and daughters, Female friendship, Manners and customs, Social classes"
The Moonstone,Wilkie Collins,1800,8237041.0,fiction,/works/OL176092W,"One of the first English detective novels, this mystery involves the disappearance of a valuable diamond, originally stolen from a Hindu idol, given to a young woman on her eighteenth birthday, and then stolen again. A classic of 19th-century literature.","Fiction, Jewelry theft, East Indians, Police, Drama, History, Detective and mystery stories, Readers, English fiction, Country homes, Diamonds, Young women, Upper class, Classic Literature, Mystery fiction, Social life and customs, Manners and customs, British and irish fiction (fictional works by one author), England, fiction, Verinder, rachel (fictitious character), fiction"
Ethan Frome,Edith Wharton,1910,8303480.0,fiction,/works/OL98501W,"*Edith Wharton wrote Ethan Frome as a frame story — meaning that the prologue and epilogue constitute a ""frame"" around the main story*

**How It All Goes Down**
It's winter. A nameless engineer is in Starkfield, Massachusetts on business and he first sees Ethan Frome at the post office. Ethan is a man in his early fifties who is obviously strong, and obviously crippled. The man becomes fascinated with Ethan and wants to know his story. When Ethan begins giving him occasional rides to the train station, the two men strike up a friendship. One night when the weather is particularly bad, Ethan invites the man to stay at his house. In the hall the man hears a woman talking angrily, on and on. When Ethan speaks, the voice stops. The man tells us that he learned something that night which allowed him to imagine Ethan's story. Now we go back in time 24 years and learn about Ethan's life.

Ethan has walked from his farm and sawmill into town to pick up Mattie Silver from the church dance. He peeks in the windows of the church basement and sees Mattie dancing with Denis Eady and is jealous. Mattie is Ethan's wife's cousin. Her parents both died just over a year ago, and she was left with nothing. Her father had apparently swindled some of the relatives out of their savings, so nobody wanted to help Mattie. Zeena, Ethan's wife, is always sick, and decided to let Mattie live with them in exchange for doing the housework and helping the ailing Zeena.

Ethan liked Mattie from the beginning and worried that Zeena was too hard on her. The two women soon adjusted to each other (sort of) and things weren't as bad as they could have been. Meanwhile, Ethan has fallen in love with Mattie and wants to spend all his time with her.

Mattie soon comes out of the dance, and Ethan watches while Denis Eady tries to give her a ride home. She brushes him off and then Ethan reveals his presence. Ethan and Mattie are happy to see each other. They discuss possibly doing some sledding in the future. Neither is afraid to sled down the hill – at the bottom of which lies the deadly elm tree. The walk home is altogether lovely and romantic, but when they arrive, the house key isn't under the mat like it usually is.

Soon, Zeena, looking ill and scary, comes downstairs and lets them in. She's usually in bed by this hour but she couldn't sleep. She is obviously suspicious of their behavior. The next day she announces that she will be gone overnight visiting a new doctor. Mattie and Ethan make good use of her absence and enjoy a romantic dinner for two. Unfortunately, the cat breaks Zeena's favorite dish and Ethan isn't able to locate any glue until after Zeena gets back. The first thing Zeena does when she gets home is to tell Ethan that she's kicking out Mattie. He protests, but fighting is useless. Then Zeena finds the broken pickle dish and is super upset (it had been a wedding gift).

Ethan decides he'll run away with Mattie, but then a combination of lack of cash and guilt stop him. Still, he insists on driving Mattie to the train station. He takes her on the long route, so they can look at different places they enjoyed together. By the time they get to the town sledding hill, it's already dark. As they are contemplating sledding, and pondering the hopelessness of their situation, Mattie suggests that they sled into the elm tree and kill themselves. Ethan agrees and they smash into the tree. But they survive.

Then the story goes back to the present and we find the engineer right where we left him, about to enter the Frome kitchen. When he does enter he learns that the woman who was talking on and on in an argumentative tone is…Mattie! She has spinal disease and can't move without assistance. Zeena is there too, cooking. They all three live together, an unhappy family in the Frome house.


----------
Also contained in: 

 - [Age of Innocence / The House of Mirth / Ethan Frome](https://openlibrary.org/works/OL20577050W)
 - [Edith Wharton Reader](https://openlibrary.org/works/OL98540W/The_Edith_Wharton_reader)
 - [Ethan Frome and Other Stories](https://openlibrary.org/works/OL15000117W/Ethan_Frome_and_other_stories)
 - [Ethan Frome and Related Readings][1]
 - [Ethan Frome and Selected Stories](https://openlibrary.org/works/OL15000119W/Ethan_Frome_and_Selected_Stories)
 - [Edith Wharton Omnibus](https://openlibrary.org/works/OL98499W/The_Edith_Wharton_Omnibus)
 - [Ethan Frome with Connections](https://openlibrary.org/works/OL15000126W/Ethan_Frome_with_Connections)
 - [The Hermit and the Wild Woman and other stories / Ethan Frome](https://openlibrary.org/works/OL13131348W/Ethan_Frome_The_Hermit_and_the_Wild_Woman_and_other_stories)
 - [Novellas and Other Writings](https://openlibrary.org/works/OL15000211W/Novellas_and_other_writings)
 - [Three Classics by American Women][2]
 - [Three Novels](https://openlibrary.org/works/OL15000264W/Three_Novels)
 - [Works of Edith Wharton](https://openlibrary.org/works/OL98524W/Works_of_Edith_Wharton)

  [1]: https://openlibrary.org/works/OL16061406W/Ethan_Frome_and_Related_Readings
  [2]: https://openlibrary.org/works/OL15514881W/Three_Classics_by_American_Women_(The_Awakening_Ethan_Frome_O_Pioneers!","Accident victims, American fiction (fictional works by one author), American literature, Children's fiction, Classic Literature, domestic fiction, English fiction, Family life, Farm life, Fiction, Guardian and ward, Interpersonal relations, Love, Manners and customs, Marriage, Married people, poor, Poverty, Readers, Romance"
Dubliners,James Joyce,1914,8216412.0,fiction,/works/OL86320W,"James Joyce's disillusion with the publication of Dubliners in 1914 was the result of ten years battling with publishers, resisting their demands to remove swear words, real place names and much else, including two entire stories. Although only 24 when he signed his first publishing contract for the book, Joyce already knew its worth: to alter it in any way would 'retard the course of civilisation in Ireland'. Joyce's aim was to tell the truth -- to create a work of art that would reflect life in Ireland at the turn of the last century. By rejecting euphemism, he would reveal to the Irish the unromantic reality, the recognition of which would lead to the spiritual liberation of the country. Each of the fifteen stories offers a glimpse of the lives of ordinary Dubliners -- a death, an encounter, an opportunity not taken, a memory rekindled -- and collectively they paint a portrait of a nation. - Back cover.

Dubliners is a collection of vignettes of Dublin life at the end of the 19th Century written, by Joyce’s own admission, in a manner that captures some of the unhappiest moments of life. Some of the dominant themes include lost innocence, missed opportunities and an inability to escape one’s circumstances.

Joyce’s intention in writing Dubliners, in his own words, was to write a chapter of the moral history of his country, and he chose Dublin for the scene because that city seemed to him to be the centre of paralysis. He tried to present the stories under four different aspects: childhood, adolescence, maturity and public life.\
‘The Sisters’, ‘An Encounter’ and ‘Araby’ are stories from childhood. ‘Eveline’, ‘After the Race’, ‘Two Gallants’ and ‘The Boarding House’ are stories from adolescence. ‘A Little Cloud’, ‘Counterparts’, ‘Clay’ and ‘A Painful Case’ are all stories concerned with mature life. Stories from public life are ‘Ivy Day in the Committee Room’ and ‘A Mother and Grace’. ‘The Dead’ is the last story in the collection and probably Joyce’s greatest. It stands alone and, as the title would indicate, is concerned with death.

---

Contains

[Sisters](https://openlibrary.org/works/OL15073389W/The_Sisters)\
[Encounter](https://openlibrary.org/works/OL15073256W)\
[Araby](https://openlibrary.org/works/OL20570121W)\
[Eveline](https://openlibrary.org/works/OL15073302W)\
[After the Race](https://openlibrary.org/works/OL18179262W)\
[Two Gallants](https://openlibrary.org/works/OL20570300W)\
[Boarding House](https://openlibrary.org/works/OL15073259W/The_Boarding_House)\
[Little Cloud](https://openlibrary.org/works/OL18179222W)\
[Counterparts](https://openlibrary.org/works/OL20570464W)\
[Clay](https://openlibrary.org/works/OL18179205W)\
[A Painful Case](https://openlibrary.org/works/OL5213767W)\
[Ivy Day In the Committee Room](https://openlibrary.org/works/OL20571820W)\
[Mother](https://openlibrary.org/works/OL18179244W)\
[Grace](https://openlibrary.org/works/OL15073323W)\
[Dead](https://openlibrary.org/works/OL15073437W/The_Dead)

---

Also contained in:

- [Dubliners / Portrait of the Artist as a Young Man](https://openlibrary.org/works/OL15073371W/Dubliners_Portrait_of_the_Artist_as_a_Young_Man)
- [Essential James Joyce](https://openlibrary.org/works/OL86338W/The_Essential_James_Joyce)
- [Portable James Joyce](https://openlibrary.org/works/OL86334W/The_Portable_James_Joyce)","Daily Express, West Briton, Three Graces, The Lass of Aughrim, alcoholism, confessionals, Jesuits, fiction, concerts, piano, Irish nationalism, Conservative Party, Roman Catholic Church, Pottery, Art pottery, Modern Art, Halloween, The Bohemian Girl, Mothers and daughters, Fathers and daughters"
Troilus and Cressida,William Shakespeare,1609,8789523.0,fiction,/works/OL362685W,"With new editors who have incorporated the most up-to-date scholarship, this revised Pelican Shakespeare series will be the premiere choice for students, professors, and general readers well into the twenty-first century.Each volume features:* Authoritative, reliable texts* High quality introductions and notes* New, more readable trade trim size* An essay on the theatrical world of Shakespeare and essays on Shakespeare's life and the selection of texts","Drama, Troilus (Legendary character), Cressida (Fictitious character), Trojan War, Fiction, English drama, History and criticism, Trojan War. fast (OCoLC)fst01157294, Concordances, Troilus (Greek mythology) in literature, Korean, Dictionaries, English language, Stage history, Pictorial works, British and irish drama (dramatic works by one author), Shakespeare, william, 1564-1616, troilus and cressida, Troilus (legendary character), drama, English literature, Shakespeare, william, 1564-1616, study and teaching"
Captains Courageous,Rudyard Kipling,1896,12819857.0,fiction,/works/OL19842W,"Captains Courageous tells of the adventures of fifteen-year-old Harvey Cheyne Jr., the spoiled son of a railroad tycoon, after he is saved from drowning by a Portuguese fisherman in the North Atlantic. He must work as a ship's boy for a fishing season after being washed overboard from an ocean liner.","Teenage boys, Fishers, Fiction, Interpersonal relations, Reading, Literature, Fisher (Mammal), Self-perception, Children of the rich, Open Library Staff Picks, Classic Literature, Reading (Secondary), Sea stories, Seafaring life, Reading interests, Rescues, Remedial teaching, Juvenile fiction, Fishing boats, Coming of age"
The Railway Children,Edith Nesbit,1900,13241123.0,fiction,/works/OL99509W,"When Father mysteriously goes away, the children and their mother leave their happy life in London to go and live in a small cottage in the country. 'The Three Chimneys' lies beside a railway track - a constant source of enjoyment to all three. They make friends with the Station Master and Perks the Porter, as well as the jovial 'Old Gentleman' who waves to them everyday from the train. But the mystery remains: where is Father, and will he ever return?","Brothers and sisters, Children's stories, Classic Literature, Country life, Family, Family life, Fiction, History, Juvenile Literature, Juvenile fiction, Railroads, Trains, Families, Children of prisoners, Fatherless families, Children's fiction, Brothers and sisters, fiction, Country life, fiction, England, fiction, Family life, fiction"
Romeo and Juliet,William Shakespeare,1597,8257991.0,fiction,/works/OL362427W,"Romeo and Juliet is a tragedy written by William Shakespeare early in his career about two young Italian star-crossed lovers whose deaths ultimately reconcile their feuding families. It was among Shakespeare's most popular plays during his lifetime and, along with Hamlet, is one of his most frequently performed plays. Today, the title characters are regarded as archetypal young lovers.","Classical Literature, British and irish drama (dramatic works by one author), Conflicto entre generaciones, Conflict of generations, courtship, Drama, Drama inglés, Dramatic production, Enemistad mortal, English drama (collections), early modern and elizabethan, 1500-1600, English literature, English literature, study and teaching, English Love stories, English Young adult drama, Families, Fiction, Juventud, Language and linguistics, Literature, Love-Romance-Fiction"
The Sign of Four,Arthur Conan Doyle,1889,9247987.0,fiction,/works/OL262438W,"The Sign of the Four (1890), also called The Sign of Four, is the second novel featuring Sherlock Holmes written by Sir Arthur Conan Doyle.


----------
Also contained in:
[Adventures of Sherlock Holmes](https://openlibrary.org/works/OL20624138W)
[Adventures of Sherlock Holmes](https://openlibrary.org/works/OL18191906W)
[Annotated Sherlock Holmes. 1/2](https://openlibrary.org/works/OL1518438W)
[Best of Sherlock Holmes](https://openlibrary.org/works/OL18195589W)
[Boys' Sherlock Holmes](https://openlibrary.org/works/OL8696809W)
[Celebrated Cases of Sherlock Holmes](https://openlibrary.org/works/OL16076930W)
[Complete Sherlock Holmes](https://openlibrary.org/works/OL18188824W)
[Complete Sherlock Holmes](https://openlibrary.org/works/OL14929975W)
[Illustrated Sherlock Holmes](https://openlibrary.org/works/OL1518342W)
[Original Illustrated Strand Sherlock Holmes](https://openlibrary.org/works/OL262529W)
[Sherlock Holmes: His Most Famous Mysteries](https://openlibrary.org/works/OL14930414W)
[Sherlock Holmes: The Novels](https://openlibrary.org/works/OL16018654W)
[The Sign of the Four, A Scandal in Bohemia and Other Stories](https://openlibrary.org/works/OL20630338W)
[Sign of the Four and Other Stories](https://openlibrary.org/works/OL20628655W)
[Tales of Sherlock Holmes](https://openlibrary.org/works/OL1518350W)
[Tales of Sherlock Holmes](https://openlibrary.org/works/OL1518418W)
[Works](https://openlibrary.org/works/OL16173818W)","Crime & Mystery, classic fiction, Andamanese, arrow poisons, bloguns, convicts, crime & mystery fiction, crocodiles, Detective and mystery fiction, Fiction, Fiction Classics, Indian Rebellion of 1857, launches, Literary Fiction, Mystery & Suspense, Mystery fiction, novel, private investigators, substance abuse, tea plantations"
"Henry IV, Part 1",William Shakespeare,1598,116833.0,fiction,/works/OL1348798W,"Presents the original text of Shakespeare's play side by side with a modern version, discusses the author and the theater of his time, and provides quizzes and other study activities.","Drama, History, In literature, Henry IV, King of England, 1367-1413, Fiction, Kings and rulers, English drama, Juvenile drama, Sir Falstaff, John (Fictitious character), British and irish drama (dramatic works by one author), Shakespeare, william, 1564-1616, king henry iv, Henry iv, king of england, 1367-1413, drama, English literature, Sources, Shakespeare, William. Henry IV. Part 1., Great Britain - History - 1066-1485 - Drama, Shakespeare, William - Drama, Historical drama, Henry IV, King of England - Drama, Bibliography"
Metamorphosis,Franz Kafka,1915,12820198.0,fiction,/works/OL498556W,"Metamorphosis (German: Die Verwandlung) is a novella written by Franz Kafka which was first published in 1915. One of Kafka's best-known works, Metamorphosis tells the story of salesman Gregor Samsa, who wakes one morning to find himself inexplicably transformed into a huge insect (German: ungeheueres Ungeziefer, lit. ""monstrous vermin"") and subsequently struggles to adjust to this new condition. The novella has been widely discussed among literary critics, with differing interpretations being offered. In popular culture and adaptations of the novella, the insect is commonly depicted as a cockroach.

With a length of about 70 printed pages over three chapters, it is the longest of the stories Kafka considered complete and published during his lifetime. The text was first published in 1915 in the October issue of the journal Die weißen Blätter under the editorship of René Schickele. The first edition in book form appeared in December 1915 in the series Der jüngste Tag, edited by Kurt Wolff.","Fantasy fiction, Children's fiction, Lectures et morceaux choisis, Fantastique, Nouvelles, Métamorphose, Romans, Famille, Metamorphosis, Die Verwandlung, an interpretation, Kikuyu (African people), Native races, Afforestation, Indigenous peoples, Readers, Textbooks for foreign speakers, Fiction, German fiction, Texts"
Five Children and It,Edith Nesbit,1905,28174.0,fiction,/works/OL99499W,"Haven't you ever thought what you would wish for if you were granted three wishes? In Nesbit's delightful classic, five siblings find a creature that grants their wishes, but as the old saying goes: be careful what you wish for, it might come true...","Fiction, Fairies, Wishes, Brothers and sisters, History, Juvenile fiction, Fantasy, Fairy tales, Stories, England, Fantasy fiction, Children's stories, English, Amulets, Children's fiction, Fairies, fiction, Brothers and sisters, fiction, England, fiction, Children, fiction, Readers, Readers (Adult)"
Antony and Cleopatra,William Shakespeare,1734,8222096.0,fiction,/works/OL362695W,"A magnificent drama of love and war, this riveting tragedy presents one of Shakespeare's greatest female characters--the seductive, cunning Egyptian queen Cleopatra.  The Roman leader Mark Antony, a virtual prisoner of his passion for her, is a man torn between pleasure and virtue, between sensual indolence and duty . . . between an empire and love.  Bold, rich, and splendid in its setting and emotions, Antony And Cleopatra ranks among Shakespeare's supreme achievements.From the Paperback edition.and the narrator vinay has explained what the intension in the relationship between antony and cleopatra","Antonius, Marcus,, Antonius, Marcus, 83?-30 B.C., Bibliography, Drama, Dramatic production, English Young adult drama, Fiction, Film adaptations, Film and video adaptations, Folios. 1623, Generales, Generals, Historia, History, In literature, Language, Plays, Problems, exercises, Queens, Reinas"
Kim,Rudyard Kipling,1901,1053011.0,fiction,/works/OL19908W,"Kim is Rudyard Kipling's story of an orphan born in colonial India and torn between love for his native India and the demands of Imperial loyalty to his Irish-English heritage and to the British Secret Service. Long recognized as Kipling's finest work, Kim was a key factor in his winning the Nobel Prize for Literature in 1907.","Fiction, Irish, Lamas, Irish in fiction, Orphans, Boys in fiction, Boys, Lamas in fiction, Orphans in fiction, India in fiction, East and West, East and West in fiction, Juvenile fiction, Classic Literature, Juvenile fiction', Conduct of life, Adventure and adventurers, British, Youth, Voyages and travels"
The Thirty-Nine Steps,John Buchan,1915,93020.0,fiction,/works/OL76524W,"Richard Hannay has just returned to England after years in South Africa and is thoroughly bored with his life in London.  But then a murder is committed in his flat, just days after a chance encounter with an American who had told him about an assassination plot which could have dire international consequences.  An obvious suspect for the police and an easy target for the killers, Hannay goes on the run in his native Scotland where he will need all his courage and ingenuity to stay one step ahead of his pursuers.","Hannay, richard (fictitious character), fiction, Great britain, fiction, Fiction, espionage, English language, Fiction, Fugitives from justice, Intelligence service, Missing persons, Richard Hannay (Fictitious character), Secret societies, Suspense fiction, Textbooks for foreign speakers, World War, 1914-1918, World War (1914-1918) fast (OCoLC)fst01180746, Spy stories, Fiction, suspense, Large type books, Fiction, thrillers, espionage, Scotland, fiction, World war, 1914-1918, fiction"
The Adventures of Tom Sawyer,Mark Twain,1817,12043351.0,fiction,/works/OL53919W,"Mark Twain created the memorable characters Tom Sawyer and Huckleberry Finn drawing from the experiences of boys he grew up with in Missouri. Set by the Mississippi River in the 1840's, it follows these boys as they get into predicament after predicament. Tom's classic whitewashing of the fence has become part of American legend, and the book paints a nostalgic picture of life in the middle of the nineteenth century. Tom runs away from home to an island in the river, chases Injun Joe and his treasure, and even gets trapped in a cave for days with Becky Thatcher. The book is one of Twain's most beloved stories.","The Adventures of Tom Sawyer, Mark Twain, 1835-1910, 19th Century, Historical, Fiction, Classic, American, Novel, Children, Children's, Kid's, Juvenile, Young Adult, ADULT, 1967 Lewis Carroll Shelf Award, Literature, Hardcover, Paperback, Kindle"
The Last of the Mohicans,James Fenimore Cooper,1826,8236937.0,fiction,/works/OL77958W,"The classic tale of Hawkeye—Natty Bumppo—the frontier scout who turned his back on ""civilization,"" and his friendship with a Mohican warrior as they escort two sisters through the dangerous wilderness of Indian country in frontier America.","Adventure stories, Ficción, Fiction, Frontier and pioneer life, Historia, Historical fiction, History, Indians of North America, Indios de América del Norte, Mohegan Indians, Natty Bumppo (Fictitious character), Novela histórica, Relatos de aventura, United States French and Indian War, 1755-1763, open_syllabus_project, Adventure fiction, French and Indian War (United States : 1754-1763) fast (OCoLC)fst01800886, Roman, Mohegan (Indiens), French and Indian War, 1755-1763"
The Innocence of Father Brown (Father Brown Mystery),Gilbert Keith Chesterton,1583,94081.0,fiction,/works/OL76341W,"É na saga do Padre Brown que Chesterton atinge o cume da beleza artística como se verá por este A Inocência do Padre Brown reunião de doze contos admiráveis e impecáveis, entre os quais, todavia, ouso destacar muito especialmente A Cruz Azul e O Martelo de Deus , é na saga do Padre Brown que Chesterton atinge o cume da beleza artística.

Tudo aqui concorre para tal: um uso brilhante das aliterações e do ritmo permitidos pela língua inglesa; uma riqueza vocabular que vai de par com uma grande profundidade, digamos, retórica (em o Martelo de Deus, por exemplo, diz o Padre Brown: A humildade é a mãe dos gigantes); um humor (finíssimo) e um drama cuja mescla tem parentesco, por um lado, com o Cervantes de D. Quixote e, por outro, com o Dickens de tantas obras; metáforas usadas na medida certa e no momento certo; tudo sempre contra um pano de fundo cristão ao mesmo tempo leve e grave, como convinha com a ideia que Chesterton queria simbolizar por esta saga.

O que o leitor tem agora nas mãos A Inocência do Padre Brown, primeiro livro da saga é um tesouro. É obra de arte pura e simplesmente perfeita, e contribui grandemente para sua formação global.","Fiction, mystery & detective, collections & anthologies, England, fiction, Brown, father (fictitious character), fiction, Fiction, mystery & detective, traditional, Catholic church, clergy, fiction, Fiction, Father Brown (Fictitious character), English Detective and mystery stories, England in fiction, Clergy, Catholic Church, Catholics, Catholics in fiction, Clergy in fiction, Priests in fiction, Priests, Catholic Church in fiction, Translations into Polish, English Short stories, Dutch Detective and mystery stories"
David Copperfield,Charles Dickens,1800,1048892.0,fiction,/works/OL8662242W,"It adds to the charm of this book to remember that it is virtually a picture of the author's own boyhood. It is an excellent picture of the life of a struggling English youth in the middle of the last century. The pictures of Canterbury and London are true pictures and through these pages walk one of Dickens' wonderful processions of characters, quaint and humorous, villainous and tragic. Nobody cares for Dickens heroines, least of all for Dora, but take it all in al, l this book is enjoyed by young people more than any other of the great novelist. After having read this you will wish to read Nicholas Nickleby for its mingling of pathos and humor, Martin Chuzzlewit for its pictures of American life as seen through English eyes, and Pickwick Papers for its crude but boisterous humor.","British and irish drama (dramatic works by one author), Children's fiction, Orphans, fiction, England, fiction, Boys, fiction, Stepparents, fiction, Readers, British and irish fiction (fictional works by one author), Fiction, coming of age, Fiction, Social life and customs, General, Young men, Manners and customs, Fiction, romance, general, Fiction, psychological, Fiction, general, English literature, Littérature anglaise, Coming of age"
Cymbeline,William Shakespeare,1734,8997203.0,fiction,/works/OL258656W,"Cymbeline, King of Britain is one of the best-known works of William Shakespeare. It is a romantic play interwoven with war and tragedy. It revolves around Cymbeline and his daughter, Imogen. Imogen does not abide by her father's wishes and marries a lowborn gentleman, Posthumous. After their marriage, Posthumous is banished from Britain, and Imogen is held as a prisoner in the palace. As the play unfolds, the evil plots of the queen, Imogen's stepmother, the jealousy of Posthumous, and the loyalty of Imogen come to light.","Drama, Fathers and daughters, Kings and rulers, Britons, Married people, History, Bibliography, Folios. 1623, Language, Tragicomedy, Fiction, Classic Literature, English drama, History and criticism, Concordances, Shakespeare, William, 1564-1616, British and irish drama (dramatic works by one author), English literature, Kings and ruler, Shakespeare, william, 1564-1616, cymbeline"
King Richard II,William Shakespeare,1597,9069548.0,fiction,/works/OL362665W,"""Richard is King. A monarch ordained by God to lead his people. But he is also a man of very human weakness. A man whose vanity threatens to divide the great houses of England and drag his people into a dynastic civil war that will last 100 years""--Container.","Drama, History, Quartos, Bibliography, Problems, exercises, English Young adult drama, English drama, English literature, Plays, Kings and rulers in literature, Fiction, Theatre, 1367-1400, Théâtre, King of England,, Richard, II,, Kings and rulers, Film adaptations, King Richard II (Shakespeare, William)"
Записки изъ подполья,Fiódor Dostoievski,1864,10445973.0,fiction,/works/OL21025633W,"Its nameless hero is a profoundly alienated individual in whose brooding self-analysis there is a search for the true and the good in a world of relative values and few absolutes. Moreover, the novel introduces themes — moral, religious, political and social — that dominated Dostoyevsky's later works.","Fiction, History, General, Officials and employees, Employees, Fiction, historical, Russia (federation), fiction, Fiction, historical, general, Fiction, political, Slavic philology, Fiction, general, Fiction, psychological, Continental european fiction (fictional works by one author), Translations into English, Ficción, Social life and customs, Historia, Russian fiction, Funcionarios y empleados, Classic Literature"
My Ántonia,Willa Cather,1818,8369013.0,fiction,/works/OL12791W,"My Antonia, first published 1918, is one of Willa Cather's greatest works. It is the last novel in the Prairie trilogy, preceded by O Pioneers! and The Song of the Lark.My Antonia tells the stories of several immigrant families who move out to rural Nebraska to start new lives in America, with a particular focus on a Bohemian family, the Shimerdas, whose eldest daughter is named Antonia. The book's narrator, Jim Burden, arrives in the fictional town of Black Hawk, Nebraska, on the same train as the Shimerdas, as he goes to live with his grandparents after his parents have died. Jim develops strong feelings for Antonia, something between a crush and a filial bond, and the reader views Antonia's life, including its attendant struggles and triumphs, through that lens.","Literature, Frontier and pioneer life, Czech Americans, Married women, Friendship, Women immigrants, Fiction, Farmers' spouses, Women pioneers, Classic Literature, Farm life, Love stories, My Ántonia (Cather, Willa), Farmers' spouse, Romans, Vie des pionniers, Women, American fiction (fictional works by one author), Nebraska, fiction, Married people, fiction"
The Old Curiosity Shop,Charles Dickens,1800,13119794.0,fiction,/works/OL14869167W,"The sensational bestselling story of Little Nell, the beautiful child thrown into a shadowy, terrifying world, seems to belong less to the history of the Victorian novel than to folklore, fairy tale, or myth. The sorrows of Nell and her grandfather are offset by Dickens's creation of a dazzling contemporary world inhabited by some of his most brilliantly drawn characters—the eloquent ne'er-do-well Dick Swiveller; the hungry maid known as the ""Marchioness""; the mannish lawyer Sally Brass; Quilp's brow-beaten mother-in-law; and Quilp himself, the lustful, vengeful dwarf, whose demonic energy makes a vivid counterpoint to Nell's purity.","Fiction, Girls, Gamblers, Grandfathers, Antique dealers, Grandparent and child, Loss (Psychology), Gambling, Social life and customs, Translations into Russian, Classic Literature, Literature, General, British and irish fiction (fictional works by one author), Fiction, historical, England, fiction, Antique dealers, fiction, Grandparents, fiction, History, Manners and customs"
Anne's House of Dreams,Lucy Maud Montgomery,1917,14640440.0,fiction,/works/OL77764W,Anne and her new husband Gilbert move into their first home and start a family.,"Country life, Marriage, Juvenile fiction, Friendship, History, Fiction, Fiction, general, Er tong wen xue, Zhang pian xiao shuo, Dreams, fiction, Children's fiction, Neighbors, Young women, Married people, Families, Jeunes femmes, Romans, nouvelles, etc. pour la jeunesse, Couples mariés, Familles, Amitié"
All's Well That Ends Well,William Shakespeare,1734,7338455.0,fiction,/works/OL362676W,"""For this updated edition, Alexander Leggatt has written a wholly new introduction to Russell Fraser's edition of one of Shakespeare's most puzzling, ambiguous and demanding plays. Leggatt's interest in performance informs his introduction and his account of the instability of the main characters. He offers a full, illustrated and thoughtful account of the play's critical and theatrical fortunes to the end of the twentieth century, and of our experience as an audience of seeing and hearing it performed. An updated reading list completes the edition.""--Jacket.","Drama, Married women, Runaway husbands, Problems, exercises, English Young adult drama, English drama, Travel, Plays, Fiction, Classic Literature, Literary Criticism, Nonfiction, History and criticism, English drama (Comedy), Concordances, British and irish drama (dramatic works by one author), Drama (dramatic works by one author), English literature, All's well that ends well (Shakespeare, William), Shakespeare, william, 1564-1616, all's well that ends well"
The Merchant of Venice,William Shakespeare,1600,7182819.0,fiction,/works/OL258758W,"In this lively comedy of love and money in sixteenth-century Venice, Bassanio wants to impress the wealthy heiress Portia but lacks the necessary funds. He turns to his merchant friend, Antonio, who is forced to borrow from Shylock, a Jewish moneylender. When Antonio's business falters, repayment becomes impossible--and by the terms of the loan agreement, Shylock is able to demand a pound of Antonio's flesh. Portia cleverly intervenes, and all ends well (except of course for Shylock).","Drama, Jews, Moneylenders, Shylock (Fictitious character), Juvenile drama, Plays, English literature, History and criticism, History, Problems, exercises, Criticism and interpretation, Sources, Bibliography, Promptbooks, English Young adult drama, Quartos, Study and teaching, Outlines, syllabi"
Anne of Avonlea,Lucy Maud Montgomery,1909,14638062.0,fiction,/works/OL77744W,"The second story in the ever-popular Anne of Green Gables series.Now Anne is half past sixteen and she's ready to begin a new life teaching in her old school. She's as feisty as ever and is fiercely determined to inspire young hearts with her own ambitions. But some of her pupils are as boisterous and high-spirited as Anne, and so life in her Avonlea classroom becomes a lesson in discovery and adventure . . .","Fiction, History, Juvenile fiction, Orphans, Teachers, Islands, Teachers in fiction, Orphans in fiction, Prince Edward Island in fiction, Islands in fiction, Canada in fiction, Children's stories, Anne Shirley (Fictitious character), Teenage girls, Friendship, Rural schools, Prince Edward Island, Country life, Juvenile Literature, Classic Literature"
The Tempest,William Shakespeare,1611,8155661.0,fiction,/works/OL362699W,"The Tempest is a play by William Shakespeare, believed to have been written in 1610–11, and thought by many critics to be the last play that Shakespeare wrote alone. It is set on a remote island, where Prospero, the rightful Duke of Milan, plots to restore his daughter Miranda to her rightful place using illusion and skilful manipulation. He conjures up a storm, the eponymous tempest, to lure his usurping brother Antonio and the complicit King Alonso of Naples to the island. There, his machinations bring about the revelation of Antonio's lowly nature, the redemption of the King, and the marriage of Miranda to Alonso's son, Ferdinand.","English literature: Shakespeare criticism, English literature: Shakespeare texts, Plays / Drama, Literary Criticism, Classics, For National Curriculum Key Stage 3, play, performing arts, English drama, tragicomedy, Drama, Teatro, Survival after airplane accidents, shipwrecks, Magicians, Magos, Supervivencia (accidentes de aviación, naufragios, etc.), Fathers and daughters, Tragicomedia, Castaways, Padres e hijas"
The Secret Adversary,Agatha Christie,1922,14590159.0,fiction,/works/OL471789W,"Tommy Beresford and Prudence 'Tuppence' Cowley are young, in love… and flat broke. Just after Great War, there are few jobs available and the couple are desperately short of money. Restless for excitement, they decide to embark on a daring business scheme: Young Adventurers Ltd.—""willing to do anything, go anywhere."" Hiring themselves out proves to be a smart move for the couple. In their first assignment for the mysterious Mr. Whittingtont, all Tuppence has to do in their first job is take an all-expense paid trip to Paris and pose as an American named Jane Finn. But with the assignment comes a bribe to keep quiet, a threat to her life, and the disappearance of her new employer. Now their newest job are playing detective.

Where is the real Jane Finn? The mere mention of her name produces a very strange reaction all over London. So strange, in fact, that they decided to find this mysterious missing lady. She has been missing for five years. And neither her body nor the secret documents she was carrying have ever been found. Now post-war England's economic recovery depends on finding her and getting the papers back. But he two young working undercover for the British ministry know only that her name and the only photo of her is in the hands of her rich American cousin. It isn’t long before they find themselves plunged into more danger than they ever could have imagined—a danger that could put an abrupt end to their business… and their lives.","Classic Literature, English language, Fiction, Married people, Murder, Mystery, Private investigators, Problems, exercises, Report writing, Rhetoric, Tommy Beresford (Fictitious character), Tuppence Beresford (Fictitious character), Women detectives, Large type books, English language, rhetoric, English language, grammar, College readers, Youth, Adventure stories, Detective and mystery stories"
πολιτεία,Plato,1554,14418448.0,fiction,/works/OL51831W,The Republic is Plato's most famous work and one of the seminal texts of Western philosophy and politics. The characters in this Socratic dialogue - including Socrates himself - discuss whether the just or unjust man is happier. They are the philosopher-kings of imagined cities and they also discuss the nature of philosophy and the soul among other things.,"Political science, Early works to 1800, Utopias, Ouvrages avant 1800, Science politique, Utopies, Ciencias políticas, Early works to 1700, Education, Greek Education, Justice, Literature in French, Obras anteriores a 1800, Philosophy, Political ethics, Pulitzer Prize Winner, Textual Criticism, The first of two volumes, The second of two volumes, Utopías"
A Connecticut Yankee in King Arthur's Court,Mark Twain,1889,9168732.0,fiction,/works/OL54031W,"A blow on the head transports a Yankee to 528 A.D. where he proceeds to modernize King Arthur's kingdom by organizing a school system, constructing telephone lines, and inventing the printing press.","Time travel, Fiction, Arthurian romances, Kings and rulers, Adaptations, Knights and knighthood, Americans, Britons, American fiction (fictional works by one author), Fiction, fantasy, historical, Great britain, fiction, Arthur, king, fiction, Camelot (legendary place), fiction, England, fiction, Fiction, humorous, Fiction, satire, Middle Ages, Medievalism, Middle Ages in literature, History"
Der Proceß,Franz Kafka,1825,997423.0,fiction,/works/OL498463W,"Byzantine and claustrophobic novel of a man arrested by the secret police and charged with an unspecified crime. Unable to defend himself and disorientated by the legal process at work around him the man soon becomes apathetic and acquiescent, accepting his eventual sentence as inevitable.","Fiction, Alegorical fiction, Manuscripts, Facsimiles, Trials, Ficción, Procesos criminales, Fiction, psychological, Continental european fiction (fictional works by one author), Psychological fiction, Prisoners, Legal status, laws, Administration of Criminal justice, Moral and ethical aspects, Novela checoslovaca, Continental european drama (dramatic works by one author), Totalitarianism, Germanic literature, English literature, Fiction, general"
Anne of the Island,Lucy Maud Montgomery,1915,14639028.0,fiction,/works/OL77748W,"New adventures lie ahead for Anne Shirley as she packs her bags, waves goodbye to childhood, and heads for Redmond College. With her old friend Prissy Grant waiting in the bustling city of Kingsport, and frivolous new pal Philippa Gordon at her side, Anne spreads her wings and discovers life on her own terms, filled with surprises: the joys of sharing a house with her irrepressible friends, her very first sale of a story - and a marriage proposal from the worst fellow imaginable!","College students, Friendship, Universities and colleges, Fiction, Juvenile fiction, College stories, Orphans, History, Children's fiction, Shirley, anne (fictitious character), fiction, Prince edward island, fiction, Universities and colleges, fiction, Orphans, fiction, Interpersonal relations, fiction, Canada, history, fiction, Nova scotia, fiction, Self-perception, fiction, Fiction, general, Fiction, romance, general"
Two Gentlemen of Verona,William Shakespeare,1632,8791306.0,fiction,/works/OL362671W,"""Professor Schlueter approaches this early comedy as a parody of two types of Renaissance educational fiction: the love-quest story and the test-of-friendship story, which by their combination show high-flown human ideals as incompatible with each other and with human nature. A thoroughly researched, illustrated stage history reveals changing conceptions of the play, which nevertheless often fail to come to terms with its subversive impetus. Since the first known production at David Garrick's Drury Lane Theatre, it has tempted major directors and actors, including John Philip Kemble, William Charles Macready and Charles Kean, who established a tradition of understanding which cast its shadow even on such modern productions as Denis Carey's famous staging for the Bristol Old Vic and Robin Phillips's for the Royal Shakespeare Company. This updated edition includes a new introductory section by Lucy Munro on recent stage and critical interpretations, bringing the performance history completely up to date""--","Drama, Triangles (Interpersonal relations), Exiles, Plays, English Young adult drama, Problems, exercises, Fiction, Teatro ingles (periodo elizabetano), British and irish drama (dramatic works by one author), Shakespeare, william, 1564-1616, two gentlemen of verona, Drama, collections, Continental european drama (dramatic works by one author), Children's plays, Drama (dramatic works by one author), Concordances, English literature, Pictorial works, Juvenile fiction, DRAMA INGLES, Texts"
The Cricket on the Hearth,Charles Dickens,1846,9284868.0,fiction,/works/OL14868783W,"One of Charles Dickens' Christmas Books

John Peerybingle, a carrier, lives with his young wife Dot, their baby boy and their nanny Tilly Slowboy. A cricket chirps on the hearth and acts as a guardian angel to the family. One day a mysterious elderly stranger comes to visit and takes up lodging at Peerybingle's house for a few days.","English Christmas stories, Short stories, Christmas stories, Social life and customs, Juvenile fiction, Fiction, English Short stories, Social conditions, England, fiction, Fiction, short stories (single author), British and irish fiction (fictional works by one author), Children's fiction, Fiction, romance, general, Christmas, fiction, Fairy tales, Large type books, Drama (dramatic works by one author), Fiction, historical, general, Fiction, general, Contes de fées"
A Portrait of the Artist as a Young Man,"James Joyce, James Joyce, james joyce, J Joyce",1818,9328410.0,fiction,/works/OL86343W,"Stephen Dedalus grows up in Dublin, feeling different from the other boys. His childhood and adolescence are shaped by bullying, his father's weaknesses and the growing realization that in order to make his way in the world he must reject a conventional life and boecome an artist.

Penguin Popular Classics are the perfect introduction to the world-famous Penguin Classics series — which encompasses the best books ever written, from Homer's Odyssey to Orwell's 1984 and everything in between.","Fiction, Artists, Young men, Facsimiles, Manuscripts, English Manuscripts, Autobiographical fiction, Literature, Classic Literature, Coming of age, Psychological fiction, Stephen Dedalus, Stephen Dedalus (Fictitious character), Authors, open_syllabus_project, Portrait of the artist as a young man (Joyce, James), Portrait of the artist as a young man, Stephen Dedalus (Fictional character), Bildungsromans, British and irish fiction (fictional works by one author)"
Richard III,William Shakespeare,1597,9020720.0,fiction,/works/OL362684W,"""containing his treacherous plots against his brother Clarence, the pittiefull murther of his innocent nephewes, his tyrannicall usurpation, with the whole course of his detested life and most deserved death""
(Subtitle of the 1597 edition.)","Drama, History, Kings and rulers in literature, Textual Criticism, Problems, exercises, Stage history, Fiction, In literature, Kings and rulers, Classic Literature, Quartos, Bibliography, Promptbooks, open_syllabus_project, King Richard III (Shakespeare, William), Théâtre anglais, Théâtre, Kommentar, Video recordings, Videocassettes"
The Mill on the Floss,"George Eliot, Rosalyn Landor, Sue Saunders, Julius Frese",1800,8236884.0,fiction,/works/OL20938W,"From the author of MIDDLEMARCH and SILAS MARNER, a story of frustrated intelligence and longing, featuring the intelligent Maggie, who yearns to be loved, and her brother Tom, who is forced to study. When Maggie is cast out by Tom, she is ostracized by society, and must face the consequences of renunciation.","Brothers and sisters, Women clergy, Infanticide, Open Library Staff Picks, Vendetta, Fiction, Water mills, Loss (Psychology), Conflict of generations, Carpenters, Young women, Classic Literature, Social life and customs, Manners and customs, Readers, Eliot, george, 1819-1880, England, fiction, Children's fiction, Boys, fiction, Brothers and sisters, fiction"
The Valley of Fear,Arthur Conan Doyle,1914,8350377.0,fiction,/works/OL262505W,"Even Sherlock Holmes, well-accustomed to the bizarre, finds the elements of this case unusual; the scene of the crime, a moated English country house; the wapon, a very American sawed-off shotgun; the bereaved, strangely dry-eyed; and the solution, backward in time and deep in a VALLEY OF FEAR...","English Detective and mystery stories, Fiction, Private investigators, Private investigators in fiction, Romans, Roman policier anglais, Detective and mystery stories, Chinese Detective and mystery stories, England, fiction, Moriarty, professor (fictitious character), fiction, Watson, john h. (fictitious character), fiction, British and irish fiction (fictional works by one author), Fiction, mystery & detective, traditional, Private investigators, fiction, Large type books, English literature, John H. Watson (Fictitious character), Fiction, general, Children's fiction, Holmes, Sherlock (Fictitious character) -- Fiction"
The Prince and the Pauper,Mark Twain,1881,8221267.0,fiction,/works/OL53994W,"When young Edward VI of England and a poor boy who resembles him exchange places, each learns something about the other's very different station in life. Includes a brief biography of the author.","Readers, Fiction, Poor, Kings and rulers, Impostors and imposture, Poor children, Boys, Classic Literature, Princes, Adventure and adventurers, Open Library Staff Picks, Mistaken identity, Lookalikes, Adventure stories, Social classes, History, Juvenile fiction, Large print, Sexual ethics for teenagers, Sex instruction for youth"
The Princess and the Goblin,George MacDonald,1872,14363454.0,fantasy,/works/OL15449W,"There was once a little princess whose father was king over a great country full of mountains and valleys. His palace was built upon one of the mountains, and was very grand and beautiful. The princess, whose name was Irene, was born there, but she was sent soon after her birth, because her mother was not very strong, to be brought up by country people in a large house, half castle, half farmhouse, on the side of another mountain, about half-way between its base and its peak.","Classic Literature, Fantasy, Fiction, Juvenile Fiction, Juvenile Literature, Fairy tales, Children's fiction, Child and youth fiction, Classic fiction, Fairy tales, folk tales, fables, magical tales & traditional stories, Science Fiction, Fantasy, & Magic, Children's Books/All Ages, Children: Babies & Toddlers, Classics, Fantasy - General, Fiction / Classics, Fiction/Fantasy - General, Unabridged Audio / Fiction/General, Fairy Tales & Folklore - General, Unabridged Audio - Fiction/General"
The Lost World,Arthur Conan Doyle,1900,8231444.0,fantasy,/works/OL262460W,"Journalist Ed Malone is looking for an adventure, and that's exactly what he finds when he meets the eccentric Professor Challenger - an adventure that leads Malone and his three companions deep into the Amazon jungle, to a lost world where dinosaurs roam free.","Adventure stories, Atlantis, Dinosaurs, Discovery and exploration, English Detective and mystery stories, Fiction, Fiction in French, Prehistoric peoples, Professor Challenger (Fictitious character), Scientific expeditions, Translations into Czech, Translations into Russian, Science fiction, Fantasy, Discoveries in geography, Children's fiction, Dinosaurs, fiction, Fiction, fantasy, general, Fiction, action & adventure, Challenger, professor (fictitious character), fiction"
Nineteen Eighty-Four,George Orwell,1949,9267242.0,fantasy,/works/OL1168083W,"Nineteen Eighty-Four: A Novel, often referred to as 1984, is a dystopian social science fiction novel by the English novelist George Orwell (the pen name of Eric Arthur Blair). It was published on 8 June 1949 by Secker & Warburg as Orwell's ninth and final book completed in his lifetime. Thematically, Nineteen Eighty-Four centres on the consequences of totalitarianism, mass surveillance, and repressive regimentation of persons and behaviours within society. Orwell, himself a democratic socialist, modelled the authoritarian government in the novel after Stalinist Russia. More broadly, the novel examines the role of truth and facts within politics and the ways in which they are manipulated.

----------		
Also contained in:		
[Novels (Animal Farm / Burmese Days / Clergyman's Daughter / Coming Up for Air / Keep the Aspidistra Flying / Nineteen Eighty-Four)](https://openlibrary.org/works/OL1168045W)		
[Novels (Animal Farm / Nineteen Eighty-Four)](https://openlibrary.org/works/OL1167981W)
[Orwell's Nineteen Eighty-Four: Text, Sources, Criticism](https://openlibrary.org/works/OL1168095W)","futurology, censorship, surveillance, rebels, sting operations, historical negationism, memory holes, thoughtcrime, Outer Party, resistance movements, Newspeak, perpetual war, telescreens, cult of personality, Ingsoc, Satirical literature, English science fiction, FICTION CLASSICS, CLASSICS, CONTEMPORARY FICTION"
The Marvelous Land of Oz,L. Frank Baum,1904,12648656.0,fantasy,/works/OL18396W,"Tip and his creation, Jack Pumpkin, run away to Oz, where they save the city after it is captured by girls.","Children's stories, American, Juvenile fiction, Translations into Russian, Children's literature, English, Children's literature, Russian, Oz (Imaginary place), Wizards, Fantasy, Children's fiction, Oz (imaginary place), fiction, Fantasy fiction, Large type books, Fiction, Oz (Imaginary place) -- Juvenile fiction, Fantasy literature, Conduct of life -- Juvenile fiction, Friendship -- Juvenile fiction, Voyages and travels -- Juvenile fiction, Magic -- Juvenile fiction, Practical jokes -- Juvenile fiction"
Ozma of Oz,L. Frank Baum,1907,12648657.0,fantasy,/works/OL18415W,"When a storm blows Dorothy to the land of Ev where lunches grow on trees, she meets the Scarecrow, the Tin Woodman, the Cowardly Lion, and Princess Ozma, and together they set out to free the Queen of Ev and her ten children.","Fantasy, Children's stories, Children's stories, American, Juvenile fiction, Fairy tales, Fantasy fiction, Children's fiction, Oz (imaginary place), fiction, Large type books, Illustrated children's books, Fiction, fantasy, general, Dorothy Gale (Fictitious character), Oz (Imaginary place), Princess Ozma (Fictitious character), Oz (Lieu imaginaire), Romans, nouvelles, etc. pour la jeunesse"
Le petit prince,Antoine de Saint-Exupéry,1943,10708272.0,fantasy,/works/OL10263W,"*Le Petit Prince* est une œuvre de langue française, la plus connue d'Antoine de Saint-Exupéry. Publié en 1943 à New York simultanément à sa traduction anglaise, c'est une œuvre poétique et philosophique sous l'apparence d'un conte pour enfants.

Traduit en quatre cent cinquante-sept langues et dialectes, *Le Petit Prince* est le deuxième ouvrage le plus traduit au monde après la Bible.

Le langage, simple et dépouillé, parce qu'il est destiné à être compris par des enfants, est en réalité pour le narrateur le véhicule privilégié d'une conception symbolique de la vie. Chaque chapitre relate une rencontre du petit prince qui laisse celui-ci perplexe, par rapport aux comportements absurdes des « grandes personnes ». Ces différentes rencontres peuvent être lues comme une allégorie.

Les aquarelles font partie du texte et participent à cette pureté du langage : dépouillement et profondeur sont les qualités maîtresses de l'œuvre.

On peut y lire une invitation de l'auteur à retrouver l'enfant en soi, car « toutes les grandes personnes ont d'abord été des enfants. (Mais peu d'entre elles s'en souviennent.) ». L'ouvrage est dédié à Léon Werth, mais « quand il était petit garçon ».

(Wikipedia)","adventure, fantasy, friendship, love, childhood, loss, loneliness, Children's fiction, Friendship, fiction, Fantasy fiction, Princes, fiction, Fairy tales, Adventure and adventurers, fiction, Princes, Fiction, Toy and movable books, Continental european fiction (fictional works by one author), French language, readers, Romans, nouvelles, Travel, fiction"
The Emerald City of Oz,L. Frank Baum,1910,1473556.0,fantasy,/works/OL18409W,"From the book:Perhaps I should admit on the title page that this book is ""By L. Frank Baum and his correspondents,"" for I have used many suggestions conveyed to me in letters from children. Once on a time I really imagined myself ""an author of fairy tales,"" but now I am merely an editor or private secretary for a host of youngsters whose ideas I am requestsed to weave into the thread of my stories. These ideas are often clever. They are also logical and interesting. So I have used them whenever I could find an opportunity, and it is but just that I acknowledge my indebtedness to my little friends.","Juvenile fiction, Fiction, Oz (Imaginary place), Fantasy, Princess Ozma (Fictitious character), Children's fiction, Fantasy fiction, Oz (imaginary place), fiction, American Fantasy fiction, Large type books, American literature, Comic books, strips, Dorothy Gale (Fictitious character), Cartoons and comics, Comics & graphic novels, fantasy, Fiction, fantasy, general, Fiction, science fiction, general, Kings and rulers, Voyages and travels, Good and evil"
Dorothy and the Wizard in Oz,L. Frank Baum,1908,12648659.0,fantasy,/works/OL18412W,"Dorothy and the Wizard in Oz is the fourth book in Baum's Oz series. The series chronicles the further adventures of Dorothy both in and out of Oz, as she deals with the characters, situations and desires which continue to spill over from her first fateful adventure.","Fairy tales, Fiction, Oz (Imaginary place), Fantasy, Classic Literature, Juvenile fiction, Fantasy fiction, Children's fiction, Oz (imaginary place), fiction, Children: Grades 4-6, Dorothy Gale (Fictitious character), Comic books, strips, Comics & graphic novels, fantasy, California, fiction, Earthquakes, fiction, Wizards, fiction, Literature and fiction, juvenile, Fiction, fantasy, general, Fiction, science fiction, action & adventure"
The Lost Princess of Oz,L. Frank Baum,1917,854819.0,fantasy,/works/OL18411W,"When Princess Ozma and all the magic of the Land of Oz are mysteriously stolen away, Dorothy and the other residents of Oz are determined to find their missing ruler and the thief responsible for her disappearance.","Fantasy, Juvenile literature, Children's stories, Classic Literature, Fiction, Oz (Imaginary place), Fantasy fiction, Children's fiction, Oz (imaginary place), fiction, Fiction, fantasy, general, Juvenile fiction, Princess Ozma (Fictitious character)"
The Story of the Amulet,Edith Nesbit,1905,13241470.0,fantasy,/works/OL407476W,,"Roman pour la jeunesse, Litterature fantastique, Classic Literature, Fiction, Juvenile Literature, Children's fiction, Fantasy fiction, Child and youth fiction, Wishes, Juvenile fiction, Brothers and sisters, Fairy tales, Fiction, fantasy, collections & anthologies, Fairies, Time travel, Fantasy, Fantasy literature, Brothers and sisters -- Juvenile fiction, England -- Juvenile fiction, Wishes -- Juvenile fiction"
The Complete Life and Adventures of Santa Claus,L. Frank Baum,1902,1979059.0,fantasy,/works/OL262358W,"From the book:Have you heard of the great Forest of Burzee? Nurse used to sing of it when I was a child. She sang of the big tree-trunks, standing close together, with their roots intertwining below the earth and their branches intertwining above it; of their rough coating of bark and queer, gnarled limbs; of the bushy foliage that roofed the entire forest, save where the sunbeams found a path through which to touch the ground in little spots and to cast weird and curious shadows over the mosses, the lichens and the drifts of dried leaves.","Fantasy, Fiction, Juvenile Fiction, Science Fiction & Fantasy, Classic Literature, Christmas stories, Christmas, Santa Claus, Children: Kindergarten, Children's fiction, Santa claus, fiction, Christmas, fiction, General, BIOGRAPHY & AUTOBIOGRAPHY, American fiction (fictional works by one author), Fiction, general, Classics, JUVENILE FICTION / General, Holidays & Celebrations, Christmas & Advent"
Alice's Adventures in Wonderland / Through the Looking Glass,Lewis Carroll,1889,8595966.0,fantasy,/works/OL151411W,"A very real little girl named Alice follows a remarkable rabbit down a rabbit hole and steps through a looking-glass to come face to face with some of the strangest adventures and some of the oddest characters in all literature. The crusty Duchess, the Mad Hatter, the weeping Mock Turtle, the diabolical Queen of Hearts, the Cheshire-Cat, Tweedledum and Tweedledee--each one is more eccentric, and more entertaining, than the last. And all of them could only have come from the pen of Lewis Carroll, one of the few adults ever to enter successfully the children's world of make-believe--a wonderland where the impossible becomes possible, the unreal, real...where the heights of adventure are limited only by the depths of imagination.
--back cover

Contains:

 - [Alice's Adventures in Wonderland](https://openlibrary.org/works/OL8193508W)
 - [Through the Looking Glass, and What Alice Found There][2]

  [2]: https://openlibrary.org/works/OL15298516W","adventure and adventurers, adventure and adventurers, fiction, adventure stories, adventure travel, animals, anthropomorphism, artists' illustrated books, books and reading, british and irish fiction (fictional works by one author), child and youth fiction, children, children's fiction, children's literature, children's literature, english, children's stories, children's stories, english, classic literature, classics, croquet, curiosity"
The Road to Oz,L. Frank Baum,1909,8243922.0,fantasy,/works/OL262390W,Dorothy and her friends follow the enchanted road to Oz and arrive in time for Ozma's birthday party.,"Fairy tales, Juvenile Fiction, Fiction, Oz (Imaginary place), Fantasy, Classic Literature, Children's fiction, Fantasy fiction, Oz (imaginary place), fiction, Fiction, fantasy, general"
The Sea Fairies,L. Frank Baum,1911,1814237.0,fantasy,/works/OL262384W,"This is a tale of life beneath the sea, of mermaids and sea serpents and other strange inhabitants of the ocean depths. A little girl named Trot and Cap'n Bill, an old sailor, are invited by several mermaids to come and visit their under-water home. Baum wrote this story in the hope of interesting his readers in something other than Oz; in the preface he writes: ""I hope my readers who have so long followed Dorothy's adventures in the Land of Oz will be interested in Trot's equally strange experiences."" Of course, he did not succeed in distracting his fans from Oz, yet the book was eagerly read; the result of this attempt was that he was forced to introduce Trot and Cap'n Bill into the later Oz stories.","Children's stories, Juvenile fiction, Classic Literature, Fiction, Children's fiction, Fantasy fiction, Fantasy, Fiction, historical, general, Sea stories, Mermaids, Magicians"
Baum's American Fairy Tales,L. Frank Baum,1901,709869.0,fantasy,/works/OL262341W,,"Children's stories, American, Juvenile Fiction, Fiction, Fantasy, Fairy tales, Classic Literature, Short stories, Tales, united states, Contes de fées"
Sky Island,L. Frank Baum,1912,2752804.0,fantasy,/works/OL262385W,Button-Bright's adventures begin when he finds a magic umbrella that will carry him anywhere in the world.,"Fantasy, Children's fiction, Fantasy fiction, Adventure and adventurers, fiction, Magic, fiction, Parrots, fiction, Fairies, fiction, Juvenile fiction, Imaginary places"
The Scarecrow of Oz,L. Frank Baum,1915,431586.0,fantasy,/works/OL262352W,"The adventures of Trot and Cap'n Bill take them to Oz where they help solve the problem of Pom, whose truelove's heart has been turned to ice by witches.","Classic Literature, Fantasy, Fiction, Fairy tales, Children's fiction, Fantasy fiction, Oz (imaginary place), fiction, Dorothy Gale (Fictitious character), Juvenile fiction, Fiction, fantasy, general, Oz (Imaginary place), Juvenile literature"
The Patchwork Girl of Oz,L. Frank Baum,1913,1473369.0,fantasy,/works/OL18405W,"""Where's the butter, Unc Nunkie?"" asked Ojo.","Fantasy, Juvenile fiction, Fairy tales, Children's fiction, Fantasy fiction, Oz (imaginary place), fiction, Large type books, Adventure and adventurers, fiction, Oz (Imaginary place)"
The Magic of Oz,L. Frank Baum,1919,5071176.0,fantasy,/works/OL262380W,"A young citizen of Oz who learns an important magic word falls prey to the wickedness of the Nomes' ex-king who wants to destroy Dorothy, the Wizard, and Princess Ozma.","Fantasy, Juvenile fiction, Wizard of Oz (Fictitious character), Dorothy Gale (Fictitious character), Fiction, Children's fiction, Fantasy fiction, Oz (imaginary place), fiction, Oz (Imaginary place), Princesses, Oz (Lieu imaginaire), Romans, nouvelles, etc. pour la jeunesse, Adventure and adventurers, fiction, Princess Ozma (Fictitious character), Magic, Revenge, Kings and rulers, Mythical Animals, Birthdays, Cats"
Tik-Tok of Oz,L. Frank Baum,1914,8243277.0,fantasy,/works/OL18414W,"This book introduces Ann Soforth, Queen of Oogaboo, whom Tik-Tok, the clockwork man, assists in conquering the Nome King. Book 8 in L. Frank Baum's immortal OZ series, in which Betsy Bobbin and Hank the Mule are shipwrecked on the coast of Oz, meet up with the invading army of Queen Ann of Oogaboo, and help the Shaggy Man rescue his brother from the evil Nome King.","Fairy tales, Fantasy fiction, Juvenile fiction, Fiction, Oz (Imaginary place), Fantasy, American Fantasy fiction, Classic Literature, Children: Grades 4-6, Children's fiction, Oz (imaginary place), fiction, Fiction, historical, general, Oz (Lieu imaginaire), Romans, nouvelles, Fantasmes, Romans, nouvelles, etc. pour la jeunesse, Adventure and adventurers, fiction"
Rinkitink in Oz,L. Frank Baum,1916,765814.0,fantasy,/works/OL262376W,"When all the inhabitants of Pingaree are kidnapped by the mongrel hordes of twin island kingdoms, Prince Inga and his friend King Rinkitink decide to go to the rescue.","Classic Literature, Fantasy, Fantasy fiction, Fiction, Juvenile Fiction, Oz (Imaginary place), Children's fiction, Oz (imaginary place), fiction, Fiction, fantasy, general"
The Hobbit,J.R.R. Tolkien,1937,14627509.0,fantasy,/works/OL27482W,"The Hobbit is a tale of high adventure, undertaken by a company of dwarves in search of dragon-guarded gold. A reluctant partner in this perilous quest is Bilbo Baggins, a comfort-loving unambitious hobbit, who surprises even himself by his resourcefulness and skill as a burglar.

Encounters with trolls, goblins, dwarves, elves, and giant spiders, conversations with the dragon, Smaug, and a rather unwilling presence at the Battle of Five Armies are just some of the adventures that befall Bilbo.

Bilbo Baggins has taken his place among the ranks of the immortals of children’s fiction. Written by Professor Tolkien for his children, The Hobbit met with instant critical acclaim when published.","Fantasy, Arkenstone, Battle of Five Armies, invisibility, thrushes, eagles, hobbits, wizards, dragons, dwarves, elves, men, trolls, goblins, giant spiders, the one ring, juvenile fantasy, YOUNG ADULT FICTION, Fantasy fiction, Juvenile fiction"
The Enchanted Castle,Edith Nesbit,1907,6644514.0,fantasy,/works/OL99541W,"E. Nesbit's classic story of how Gerald, Cathy and Jimmy find an enchanted garden and awake a princess from a hundred-year sleep, only to have her immediately made invisible by a magic ring. Her rescue is difficult, funny and sometimes frightening.","Fiction, Fantasy, Magic, Rings, Friendship, History, England, Brothers and sisters, Wishes, Juvenile fiction, Children's fiction, Fantasy fiction, Castles, Children's stories, Children's fantasy fiction, Castles, fiction, Magic, fiction, Fiction, historical, general, Brothers and sisters, fiction, Friendship, fiction"
Phantastes,George MacDonald,1850,14358814.0,fantasy,/works/OL15450W,"One of George MacDonald's most important works, Phantastes is the story of a young man named Anotos and his long dreamlike journey in Fairy Land. It is the fairy tale of deep spiritual insight as Anotos makes his way through moments of uncertainty and peril and mistakes that can have irreversible consequences. This is also his spiritual quest that is destined to end with the supreme surrender of the self. When he finally experiences the hard-won surrender, a wave of joy overwhelms him. His intense personal introspection is honest as he is offered the full range of symbolic choices--great beauty, horrifying ugliness, irritating goblins, nurturing spirits. Each confrontation in Fairy Land allows Anotos to learn many necessary lessons. As he continues on the journey, many shadowy beings threaten his spiritual well-being and compel him to sing. The songs are irresistible to a beautiful White Lady who is freed from inside a statue by the music, and Anotos remains captivated by her for a long time. He sees the world more objectively; his trek invites a natural descent into feelings of pride and egotism. But his losses and sorrows coalesce themselves into things of grace, and these experiences help his spiritual growth.     Please Note:  This book has been reformatted to be easy to read in true text, not scanned images that can sometimes be difficult to decipher.  The Microsoft eBook has a contents page linked to the chapter headings for easy navigation. The Adobe eBook has bookmarks at chapter headings and is printable up to two full copies per year.  Both versions are text searchable.","Fairy tales, Scottish Fantasy fiction, Fiction, romance, fantasy, Fiction, science fiction, general, Fiction, fantasy, general, Classic Literature, Fantasy, Fiction, English literature, Fairies, Fairyland (Imaginary place), English Fantasy fiction, Scottish authors, Fantasy fiction, Fiction, general, Imaginary places"
The Tin Woodman of Oz,L. Frank Baum,1918,755973.0,fantasy,/works/OL262381W,"From the book:The Tin Woodman sat on his glittering tin throne in the handsome tin hall of his splendid tin castle in the Winkie Country of the Land of Oz. Beside him, in a chair of woven straw, sat his best friend, the Scarecrow of Oz. At times they spoke to one another of curious things they had seen and strange adventures they had known since first they two had met and become comrades. But at times they were silent, for these things had been talked over many times between them, and they found themselves contented in merely being together, speaking now and then a brief sentence to prove they were wide awake and attentive. But then, these two quaint persons never slept. Why should they sleep, when they never tired?","Giants, Juvenile fiction, Fiction, Oz (Imaginary place), Fantasy, Children's stories, Fantasy fiction, Children's fiction, Oz (imaginary place), fiction, Fiction, historical, general, Dorothy Gale (Fictitious character), Princess Ozma (Fictitious character), Boys, Good and evil, Witches, Magic, Wizards, Soldiers"
A Princess of Mars,Edgar Rice Burroughs,1912,207226.0,fantasy,/works/OL1418187W,"I am a very old man; how old I do not know. Possibly I am a hundred, possibly more; but I cannot tell because I have never aged as other men, nor do I remember any childhood. So far as I can recollect I have always been a man, a man of about thirty. I appear today as I did forty years and more ago, and yet I feel that I cannot go on living forever; that some day I shall die the real death from which there is no resurrection.
[Adventures of John Carter in Mars -- from the author of the Tarzan series.]","John Carter (Fictitious character), Fiction, Classic Literature, Dejah Thoris (Fictitious character), Princesses, Princesses in fiction, Science fiction, Translations into Russian, Fantasy, Barsoom, Large type books, Fiction, science fiction, action & adventure, Carter, john (fictitious character), fiction, Barsoom (imaginary place), fiction, Fiction, science fiction, general, Fiction, action & adventure, Social life and customs, Folklore, Music and dance, Manners and customs"
Glinda of Oz,L. Frank Baum,1920,758814.0,fantasy,/works/OL262391W,The Sorceress and Wizard of Oz attempt to save Princess Ozma and Dorothy from the dangers which threaten them when they try to bring peace to two warring tribes.,"Fiction, Fantasy, Children's stories, Classic Literature, Dorothy Gale (Fictitious character), Juvenile fiction, Oz (imaginary place), fiction, Fiction, mystery & detective, general, Fiction, thrillers, suspense, Children's fiction, Fantasy fiction, Adventure and adventurers, fiction, Fiction, fantasy, general, Oz (Imaginary place), Oz (Lieu imaginaire), Romans, nouvelles, etc. pour la jeunesse, Fantasmes, Princess Ozma (Fictitious character), Voyages and travels, Mythical Animals"
The Magic City,Edith Nesbit,1910,1673063.0,fantasy,/works/OL99535W,"An extremely unhappy ten-year-old magically escapes into a city he has built out of books, chessmen, candlesticks, and other household items.","Fantasy, Cities and towns, Juvenile fiction, Fiction, Children's fiction, Fantasy fiction, Fiction, fantasy, general, Magic, fiction"
Peter Pan,J. M. Barrie,1911,8237052.0,fantasy,/works/OL462007W,"The adventures of the three Darling children in Never-Never Land with Peter Pan, the boy who would not grow up.


----------
###German-language description:
Peter Pan, das ist der Junge, der nie erwachsen wird und auf einer Insel lebt, auf der alles möglich st. Wendy und ihre Brüder können noch nicht ahnen, was sie erwartet, als sie auf der Insel landen: Zusammen mit anderen Kindern geraten sie in die Hände gefährlicher Piraten! Doch Rettung naht, denn auf Peter Pan können sich seine Freunde verlassen.","Open Library Staff Picks, English Children's fiction, Pop-up books, Toy and movable books, Never-Never Land (Imaginary place), Specimens, Juvenile fiction, Fiction, Peter Pan (Fictitious character), open_syllabus_project, Children's stories, Classic Literature, Drama, Fantasy, Pirates, Children's plays, Fairy plays, Large type books, Fairies, Darling, Wendy (Fictitious character : Barrie)"
The Phoenix and the Carpet,Edith Nesbit,1903,902122.0,fantasy,/works/OL99539W,"Five British children discover in their new carpet an egg, which hatches into a phoenix that takes them on a series of fantastic adventures around the world.","English Fantasy fiction, Magic, Brothers and sisters, Juvenile fiction, Great Britain in fiction, Magic in fiction, Fiction, Brothers and sisters in fiction, Phoenix (Mythical bird), Mythical Animals, History, Children: Grades 4-6, Children's fiction, Fantasy fiction, British and irish fiction (fictional works by one author), Carpets, Fantasy, Siblings, Brothers and sisters -- Juvenile fiction, Magic -- Juvenile fiction"
Le avventure di Pinocchio,Carlo Collodi,1883,8597022.0,fantasy,/works/OL1527356W,A wooden puppet full of tricks and mischief wants more than anything else to become a real boy.,"Fantasy, Puppets, Fiction, Fairy tales, Children's stories, Italian, Latin language, Readers, dormice, ringmasters, glowworrms, weasels, hanging, falcons, poodles, stagecoaches, owls, crows, funeral directors, rabbits, carpenters"
Le Tour du Monde en Quatre-Vingts Jours,Jules Verne,1872,6976035.0,fantasy,/works/OL1100007W,"Phileas Fogg, a very punctual man had broken into an argument while conversing about the recent bank robbery. To keep his word of proving that he would travel around the world in 80 days and win the bet, he sets on a long trip, where he is joined by a few other people on the way. A wonderful adventure is about to begin!","Viajes alrededor del mundo, Translations into Gujarati, Fiction, Translations from French, Children's stories, French, Historical fiction, Korean language materials, Adventure and adventurers, Open Library Staff Picks, Children's stories, English, Adventure stories, Wagers, French fiction, Juvenile fiction, Translations into English, Voyages around the world, Ficción, Adventure fiction, French Science fiction, Submarines (Ships)"
Harry Potter and the Philosopher's Stone,J. K. Rowling,1997,15155833.0,fantasy,/works/OL82563W,"Turning the envelope over, his hand trembling, Harry saw a purple wax seal bearing a coat of arms; a lion, an eagle, a badger and a snake surrounding a large letter 'H'.

HARRY POTTER has never even heard of Hogwarts when the LETTERS start dropping on the doormat at number four, Privet Drive. Addressed in GREEN INK on yellowish parchment with a PURPLE SEAL, they are swiftly confiscated by his GRISLY aunt and uncle. Then, on Harry's eleventh birthday, a great beetle-eyed giant of a man called RUBEUS HAGRID bursts in with some ASTONISHING news: Harry Potter is a wizard, and he has a place at Hogwarts School of Witchcraft and Wizardry. An incredible adventure is about to begin!","series:Harry_Potter, Ghosts, Monsters, Vampires, Witches, Challenges and Overcoming Obstacles, Magic and Supernatural, Cleverness, School Life, school stories, Wizards, Magic, MAGIA, MAGOS, Juvenile fiction, Fiction, NOVELAS INGLESAS, Schools, orphans, fantasy fiction"
The description of a new world,"Margaret Cavendish, Duchess of Newcastle",1666,103235.0,fantasy,/works/OL1112413W,"<p>A young lady is abducted by sea and finds herself transported into a new world where the blazing stars make night as bright as day. She marries the world’s Emperor, becoming Empress, and through consultation with many creatures and immaterial spirits she elaborates on contemporary scientific and philosophical topics.</p> <p>The story presents the view that a society with a unified language and religion can be made orderly under the rule of a benevolent monarch. <a href=""https://standardebooks.org/ebooks/margaret-cavendish"">Margaret Cavendish</a>, the Duchess of Newcastle, plays her own part in the story by providing advice and showing the Empress around her own world.</p> <p><i>The Blazing World</i> was written in 1666, a few years after the restoration of the British monarchy. With its fantastic setting, the book is considered an early forerunner of the science fiction genre.</p>","Voyages, Imaginary, Imaginary Voyages, Utopias, Early works to 1800, Women and literature, Sources, History, Science fiction, Utopias -- Fiction, Voyages, Imaginary -- Early works to 1800, Fantasy, Philosophy"
"News from nowhere, or, An epoch of rest, being some chapters from a utopian romance",William Morris,1890,338173.0,fantasy,/works/OL47721W,"""Written in 1890, at the close of William Morris's most intense period of political activism, News from Nowhere is a compelling articulation of his mature views on art, work, community, family, and the nature and structure of the ideal society. A utopian narrative of a future society, it is also an immensely entertaining novel."".

""This Broadview edition includes a wide variety of contextualizing documents, including portions of Morris's essays, lectures, and journalism; excerpts from precursor utopian texts; writings on Bloody Sunday, art, work, and revolution; and contemporary reviews.""--BOOK JACKET.","Utopias, Utopies, Fiction, short stories (single author), English literature, history and criticism, Fiction, general, Science fiction, Fiction, Socialism, Classic Literature, Fantasy, Fiction, sagas, Utopie, Utopian literature, Great britain, social conditions"
À rebours,Joris-Karl Huysmans,1884,13170209.0,fantasy,/works/OL2239396W,"À rebours (French pronunciation: [a ʁ(ə).buʁ]; translated Against Nature or Against the Grain) is an 1884 novel by the French writer Joris-Karl Huysmans. The narrative centers on a single character: Jean des Esseintes, an eccentric, reclusive, ailing aesthete. The last scion of an aristocratic family, Des Esseintes loathes nineteenth-century bourgeois society and tries to retreat into an ideal artistic world of his own creation. The narrative is almost entirely a catalogue of the neurotic Des Esseintes's aesthetic tastes, musings on literature, painting, and religion, and hyperaesthetic sensory experiences.

À rebours contains many themes that became associated with the Symbolist aesthetic. In doing so, it broke from Naturalism and became the ultimate example of ""Decadent"" literature, inspiring works such as Oscar Wilde's The Picture of Dorian Gray (1890). In his preface for the 1903 publication of the novel, Huysmans wrote that he had the idea to portray a man ""soaring upwards into dream, seeking refuge in illusions of extravagant fantasy, living alone, far from his century, among memories of more congenial times, of less base surroundings ... each chapter became the sublimate of a specialism, the refinement of a different art; it became condensed into an essence of jewellery, perfumes, religious and secular literature, of profane music and plain-chant."" (Wikipedia)","Aesthetics, Fiction, Fiction, general, Translations from French, Translations into English, Fiction in English, French fiction, Classic Literature, French Translations, Continental european fiction (fictional works by one author), Large type books, Romans (teksten), decadent, Fantasy, Aesthetics in fiction, Long Now Manual for Civilization, Gifted children, Education, Aesthetics--fiction, Pq2309.h4 a6213 2003"
The Secret Agent,Joseph Conrad,1907,8239401.0,fantasy,/works/OL39108W,"**The Secret Agent: A Simple Tale** is a novel by Joseph Conrad, first published in 1907. The story is set in London in 1886 and deals with Mr. Adolf Verloc and his work as a spy for an unnamed country (presumably Russia). The Secret Agent is one of Conrad's later political novels in which he moved away from his former tales of seafaring. The novel is dedicated to H. G. Wells and deals broadly with anarchism, espionage, and terrorism. It also deals with exploitation of the vulnerable in Verloc's relationship with his brother-in-law Stevie, who has an intellectual disability. Conrad’s gloomy portrait of London depicted in the novel was influenced by Charles Dickens’ *Bleak House*.

(Source: [Wikipedia](https://en.wikipedia.org/wiki/The_Secret_Agent))","Anarchists, fiction, Conspiracies, fiction, Bombings, fiction, Terrorism, fiction, Royal Greenwich Observatory, fiction, Drama, Trading companies, Dutch, Classic Literature, Moles (Spies), Political, British and Irish fiction (fictional works by one author), English literature, Africa, fiction, Fiction, psychological, London (England), fiction, Fiction, political, Large type books, English Romances, Romance Ingles"
Puck of Pook's Hill,Rudyard Kipling,1900,8242296.0,fantasy,/works/OL20165W,"The children were at the Theatre, acting to Three Cows as much as they could remember of Midsummer Night's Dream.  Their father had made them a small play out of the big Shakespeare one, and they had rehearsed it with him and with their mother till they could say it by heart.  They began when Nick Bottom the weaver comes out of the bushes with a donkey's head on his shoulders, and finds Titania,  Queen of the Fairies, asleep.  The children are put in deep holes in the ground and then shot. The Queen of The Fairies was going to save them but she fell a sleep in the bushes.","Fiction, Space and time, History, Classic Literature, Children's stories, Juvenile fiction, Fiction, fantasy, general, England, fiction, British and irish fiction (fictional works by one author), Fiction, historical, general, Great britain, fiction, Children's fiction, Adventure and adventurers, fiction, Juvenile literature, Puck (Legendary character), Secularization, Fondazione Magna Carta, Children's stories, English, Fantasy"
The Fellowship of the Ring,J.R.R. Tolkien,1954,14627060.0,fantasy,/works/OL27513W,"One Ring to rule them all, One Ring to find them, One Ring to bring them all and in the darkness bind them.

“A unique, wholly realized other world, evoked from deep in the well of Time, massively detailed, absorbingly entertaining, profound in meaning.”—The New York Times

In ancient times the Rings of Power were crafted by the Elven-smiths, and Sauron, the Dark Lord, forged the One Ring, filling it with his own power so that he could rule all others. But the One Ring was taken from him, and though he sought it throughout Middle-earth, it remained lost to him. After many ages it fell into the hands of Bilbo Baggins, as told in The Hobbit. In a sleepy village in the Shire, young Frodo Baggins finds himself faced with an immense task, as his elderly cousin Bilbo entrusts the Ring to his care. Frodo must leave his home and make a perilous journey across Middle-earth to the Cracks of Doom, there to destroy the Ring and foil the Dark Lord in his evil purpose.","Elves, Dwarves, evil, fear, hope, young adult fiction, Ficción, Ficción fantástica inglesa, Fantastic fiction, The Lord of the Rings, English Fantasy fiction, Open Library Staff Picks, Fiction, Fantasy, Fairy tales, Adventure stories, Fantasy fiction, Middle Earth (Imaginary place), History and criticism, FICTION / Fantasy / Epic"
Harry Potter and the Chamber of Secrets,J. K. Rowling,1998,15158664.0,fantasy,/works/OL82537W,"Throughout the summer holidays after his first year at Hogwarts School of Witchcraft and Wizardry, Harry Potter has been receiving sinister warnings from a house-elf called Dobby.

Now, back at school to start his second year, Harry hears unintelligible whispers echoing through the corridors.

Before long the attacks begin: students are found as if turned to stone.

Dobby’s predictions seem to be coming true.

[Source][1]


  [1]: https://www.jkrowling.com/book/harry-potter-chamber-secrets/","series:Harry_Potter, Fantasy fiction, school stories, Fiction, Fantasy, Nestlé Smarties Book Prize winner, Juvenile fiction, Wizards, Magic, Schools, Spanish language materials, Magia, Escuelas, Ficción juvenil, Novela fantástica, Hogwarts School of Witchcraft and Wizardry (Imaginary place), Harry Potter (Fictitious character), Wizards -- Juvenile fiction, Witches, Hogwarts School of Witchcraft and Wizardry (Imaginary organization)"
The Two Towers,J.R.R. Tolkien,1954,14627564.0,fantasy,/works/OL27479W,"The Lord of the Rings, J.R.R. Tolkien's three-volume epic, is set in the imaginary world of Middle-earth -- home to many strange beings, and most notably hobbits, a peace-loving ""little people,"" cheerful and shy. Since its original British publication in 1954-55, the saga has entranced readers of all ages. It is at once a classic myth and a modern fairy tale. Critic Michael Straight has hailed it as one of the ""very few works of genius in recent literature."" Middle-earth is a world receptive to poets, scholars, children, and all other people of good will. Donald Barr has described it as ""a scrubbed morning world, and a ringing nightmare world...especially sunlit, and shadowed by perils very fundamental, of a peculiarly uncompounded darkness."" The story of this world is one of high and heroic adventure. Barr compared it to Beowulf, C.S. Lewis to Orlando Furioso, W.H. Auden to The Thirty-nine Steps. In fact the saga is sui generis -- a triumph of imagination which springs to life within its own framework and on its own terms. - Jacket flap.

Frodo and the Companions of the Ring have been beset by danger during their quest to prevent the Ruling Ring from falling into the hands of the Dark Lord by destroying it in the Cracks of Doom. They have lost the wizard, Gandalf, in the battle with an evil spirit in the Mines of Moria; and at the Falls of Rauros, Boromir, seduced by the power of the Ring, tried to seize it by force. While Frodo and Sam made their escape the rest of the company were attacked by Orcs. Now they continue their journey alone down the great River Anduin – alone, that is, save for the mysterious creeping figure that follows wherever they go. J.R.R. Tolkien’s great work of imaginative fiction has been labelled both a heroic romance and a classic fantasy fiction. By turns comic and homely, epic and diabolic, the narrative moves through countless changes of scene and character in an imaginary world which is totally convincing in its detail.

---

**Also contained in:**

- [The Lord of the Rings](https://openlibrary.org/works/OL27448W/The_Lord_of_the_Rings)","Ents, Orcs, hobbits, magic, Ficción fantástica inglesa, Ficción, translations into Spanish, readers for new literates, The Lord of the Rings, English Fantasy fiction, Open Library Staff Picks, Fiction, Fantasy, Popular Carousel, Middle Earth (Imaginary place), Tierra Media (Lugar imaginario), Baggins, Frodo (Personaje literario), Chinese language materials, Translations into Chinese, English fiction"
The Enchanted Island of Yew,L. Frank Baum,1903,1755697.0,fantasy,/works/OL262388W,A beautiful fairy is transformed into a human prince for one year. He and his friends have many adventures.,"Fantasy, Fiction, Juvenile Fiction, Classic Literature, Children's fiction, Fantasy fiction, Adventure stories"
The Return of the King,J.R.R. Tolkien,1950,14627062.0,fantasy,/works/OL27455W,"THE RETURN OF THE KING, which brings to a close the great epic of war and adventure begun in The Fellowship of the Ring and continued in The Two Towers, is the third and final part of J. R. R. Tolkien's masterpiece, ""The Lord of the Rings.""

In these three books, which form one continuous narrative, Tolkien created the saga of the Hobbits of Middle-earth and the great War of the Rings. Praised by such writers and poets as W. H. Auden, Richard Hughes and C. S. Lewis, ""The Lord of the Rings"" - that special world of beauty and terror and meaning - holds a secure place among the books that will live.

---

**Also contained in:**

- [The Lord of the Rings](https://openlibrary.org/works/OL27448W/The_Lord_of_the_Rings)","Elves, Hobbits, The Lord of the Rings, hope, fear, magic, Fiction, Fantasy, English Fantasy fiction, Juvenile fiction, Fantastic fiction, Textual Criticism, Middle Earth (Imaginary place), Chinese language materials, Adventure, Fantasy fiction, Frodo Baggins (Fictional character), Frodo Baggins (Fictitious character), Fiction, fantasy, epic, Middle earth (imaginary place), fiction"
After London,Richard Jefferies,1885,2841895.0,fantasy,/works/OL1176822W,pages ; cm,"19th Century Post Apocalypse, Speculative Fiction, Science Fiction, Apocalyptic Fiction, Fantasy, Adventure, Fiction, science fiction, general, British and irish fiction (fictional works by one author), Fiction, dystopian, London (england), fiction, Fiction, FICTION / Alternative History, London (England) -- Fiction, Fiction, action & adventure, England, fiction"
Harry Potter and the Prisoner of Azkaban,J. K. Rowling,1999,10580435.0,fantasy,/works/OL82536W,"For Harry Potter, it’s the start of another far-from-ordinary year at Hogwarts when the Knight Bus crashes through the darkness and comes to an abrupt halt in front of him.

It turns out that Sirius Black, mass-murderer and follower of Lord Voldemort, has escaped – and they say he is coming after Harry.

In his first Divination class, Professor Trelawney sees an omen of death in Harry’s tea leaves.

And perhaps most frightening of all are the Dementors patrolling the school grounds with their soul-sucking kiss – in search of fresh victims.

([source][1])


  [1]: https://www.jkrowling.com/book/harry-potter-prisoner-azkaban/","Fantasy fiction, orphans, foster homes, fantasy, literature, juvenile fantasy fiction, Locus Award winner, Bram Stoker Award winner, Whitbread Book Award winner, Adventure, Juvenile literature, Juvenile works, Juvenile audience, Children's books, Magic, Open Library Staff Picks, Juvenile fiction, Wizards, New York Times bestseller, Schools"
The Royal Book of Oz,Ruth Plumly Thompson,1921,709865.0,fantasy,/works/OL1156218W,Scarecrow searches for his family tree and discovers that he is the Long Lost Emperor of the Silver Island.,"Fantasy, Fiction, Scarecrows, Children's fiction, Oz (imaginary place), fiction, Fantasy fiction, Adventure and adventurers, fiction, Fiction, fantasy, general, Oz (Imaginary place), Juvenile fiction"
Jurgen,James Branch Cabell,1919,5553063.0,fantasy,/works/OL6585796W,"""Jurgen: A Comedy of Justice,"" an entry in the Poictesme series, is an epic fantasy voyage as well as an erotic fable. Cabell himself wrote: ""This fable is, as the world itself, a book wherein each man will find what his nature enables him to see; which gives us back each his own image; and which teaches us each the lesson that each of us desires to learn."" Jurgen was banned for decades because of its explicit content. It was, and remains, a groundbreaking early fantasy novel and a worthy addition to the Wildside Fantasy Classics line.","Classic Literature, Fantasy, Fiction, Middle Ages, Devil, Wives, Poictesme (imaginary place), fiction, Fiction, fantasy, historical, Fiction, fantasy, epic, Fiction, humorous, general, Moyen Âge, Romans, nouvelles, American Fantasy fiction, Stinehour Press. 1976, Fiction, general"
The wood beyond the world,William Morris,1894,5895767.0,fantasy,/works/OL47752W,"<p><a href=""https://standardebooks.org/ebooks/william-morris"">William Morris</a> is famous in no small part for his contributions to defining the genre of modern fantasy literature, and <i>The Wood Beyond the World</i> is a classic example of that influence. Written in a purposefully-antiquated prose style reminiscent of Sir Thomas Malory or other aged fairy tales, <i>The Wood Beyond the World</i> can be difficult for some readers; but those who follow through will enjoy a charming and influential series of picaresque adventures.</p>
			<p>The book follows Golden Walter, a man leaving home who finds himself swept away to an enchanted land. He encounters a fair maiden who is trapped by an enchantress and her consort. Walter must, like all good heroes, save the maiden and see if they can make it to happily ever after.</p>","Classic Literature, Fantasy, Fiction, English fiction, British and irish fiction (fictional works by one author), Fiction, fantasy, general, English Fantasy fiction, Imaginary places, Quests (Expeditions), Fantasy fiction, Science fiction, English literature, Private presses, Comic books, strips"
Harry Potter and the Order of the Phoenix,J. K. Rowling,2003,15158666.0,fantasy,/works/OL82548W,"After the Dementors’ attack on his cousin Dudley, Harry knows he is about to become Voldemort’s next target.

Although many are denying the Dark Lord’s return, Harry is not alone, and a secret order is gathering at Grimmauld Place to fight against the Dark forces.

Meanwhile, Voldemort’s savage assaults on Harry’s mind are growing stronger every day.

He must allow Professor Snape to teach him to protect himself before he runs out of time.
([source](https://www.jkrowling.com/book/harry-potter-order-phoenix/))

---

This work has also been published in multiple volumes. See:

- [Harry Potter and the Order of the Phoenix: III](https://openlibrary.org/works/OL17937113W/Harry_Potter_and_the_Order_of_the_Phoenix_Chapters_17-23)
- [Harry Potter and the Order of the Phoenix: IV](https://openlibrary.org/works/OL17915213W/Harry_Potter_and_the_Order_of_the_Phoenix_Chapters_24-30)","Children's Books/Ages 9-12 Fiction, Witches and warlocks, Juvenile audience, Juvenile works, Magic, Fantasy fiction, Juvenile fiction, Fiction, Fantasy, Friendship, Children's stories, Juvenile literature, Magia, Novela juvenil, Traducciones al español, Escuelas, Novela inglesa, Romans, nouvelles, etc. pour la jeunesse, Magiciens, Magic in fiction"
Charlie and the Chocolate Factory,Roald Dahl,1964,12459564.0,fantasy,/works/OL45790W,"Charlie and the Chocolate Factory is a 1964 children's novel by British author Roald Dahl. The story features the adventures of young Charlie Bucket inside the chocolate factory of eccentric chocolatier Willy Wonka.

Charlie and the Chocolate Factory was first published in the United States by Alfred A. Knopf, Inc. in 1964 and in the United Kingdom by George Allen & Unwin 11 months later. 

In the 2012 survey published by SLJ, a monthly with primarily US audience, Charlie was the second of four books by Dahl among their Top 100 Chapter Books, one more than any other writer. Time magazine in the US included the novel in its list of the 100 Best Young-Adult Books of All Time.","Childrens Media Tie-In Books, Children's Middle Grade Action & Adventure Books, Children's Picture Books, Avarice, Behavior, Chocolat, Chocolate, Chocolate factories, Conducta, Conduct of life, Cuentos humorísticos, Eccentrics and eccentricities, Factories, Fantasy, Ficción juvenil, Fiction, Grandparent and child, Human behavior, Humorous fiction, Humorous stories"
Harry Potter and the Goblet of Fire,J. K. Rowling,2000,12059372.0,fantasy,/works/OL82560W,"The fourth book in the Harry Potter franchise sees Harry returning for his fourth year at Hogwarts School of Witchcraft and Wizardry, along with his friends, Ron and Hermione . There is an upcoming tournament between the three major schools of magic, with one participant selected from each school by the Goblet of Fire. When Harry's name is drawn, even though he is not eligible and is a fourth player, he must compete in the dangerous contest.

---

Contains:

- [Harry Potter and the Goblet of Fire. 2/4](https://openlibrary.org/works/OL17910198W/Harry_Potter_and_the_Goblet_of_Fire._2_4)","orphans, foster homes, Waisenkind, Intrige, Wiederbelebung, Bewährung, Wettkampf, Junge, Sport, Rettung, Jugendbuch, Mord, magier, fictitious schools, juvenile works, juvenile audience, juvenile literature, children's stories, Fiction, Hugo Award Winner"
Мастер и Маргарита,Михаил Афанасьевич Булгаков,1966,12947486.0,fantasy,/works/OL676009W,"*The Master and Margarita* (Russian: Мастер и Маргарита) is a novel by Mikhail Bulgakov, written in the Soviet Union between 1928 and 1940. The story concerns a visit by the devil and his entourage to the officially atheist Soviet Union. The devil, manifested as one Professor Woland, challenges the Soviet citizens' beliefs towards religion and condemns their behavior throughout the book. *The Master and Margarita* combines supernatural elements with satirical dark comedy and Christian philosophy, defying categorization within a single genre. Many critics consider it to be one of the best novels of the 20th century, as well as the foremost of Soviet satires. A censored version, with several chapters cut by editors, was published posthumously in Moscow magazine in 1966–1967 by his widow Elena Bulgakova. The manuscript was not published as a book until 1967, in Paris. A samizdat version circulated that included parts cut out by official censors, and these were incorporated in a 1969 version published in Frankfurt. The novel has since been published in several languages and editions.","satire, humor, Politicians, Good and evil, Alienation, atheism, magicians, bands, political fiction, allegories, Fiction, Literature, Fantasy, Mental illness, Classic Literature, History, Russian Political fiction, Continental european fiction (fictional works by one author), Moscow (russia), fiction, Fiction, humorous"
Sylvie and Bruno,Lewis Carroll,1889,8243045.0,fantasy,/works/OL151430W,"Two little children meet adventure in such places as Dogland, Outland, and Elfland.","Fantasy, Fiction, general, Children's fiction, Fantasy fiction, Electronic publications, Children's literature, English literature, English Authors, Fiction, Dodgson, Charles Lutwidge, 1832-1898 (English mathematician and author), Children, Juvenile fiction, Conduct of life, Adventure stories, Voyages and travels, Magic, Emperors, Teachers, Fairies"
The Moon Pool,A. Merritt,1919,9317374.0,fantasy,/works/OL4104767W,"""On the island of Ponape in the South Pacific, the cold light of a full moon washes over the crumbling ruins of an ancient, vanished civilization. Unleashed from the depths is the Dweller, a glittering, enigmatic force of monstrous terror and radiant beauty that stalks the South Pacific, claiming all in its path. An inter-national expedition led by American Walter Goodwin races to save those who have fallen victim to the Dweller.

The dark mystery behind the malevolent force is Muria, a forgotten, mythic world deep within the earth that is home to a legendary people intent on reclaiming what was theirs long ago. This commemorative edition of The Moon Pool features an introduction by Robert Silverberg, a review of the first edition, and a glossary of the Murian language.""--BOOK JACKET.","Fiction, Botanists, Geographical myths, Paranormal fiction, Kidnapping, Fantasy, Imaginary places, Legends, Fiction, science fiction, general, Fiction, mystery & detective, general, Fiction, fantasy, general, Science fiction, Pacific area, fiction, Oceania -- Fiction, Geographical myths -- Fiction, Botanists -- Fiction, Mythes géographiques, Romans, nouvelles, Botanistes"
The reluctant dragon,"Kenneth Grahame, Jim Weiss, Ernest H. Shepard, Michael Hague",1938,6557137.0,fantasy,/works/OL69602W,"The boy who finds the dragon in the cave knows it is a kindly, harmless one, but how can he convince the frightened villagers and especially St. George the dragon killer that there is no cause for concern?","Fiction, Dragons, Juvenile fiction, Fairy tales, Fairy plays, Fantasy, Friendship, Compromise (Ethics), Children's fiction, Dragons, fiction, George, saint, -303, fiction, Indians of North America, Pictorial works, Fantasy fiction, Friendship, fiction, Adventure and adventurers, fiction, Animals, mythical"
The Story of Doctor Dolittle,Hugh Lofting,1920,5262289.0,fantasy,/works/OL1449046W,"There are some of us now reaching middle age who discover themselves to be lamenting the past in one respect if in none other, that there are no books written now for children comparable with those of thirty years ago.  I say written FOR children because the new psychological business of writing ABOUT them as though they were small pills or hatched in some especially scientific method is extremely popular today.","Animals, Classic Literature, Children's stories, Fiction, Juvenile fiction, Fantasy, Fantasy fiction, Juvenile works, Children's fiction, Animals, fiction, Dolittle, doctor (fictitious character), fiction, Physicians, Human-animal communication, Er tong wen xue, Chang pian xiao shuo, Fiction, fantasy, general, Veterinarians, Voyages and travels, Doctor Dolittle (Fictitious character)"
The Well at the World's End,"William Morris, William Morris",1892,2404583.0,fantasy,/works/OL47750W,"Long ago there was a little land, over which ruled a regulus or kinglet, who was called King Peter, though his kingdom was but little. He had four sons whose names were Blaise, Hugh, Gregory and Ralph: of these Ralph was the youngest, whereas he was but of twenty winters and one; and Blaise was the oldest and had seen thirty winters.","Quests (Expeditions), Fiction, Classic Literature, Fantasy, Fantasy anglaise, Fiction, fantasy, historical, Fiction, fantasy, general, Fiction, general, English literature, Fiction, fantasy, epic, Kings and rulers, Children, Hermits, Fine books, Specimens, Private press books, Fiction, action & adventure"
The water-babies: a fairy tale for a land-baby,Charles Kingsley,1863,6062095.0,fantasy,/works/OL1130038W,"The story follows Tom in his land-life as a climbing boy for a chimney-sweep and in his after-life as a water-baby, where he gains redemption from selfishness as well as from drudgery. On to his fantasy Kingsley grafts a series of digressions and comic asides, through which he comments on a range of contemporary issues.","Chimney sweeps, Fiction, Fairy tales, Open Library Staff Picks, Fiction in English, Children's stories, Children's fiction, Fairies, fiction, Adventure and adventurers, fiction, Fantasy, Painting, Private collections, Royal houses, Art collections, Kings and rulers, Juvenile fiction, Fairies, Marine animals, British and irish fiction (fictional works by one author), Fiction, general"
Charlotte's Web,E. B. White,1952,8461797.0,fantasy,/works/OL483391W,"Charlotte's Web is a book of children's literature by American author E. B. White and illustrated by Garth Williams; it was published on October 15, 1952, by Harper & Brothers. The novel tells the story of a livestock pig named Wilbur and his friendship with a barn spider named Charlotte. When Wilbur is in danger of being slaughtered by the farmer, Charlotte writes messages praising Wilbur (such as ""Some Pig"") in her web in order to persuade the farmer to let him live.


----------
Also contained in:
[Novels](https://openlibrary.org/works/OL483326W)","Farm life, Animals, Juvenile fiction, Domestic animals, Fantasy, Spiders, Fiction, Friendship, Swine, juvenile works, Massachusetts Children's Book Award winner, Readers, Pets, Open Library Staff Picks, Latin language materials, Pigs, Folklore, Spanish language materials, American farm life, Ficción juvenil"
Cien años de soledad,Gabriel García Márquez,1967,12627383.0,fantasy,/works/OL274505W,"*Cien años de soledad* es una novela del escritor colombiano Gabriel García Márquez, ganador del Premio Nobel de Literatura en 1982. Es considerada una obra maestra de la literatura hispanoamericana y universal, cumbre del denominado ""realismo mágico"". Es asimismo una de las obras más traducidas y leídas en español. Narra la historia de la familia Buendía a lo largo de siete generaciones en el pueblo ficticio de Macondo.


----------


*Cien años de soledad* is considered the best work of García Márquez. A novel that narrates the vicisitudes of Aureliano Buendía in the mythic Macondo, a town in some unknown region of Colombia. This novel was written in the magic realism (""realismo mágico""), a style that mix together amazing elements taken by fiction and reality.","Spanish language books, Fiction, Social conditions, Macondo (Imaginary place), novel, magic realism, Latinamerican literature, Condiciones sociales, Novela, Literatura épica, Epic literature, Macondo (Lugar imaginario), Ficción, Spanish language materials, Ficcion, Translations into Arabic, Latin American fiction, Spanish fiction, Translations into Gujarati, Chang pian xiao shuo"
Brood of the Witch-Queen,Sax Rohmer,1924,2011286.0,fantasy,/works/OL2288676W,"Prefatory Notice

The strange deeds of Antony Ferrara, as herein related, are intended to illustrate certain phases of Sorcery as it was formerly practised (according to numerous records) not only in Ancient Egypt but also in Europe during the Middle Ages. In no case do the powers attributed to him exceed those which are claimed for a fully equipped Adept.
      S.R.
~","Fantasy, Fiction, Horror, Witches, Magic, Ancient Egypt, Fiction, horror, Fiction, thrillers, suspense, Fiction, fantasy, general, Fiction, occult & supernatural, Fiction, historical, general, Witches -- Fiction, Fiction, general, Paranormal fiction"
The Horse and His Boy,C. S. Lewis,1954,9184792.0,fantasy,/works/OL71058W,A boy and a talking horse share an adventurous and dangerous journey to Narnia to warn of invading barbarians.,"Fantasy, Children's fiction, Allegory, Aventures, Magie, Frères et soeurs, Roman pour la jeunesse, Chevaux, Narnia (Lieu imaginaire), Romans, nouvelles, etc. pour la jeunesse, Roman fantastique, Fantasy fiction, Adventure and adventurers, fiction, Narnia (imaginary place), fiction, Horses, fiction, Child and youth fiction, Horses, Juvenile fiction, Narnia (Imaginary place), Good and evil"
Fifty-one tales,Lord Dunsany,1915,1979061.0,fantasy,/works/OL83881W,A Wildside Fantasy Classic. Contains 51 of Dunsany's choice fantasy short stories.,"English Fantasy fiction, Fantasy, Fiction, Science Fiction & Fantasy, Fiction, fantasy, short stories, Fiction, fantasy, collections & anthologies, London (england), fiction, Fiction, fantasy, general, Fantasy fiction, English, Shorts, English Short stories, Juvenile fiction"
Harry Potter and the Half-Blood Prince,J. K. Rowling,2005,10716273.0,fantasy,/works/OL82565W,"One summer night, when Dumbledore arrives at Privet Drive to collect Harry Potter, his wand hand is blackened and shriveled, but he will not reveal why.

Rumours and suspicion spread through the wizarding world – it feels as if even Hogwarts itself might be under threat.

Harry is convinced that Malfoy bears the Dark Mark: could there be a Death Eater amongst them?

He will need powerful magic and true friends as, with the help of Dumbledore, he investigates Voldemort’s darkest secrets.

([source][2])

Preceded by: [Harry Potter and the Order of the Phoenix][1]
Followed by: [Harry Potter and the Deathly Hallows][3]


----------
Contains:
[Harry Potter and the Half-Blood Prince [3/4]](https://openlibrary.org/works/OL27299760W)
[Harry Potter and the Half-Blood Prince [4/4]](https://openlibrary.org/works/OL27294904W)

  [1]: https://openlibrary.org/works/OL13716955W/Harry_Potter_and_the_Order_of_the_Phoenix
  [2]: https://www.jkrowling.com/book/harry-potter-half-blood-prince/
  [3]: https://openlibrary.org/works/OL82586W/Harry_Potter_and_the_Deathly_Hallows","orphans, foster homes, romans, magie, adolescence, Quill Award winner, Scottish Children’s Book Award winner, British Book of the Year Award winner, Fiction, Juvenile fiction, Magic, Schools, Witches, Wizards, New York Times bestseller, Fantasy fiction, nyt:series_books=2006-07-15, nyt:series_books=2006-09-16, Romans, nouvelles, etc. pour la jeunesse, Sorciers"
"The little white bird, or, Adventures in Kensington gardens",J. M. Barrie,1902,2808666.0,fantasy,/works/OL461993W,"A few chapters of this story introduced Peter Pan to the reading public. His chapters (13-18) were later published as ""Peter Pan in Kensington Gardens.""","Fiction, Classic Literature, Children, Juvenile fiction, Conduct of life, Peter Pan (Fictitious character), Kindness, Soldiers, Parent and child, Nannies, Fairies, Social life and customs, Fantasy"
Wet Magic,Edith Nesbit,1937,854565.0,fantasy,/works/OL99513W,"On a holiday at the seashore, Bernard, Mavis, Kathleen, and Francis save a mermaid from captivity and, after an incredible magic-filled journey beneath the waves, they must race against time to avert a war and save their underwater friends.","Fantasy fiction, Fantasy, Children's fiction, Magic, fiction, Mermaids, fiction"
James and the Giant Peach,Roald Dahl,1961,8252454.0,fantasy,/works/OL45809W,"***Roald Dahl's first and most widely celebrated book for young people continues to thrill readers around the world.***

**When James accidentally drops some magic crystals by the old peach tree, strange things start to happen.** The peach at the top of the tree begins to grow, and before long it's as big as a house. When James discovers a secret entrance-way into the fruit and crawls inside, he meets wonderful new friends--the Old-Green-Grasshopper, the dainty Ladybug, and the Centipede of the multiple boots. ***After years of feeling like an outsider in his aunts' house, James finally found a place where he belongs. With a snip of the stem, the peach household starts rolling away--and the adventure begins!***

""This is a stunning book to be cherished for its story, a superb fantasy.""***--Chicago Tribune***

""A beautifully written, fantastic book.""***--Christian Science Monitor***","Christian Books, Roald Dahl, children, Children's, Kid's, Tweens, Adolescent, Juvenile, Fiction, Literature, Stories, Fantasy, Fairy tales, Make, Believe, Books, Readers, Chapters, Chapter books, Humor"
Peter Pan in Kensington Gardens,J. M. Barrie,1906,2977086.0,fantasy,/works/OL462123W,<Nothing>,"Fiction, Peter Pan (Fictitious character), Classic Literature, Juvenile Fiction, Children's fiction, Fantasy fiction, Peter pan (fictitious character), fiction, Never-never land (imaginary place), fiction, Fantasy, Libros para niños, Adventure and adventurers, fiction, Parks, Romans, nouvelles, etc. pour la jeunesse, Fiction, fantasy, general, Darling, Wendy (Fictitious character : Barrie), Never-Never Land (Imaginary place), Fairies"
The Magician's Nephew,C. S. Lewis,1955,1072931.0,fantasy,/works/OL71042W,"Digory let out a scream. “What's happened to Polly?” “Congratulate me, my dear boy,” said Uncle Andrew, rubbing his hands. “My experiment has succeeded. The little girl's gone – vanished – right out of this world.” When Digory and Polly discover Uncle Andrew's secret workshop, they are tricked into touching some magic rings that take them right out of this world. But even Uncle Andrew doesn't realise the wonders that lie ahead as they discover the gateway to the magical land of Narnia, where many thrilling adventures await them.","Fantasy, Juvenile fiction, Cartoons and comics, Fiction, Fairy tales, Narnia (Imaginary place), Reading list, Magic, Romance norte americano, Fantasy fiction, Armstrong Elementary, 4th grade, 3rd and 4th grades, St. Marks, Witches, Good and evil, Imaginary Voyages, Translations from English, Children's stories, German, Children: Grades 2-3"
The Master Key,L. Frank Baum,1901,2838027.0,fantasy,/works/OL262383W,A young boy accidentally summons the Demon of Electricity who gives him certain electrical gifts to show the world.,"Electricity, Fiction, Fantasy, Children's stories, Fiction, fantasy, general, Juvenile fiction, Voyages and travels, Adventure stories, Physical sciences, Pirates, War stories, Thieves, Parent and child, Youth, Conduct of life"
Morning Star,H. Rider Haggard,1910,1979130.0,fantasy,/works/OL17506W,,"Fantasy, Fiction, Science Fiction & Fantasy, Fiction, science fiction, general"
The Voyages of Doctor Dolittle,Hugh Lofting,1922,281218.0,fantasy,/works/OL1449063W,"When his colleague Long Arrow disappears, Dr. Dolittle sets off with his assistant, Tommy Stubbins, his dog, Jip, and Polynesia the parrot on an adventurous voyage over tropical seas to floating Spidermonkey Island.","Animals, Classic Literature, Children's stories, Fiction, Juvenile fiction, Voyages and travels, Fantasy, Doctor Dolittle (Fictitious character), Imaginary Voyages, Fairy tales, Fantasy fiction, Newbery Medal, Animals, fiction, Children's fiction, Dolittle, doctor (fictitious character), fiction, Voyages and travels, fiction, Literature and fiction, juvenile, Adventure and adventurers, Veterinarians, Adventure and adventurers, fiction"
"The Lion, the Witch and the Wardrobe",C. S. Lewis,1950,8441376.0,fantasy,/works/OL71037W,"Four adventurous siblings—Peter, Susan, Edmund, and Lucy Pevensie—step through a wardrobe door and into the land of Narnia, a land frozen in eternal winter and enslaved by the power of the White Witch. But when almost all hope is lost, the return of the Great Lion, Aslan, signals a great change . . . and a great sacrifice.

Journey into the land beyond the wardrobe! The Lion, the Witch and the Wardrobe is the second book in C. S. Lewis's classic fantasy series, which has been captivating readers of all ages for over sixty years. This is a stand-alone novel, but if you would like journey back to Narnia, read The Horse and His Boy, the third book in The Chronicles of Narnia.
([source](http://www.cslewis.com/us/books/hardcover/the-lion-the-witch-and-the-wardrobe/9780060234812/))

---

Also contained in:

- [Chronicles of Narnia](https://openlibrary.org/works/OL70988W/The_Chronicles_of_Narnia)
- [Tales of Narnia](https://openlibrary.org/works/OL71080W)","the Blitz, fauns, Turkish Delight, lions, English Children's stories, Fantasy & Magic, Action & Adventure, Classics, juvenile works, English Fantasy fiction, Witches, Winter, Science Fiction & Fantasy, English Christian fiction, Spanish language materials, Fiction, Good and evil, Leones, christianity, Open Library Staff Picks"
The house of the Wolfings,William Morris,1889,12177594.0,fantasy,/works/OL47670W,"<p><i>The House of the Wolfings</i> tells the tale of a band of German Goths living in a wood they call the Mark. Their lives are idyllic until the long shadow of the Roman Empire threatens the peace in their land. Thiodolf, the leader of the Wolfings and a descendant of the ancient gods, must rally the surrounding tribes to defend their home and way of life.</p> <p>Like much of <a href=""https://standardebooks.org/ebooks/william-morris"">Morris’s</a> work, <i>The House of the Wolfings</i> is written in a purposefully-archaic prose style, with significant portions of the dialog presented in verse. His goal was to explore the language and atmosphere of the medieval ages that so fascinated him, and the result is a uniquely rich and evocative narrative.</p> <p>Morris also uses the contrast of the content and agrarian Goths with the violent and rapacious city-dwelling Romans to invoke one of his favorite themes: socialism. Our heroes are happy to live in an egalitarian society, with men and women valued equally, and close to the land and tradition. Meanwhile, the Roman invaders, unhappy in their modern lifestyle, seek personal glory and ever more booty, leading to nothing but destruction.</p> <p>The novel, as a work grounded in reality but with an aspect of the magical or supernatural, is one of the forefathers of modern fantasy fiction. Indeed, <i>The House of the Wolfings</i> was a direct inspiration to J. R. R. Tolkien, who, acknowledging such in a 1960s letter, drew from it concepts as diverse as mysterious dwarves who are talented armorers, to tribes of Goths reminiscent of Tolkien’s Rohan, to a deep forest named Mirkwood.</p>","Fiction in English, Fantasy fiction, Fantasy, Fiction, fantasy, epic, Fiction, fantasy, historical, Fiction, horror, Fiction, romance, fantasy, Fiction, fantasy, general, Classic Literature, Fiction, English fiction"
The Silmarillion,"J.R.R. Tolkien, Christopher Tolkien",1977,14627042.0,fantasy,/works/OL27495W,"A number-one New York Times bestseller when it was originally published, The Silmarillion is the core of J.R.R. Tolkien's imaginative writing, a work whose origins stretch back to a time long before The Hobbit.","Fantasy fiction, Short stories, Middle Earth (Imaginary place), Elves, Fiction, British and irish fiction (fictional works by one author), Fiction, fantasy, epic, Middle earth (imaginary place), fiction, English Fantasy fiction, English literature, Engelse fiksie, fantasy, Bilbo Baggins (Fictitious character), silmaril, Fiction, fairy tales, folk tales, legends & mythology, Fiction, fantasy, dragons & mythical creatures, Fiction, fantasy, action & adventure, English fiction"
The Crock of Gold,James Stephens,1912,5548056.0,fantasy,/works/OL1154817W,"Allegorical fantasy about people, gods, and Irish fairies, in support of a divine doctrine. For other editions, see Author Catalog.","Fantasy, In literature, Fairies, Pan (Deity) in literature, Fiction, Fiction, general, Pan (Greek deity), Quests (Expeditions), Juvenile fiction, Philosophers, Pan (Deity), Ireland, fiction"
The BFG,Roald Dahl,1732,9176033.0,fantasy,/works/OL45885W,"This book is a great book for all ages. It is a fantasy/adventure book.The BFG stands for 'Big Friendly Giant'. He isn't like other giants, instead of going out to different countries to eat children he catches dreams. When he find's a little orphan girl watching him, he kidnaps her because he doesn't want anyone to find out that he was there, but when they arrive at giant's land they become friends and set off into the world to save all the children from the hungry giants.","Open Library Staff Picks, Roald Dahl, Tweens, Teens, Teenagers, YA, Young adult, Juvenile, Fiction, Fantasy, Make-believe, Literature, Chapters, Chapter Book, Books, Story, Stories, Humor, Funny, Adventure"
Northern Lights,Philip Pullman,1995,8747028.0,fantasy,/works/OL28988W,"In a landmark epic of fantasy and storytelling, Philip Pullman invites readers into a world as convincing and thoroughly realized as Narnia, Earthsea, or Redwall. Here lives an orphaned ward named Lyra Belacqua, whose carefree life among the scholars at Oxford's Jordan College is shattered by the arrival of two powerful visitors. First, her fearsome uncle, Lord Asriel, appears with evidence of mystery and danger in the far North, including photographs of a mysterious celestial phenomenon called Dust and the dim outline of a city suspended in the Aurora Borealis that he suspects is part of an alternate universe. He leaves Lyra in the care of Mrs. Coulter, an enigmatic scholar and explorer who offers to give Lyra the attention her uncle has long refused her. In this multilayered narrative, however, nothing is as it seems. Lyra sets out for the top of the world in search of her kidnapped playmate, Roger, bearing a rare truth-telling instrument, the compass of the title. All around her children are disappearing—victims of so-called ""Gobblers""—and being used as subjects in terrible experiments that separate humans from their daemons, creatures that reflect each person's inner being. And somehow, both Lord Asriel and Mrs. Coulter are involved.","Political theology, Polar bears, Kidnapping, Adventure stories, Children and adults, Open Library Staff Picks, Juvenile fiction, Fantasy, Experiments, Witches, Missing persons, Fiction, Belacqua, Lyra (Personaje literario), Bien y mal, Children, Experimentos, Ficción juvenil, Good and evil, Imaginary places, Lugares imaginarios"
Prince Caspian,C. S. Lewis,1951,45897.0,fantasy,/works/OL71069W,"In his effort to bring peace to troubled Narnia, Prince Caspian blows his magic horn to summon Peter, Susan, Lucy, and Edmond to help him with this difficult task.","Fantasy, Narnia (fictional place), Princes, Juvenile fiction, Good and evil, Fiction, Ships, Juvenile, Fairy tales, Fantasy fiction, Children's fiction, Narnia (imaginary place), fiction, Large type books, English Christian fiction, English Fantasy fiction, Children's stories, English, Kings and rulers, Child and youth fiction, Adventure and adventurers, fiction, Children's stories"
Harry Potter and the Deathly Hallows,J. K. Rowling,2007,15158660.0,fantasy,/works/OL82586W,"Harry Potter is leaving Privet Drive for the last time. But as he climbs into the sidecar of Hagrid’s motorbike and they take to the skies, he knows Lord Voldemort and the Death Eaters will not be far behind.

The protective charm that has kept him safe until now is broken. But the Dark Lord is breathing fear into everything he loves. And he knows he can’t keep hiding.

To stop Voldemort, Harry knows he must find the remaining Horcruxes and destroy them.

He will have to face his enemy in one final battle.

([source][1])


----------
See also:

 - [Harry Potter and the Deathly Hallows: 2/2][2]


  [1]: https://www.jkrowling.com/book/harry-potter-deathly-hallows/
  [2]: https://openlibrary.org/works/OL17922343W/Harry_Potter_and_the_Deathly_Hallows_Chapters_20-36","the Elder Wand, children's books, dementors, good and evil, Juvenile literature, Juvenile works, Death, Fiction, Wizards, New York Times bestseller, nyt:series_books=2006-09-16, Schools, Magic, Magia, Ficción juvenil, Novela fantástica, Magos, Escuelas, Juvenile fiction, dark magic"
The Silver Chair,C. S. Lewis,1953,6950992.0,fantasy,/works/OL71078W,Jill and Eustace must rescue the Prince from the evil Witch.,"Fiction, Juvenile Fiction, Science Fiction & Fantasy, Children: Grades 2-3, Imaginary Voyages, Magic, Princes, Fantasy fiction, Children's stories, English, Captives, Good and evil, Brujas, Viajes, Voyages and travels, Novela fantástica, Adventure fiction, Witches, Novela juvenil, Bien y mal, Spanish language"
A Game of Thrones,George R. R. Martin,1996,9269962.0,fantasy,/works/OL257943W,"***A Game of Thrones*** is the inaugural novel in ***A Song of Ice and Fire***, an epic series of fantasy novels crafted by the American author **George R. R. Martin**. Published on August 1, 1996, this novel introduces readers to the richly detailed world of Westeros and Essos, where political intrigue, power struggles, and magical elements intertwine.

The story unfolds through multiple perspectives, each chapter focusing on a different character, allowing readers to experience the narrative from various angles. This complex structure has become a hallmark of Martin's storytelling, immersing readers in the lives and motivations of a diverse cast.

### Plot Summary

Set in the fictional continents of Westeros and Essos, the narrative revolves around the power struggles among noble families vying for the Iron Throne, the seat of power in the Seven Kingdoms of Westeros. The story is rich with political intrigue, betrayal, and epic battles, as well as a deep exploration of themes such as loyalty, honor, and the consequences of power.

### Themes

The novel explores themes of power, loyalty, and the moral complexities of leadership. It delves into the consequences of ambition and the struggle between personal honor and political necessity. The richly detailed world-building and intricate character development make ***A Game of Thrones*** a compelling and immersive read.

### Key Characters

- **Eddard ""Ned"" Stark**: The honorable Lord of Winterfell and Warden of the North, known for his unwavering honor and sense of duty.
- **Catelyn Stark**: The devoted wife of Eddard Stark, whose strength and wisdom guide her family through challenging times.
- **Robert Baratheon**: The King of the Seven Kingdoms, who won the throne through rebellion. His reign is marked by political intrigue and personal struggles, reflecting the broader conflicts of the realm.
- **Cersei Lannister**: The ambitious and cunning Queen of Westeros, whose political acumen and determination make her a formidable presence in the court.
- **Jaime Lannister**: A skilled swordsman and member of the Kingsguard, known for his prowess in battle and complex loyalties.
- **Tyrion Lannister**: The witty and resourceful dwarf, known for his sharp mind and cunning, navigating the treacherous politics of the realm.
- **Daenerys Targaryen**: An exiled princess of House Targaryen, seeking to reclaim her birthright and restore her family's dynasty.
- **Jon Snow**: The bastard son of Eddard Stark, who joins the Night's Watch and faces unique challenges in the far north.
- **Sansa Stark**: The eldest daughter of Eddard Stark, initially known for her naivety and romantic ideals, who learns to navigate the complexities of court life.
- **Arya Stark**: The youngest daughter of Eddard Stark, known for her spirited and adventurous nature, seeking her own path in the world.
- **Bran Stark**: The second son of Eddard Stark, whose life takes a dramatic turn.

### Awards and Recognition

- Winner of the 1997 Locus Award
- Nominated for the 1997 Nebula Award
- Nominated for the 1997 World Fantasy Award
- Winner of the 1997 Hugo Award for Best Novella for ""Blood of the Dragon,"" which includes the Daenerys Targaryen chapters from the novel
- Became a New York Times Bestseller in January 2011 and reached No. 1 on the list in July 2011

Followed by: [***A Clash of Kings***][1]

[1]: https://openlibrary.org/works/OL257939W","Adult, Action & Adventure, Fantasy, High Fantasy, Epic, Epic Fantasy, Epic Fiction, Epic Literature, Fiction, fantasy, epic, Fiction, fantasy, general, Science Fiction, Fantastic Fiction, Fiction, Ficción, Moral Ambiguity, Betrayal, Loyalty, Family, Revenge, Vengeance"
Lost Horizon,James Hilton,1933,4656607.0,fantasy,/works/OL2455093W,"Following a plane crash, Conway, a British consul; his deputy; a missionary; and an American financier find themselves in the enigmatic snow-capped mountains of uncharted Tibet. Here they discover a seemingly perfect hidden community where they are welcomed with gracious hospitality. Intrigued by its mystery, the travellers set about discovering the secret hidden at the shimmering heart of Shangri-La.","Fiction, Survival after airplane accidents, shipwrecks, Utopias, Shangri-La (Imaginary place), Folklore, Survival, Fantasy, Adventure, Fiction, visionary & metaphysical, Shangri-la (imaginary place), fiction, Fiction, action & adventure, Adventure stories, Fantasy fiction, Large type books, Roman, Tibet, Fiction, fantasy, general, Airplane crash survival, Travel, English literature"
Where the Wild Things Are,Maurice Sendak,1963,50842.0,fantasy,/works/OL2568879W,"This is an inspired children's book about a boy's passage through tempestuous aspects of life.

Max, a naughty little boy, sent to bed without his supper, sails to the land of the wild things, where he becomes their king.","Caldecott Medal, Dreams, Fantasy, Fantasy fiction, Fiction, Imagination, Juvenile fiction, Miniature books, Monsters, Specimens, Fantasty, Monstruos, Fantasía, Spanish language materials, Novela, open_syllabus_project, Kings and rulers, Conduct of life, Fairy tales, Children"
Little Wizard stories of Oz,L. Frank Baum,1914,430876.0,fantasy,/works/OL18394W,"Six tales present further the adventures of Dorothy and Toto, Ozma, Tiktok, Jack Pumpkinhead, the Tin Woodman, and other characters from the land of Oz.","Fantasy, Short stories, Children's stories, American, Children's fiction, Fantasy fiction, Oz (imaginary place), fiction, Wizards, fiction"
Catching Fire,Suzanne Collins,2009,12646539.0,fantasy,/works/OL5735360W,"Against all odds, Katniss Everdeen has won the Hunger Games. She and fellow District 12 tribute Peeta Mellark are miraculously still alive. Katniss should be relieved, happy even. After all, she has returned to her family and her longtime friend, Gale. Yet nothing is the way Katniss wishes it to be. Gale holds her at an icy distance. Peeta has turned his back on her completely. And there are whispers of a rebellion against the Capitol—a rebellion that Katniss and Peeta may have helped create. 

Much to her shock, Katniss has fueled an unrest that she's afraid she cannot stop. And what scares her even more is that she's not entirely convinced she should try. As time draws near for Katniss and Peeta to visit the districts on the Capitol's cruel Victory Tour, the stakes are higher than ever. If they can't prove, without a shadow of a doubt, that they are lost in their love for each other, the consequences will be horrifying.

In Catching Fire, the second novel of the Hunger Games trilogy, Suzanne Collins continues the story of Katniss Everdeen, testing her more than ever before . . . and surprising readers at every turn.","Action/Adventure, Fantasy, teen fiction, juvenile works, interdependence, independence, Games, Apocalyptic literature, Competition, teenage girls, sisters, poverty, Contests, Insurgency, Open Library Staff Picks, Survival, Fiction, Interpersonal relations, Television programs, Dystopias"
A strange manuscript found in a copper cylinder,James De Mille,1888,5647709.0,fantasy,/works/OL96167W,"Four men aboard a boat find the titular strange manuscript in a cylindar floating in the sea. It turns out to be the story of Adam More, a sailor stranded in a savage hidden country in Antarctica. In this ""nation"" are everything from cannibals to kings and the bizarre citizens love death and poverty as other nations love life and prosperity. Can Adam escape...?","Canadian fiction (English), CIHM, Roman canadien-anglais, ICMH, Fiction, mystery & detective, general, History, FICTION, Fantasy, General, Canadian fiction, Canadian literature, Fiction, science fiction, general, Sea stories, Utopias, Canadian Science fiction, Fiction, science fiction, action & adventure, Science fiction, English literature"
Mary Poppins,Pamela L. Travers,1934,7421.0,fantasy,/works/OL262141W,"An extraordinary English nanny blows in on the East Wind with her parrot-headed umbrella and magic carpetbag and introduces her charges, Jane and Michael, to some delightful people and experiences.","Magic, Translations into Thai, Children's stories, Thai, Translations from English, Children's stories, English, Magic in fiction, Fiction, Fantasy, England in fiction, Fairy tales, Mary Poppins (Fictitious character), Children's stories, Translations into Russian, Juvenile fiction, Nannies, Fantasy fiction, Magic, fiction, Children's fiction, Babysitters, fiction, Family life, fiction"
Watership Down,"Richard Adams, Richard Adams",1972,6450196.0,fantasy,/works/OL2096536W,"*Watership Down* is the compelling tale of a group of wild rabbits struggling to hold onto their place in the world—soon to be a BBC and Netflix animated miniseries starring James McAvoy, Nicholas Hoult, and Oscar and Grammy award-winning Sir Ben Kingsley.

A phenomenal worldwide bestseller for more than forty years, Richard Adams's *Watership Down* is a timeless classic and one of the most beloved novels of all time. Set in England's Downs, a once idyllic rural landscape, this stirring tale of adventure, courage and survival follows a band of very special creatures on their flight from the intrusion of man and the certain destruction of their home. Led by a stouthearted pair of brothers, they journey forth from their native Sandleford Warren through the harrowing trials posed by predators and adversaries, to a mysterious promised land and a more perfect society.","Rabbits, Adventure and adventurers, Open Library Staff Picks, Fiction, Children's stories, Survival, Juvenile fiction, Adventure stories, English Fantasy fiction, Nature, Fantasy fiction, Effect of human beings on, Adventure fiction, Quests, Large type books, German fiction, Translations from English, Translations into German, English fiction, Children's fiction"
"Momo oder Die seltsame Geschichte von den Zeit-Dieben und von dem Kind, das den Menschen die gestohlene Zeit zurückbrachte",Michael Ende,1973,8574580.0,fantasy,/works/OL2271626W,"*The Neverending Story* is Michael Ende's best-known book, but *Momo,* published six years earlier, is the all-ages fantasy novel that first won him wide acclaim. After the sweet-talking gray men come to town, life becomes terminally efficient. Can Momo, a young orphan girl blessed with the gift of listening, vanquish the ashen-faced time thieves before joy vanishes forever?","Girls, Juvenile fiction, Time, Literatura infantil alemana, fiction, fantasy, interest, tortoises, future, lilies, Children's fiction, Children, fiction, Fairy tales, Fantasy fiction, Friendship, Korean language, Korean language materials, Fiction, general, Friendship, fiction, German language materials"
The Lightning Thief,Rick Riordan,2005,7239831.0,fantasy,/works/OL492658W,"Twelve-year-old Percy Jackson is on the most dangerous quest of his life.  With the help of a satyr and a daughter of Athena, Percy must journey across the United States to catch a thief who has stolen the original weapon of mass destruction—Zeus’ master bolt.  Along the way, he must face a host of mythological enemies determined to stop him.  Most of all, he must come to terms with a father he has never known, and an Oracle that has warned him of betrayal by a friend.","Serie:Percy_Jackson_and_the_Olympians, Fiction, Greek Mythology, Juvenile fiction, Camps, Friendship, Fantasy fiction, Fantasy, Young Adult Fiction, New York Times bestseller, nyt:series_books=2007-07-21, Mythology, Greek, Identity, Adaptations, Greek Gods, Cartoons and comics, Children's fiction, Camps, fiction, Gods, fiction, Action & Adventure"
Brave New World,Aldous Huxley,1932,8231823.0,science_fiction,/works/OL64365W,"Originally published in 1932, this outstanding work of literature is more crucial and relevant today than ever before. Cloning, feel-good drugs, antiaging programs, and total social control through politics, programming, and media -- has Aldous Huxley accurately predicted our future? With a storyteller's genius, he weaves these ethical controversies in a compelling narrative that dawns in the year 632 AF (After Ford, the deity). When Lenina and Bernard visit a savage reservation, we experience how Utopia can destroy humanity. A powerful work of speculative fiction that has enthralled and terrified readers for generations, Brave New World is both a warning to be heeded and thought-provoking yet satisfying entertainment. - Container.","Utopias, Brainwashing, Moral and ethical aspects of Science, Fiction, Science and state, Social problems, Passivity (Psychology), Culture, Propaganda, Genetic engineering, English fiction, Science fiction, Dystopias, Totalitarianism, Collectivism, Control (Psychology), History and criticism, Ciencia-ficción, Lavado de cerebro, Ficción"
The Jewel of Seven Stars,Bram Stoker,1902,2760301.0,science_fiction,/works/OL85891W,"This dark fantasy Bram Stoker book is full of suspense.  Set in ancient Egypt, it will keep you on the edge of your seat with a twist Please Note:  This book is easy to read in true text, not scanned images that can sometimes be difficult to decipher.  This eBook has bookmarks at chapter headings and is printable up to two full copies per year.at the end.  A must for Bram Stoker fans.","Mummies, Horror, Fiction, Archaeologists, Classic Literature, Thriller, Fiction, horror, Archaeologists, fiction, British and irish fiction (fictional works by one author), History, Mummies in fiction, Archaeologists in fiction, Gems, Egyptian Magic, Antiquities, Antiquités, Romans, nouvelles, Science fiction"
The Iron Heel,Jack London,1907,8243314.0,science_fiction,/works/OL74502W,"Generally considered to be ""the earliest of the modern Dystopian,"" it chronicles the rise of an oligarchic tyranny in the United States. It is arguably the novel in which Jack London's socialist views are most explicitly on display. A forerunner of soft science fiction novels and stories of the 1960s and 1970s, the book stresses future changes in society and politics while paying much less attention to technological changes.","Revolutions, fiction, Oligarchy, fiction, Utopias,  fiction, Revolutionaries, fiction, Dysyopias, fiction, Science Fiction, Socialism,  fiction, Classic Literature, American fiction (fictional works by one author), Fiction, political, Fiction, historical, United States, fiction, Political fiction, Utopias, Fiction, Oligarchy, Revolutionaries, Revolutions"
Flatland,Edwin Abbott Abbott,1884,10069547.0,science_fiction,/works/OL118388W,"Flatland: A Romance of Many Dimensions, though written in 1884, is still considered useful in thinking about multiple dimensions. It is also seen as a satirical depiction of Victorian society and its hierarchies. A square, who is a resident of the two-dimensional Flatland, dreams of the one-dimensional Lineland. He attempts to convince the monarch of Lineland of the possibility of another dimension, but the monarch cannot see outside the line. The square is then visited himself by a Sphere from three-dimensional Spaceland, who must show the square Spaceland before he can conceive it. As more dimensions enter the scene, the story's discussion of fixed thought and the kind of inhuman action which accompanies it intensifies.","Fourth dimension, Fiction, general, Open Library Staff Picks, Denkbeeldige landen, Film and video adaptations, Meetkunde, Science Fiction, Geometry, Film adaptations, Fiction, Imaginary places, Historical Fiction, Mathematics, Classic Literature, Specimens, Dimension 4., Reading Level-Grade 11, Reading Level-Grade 12, Large type books, English Science fiction"
The Invisible Man,H. G. Wells,0,6419199.0,science_fiction,/works/OL52266W,"This book is the story of Griffin, a scientist who creates a serum to render himself invisible, and his descent into madness that follows.","Ciencia-ficción, Classic Literature, Fiction, Mentally ill, Science Fiction & Fantasy, Science fiction, Scientists, English Science fiction, Experiments, Adaptations, Time travel, British and irish fiction (fictional works by one author), England, fiction, Scientists, fiction, Children's fiction, Mystery and detective stories, Literature and fiction, science fiction, Fiction, science fiction, general, English literature, English fiction, history and criticism, 20th century"
The Princess and Curdie,George MacDonald,1832,14357835.0,science_fiction,/works/OL15448W,"With the help of a mysterious fairy queen who provides monstrous but gentle creatures to aid him, a miner's son takes on the dangerous task of helping the king and princess confound their enemies and save the kingdom.","Fairy tales, Princesses, Fiction, Fiction, general, Princesses, fiction, Children's fiction, General, Juvenile Fiction, Fiction - General, Children: Kindergarten, Fairy Tales & Folklore - General, Classic fiction, Science fiction, Classics, Science Fiction, Fantasy, & Magic, Children's 9-12 - Literature - Classics / Contemporary, Magic, fiction, Goblins, Quests"
The War of the Worlds,H. G. Wells,0,36314.0,science_fiction,/works/OL52114W,"The ultimate science fiction classic: for more than one hundred years, this compelling tale of the Martian invasion of Earth has enthralled readers with a combination of imagination and incisive commentary on the imbalance of power that continues to be relevant today. The style is revolutionary for its era, employing a sophisticated first and third person account of the events which is both personal and focused on the holistic downfall of Earth's society. The Martians, as evil, mechanical and unknown a threat they are, remain daunting in today's society, where, despite technology's mammoth advances, humanity's hegemony over Earth is yet to be called into question. In Well's introduction to the book, where the character discusses with the later deceased Ogilvy about astronomy and the possibility of alien life defeating the 'savage' (to them) nineteenth-century Britain, is he insinuating that this is the truth and fate of humanity? It's up to you to decide…","Imaginary wars and battles, Juvenile fiction, Space warfare, Science Fiction & Fantasy, Fiction, Diseases, Martians, Invasions, Classic Literature, Open Library Staff Picks, open_syllabus_project, English Science fiction, Imaginary wars and battles in literature, Mars (Planet), Science fiction, Space vehicles, Earth, Romance Ingles, Fiction, science fiction, general, British and irish fiction (fictional works by one author)"
The Napoleon of Notting Hill,Gilbert Keith Chesterton,1904,6980094.0,science_fiction,/works/OL76473W,"A witty and surreal novel of the future.

In a rather dull stuck-in-a-rut future, a prankster chosen randomly to be King of England revives the old ways and inadvertently arouses romantic patriotism and civil war between the boroughs of London.","Fiction, Classic Literature, Science Fiction, Politics and government, English fiction, Political fiction, Fantastic fiction, London (england), fiction, British and irish fiction (fictional works by one author), Fiction, political, Fiction, fantasy, general, Translations into Russian, Fiction, general, Fantasy fiction, Notting Hill (London, England) -- Fiction"
The Last Man,Mary Shelley,1826,882662.0,science_fiction,/works/OL450124W,"Mary Shelley, the author of [*Frankenstein*][1], wrote the apocalyptic novel The Last Man in 1826. Its first person narrative tells the story of our world standing at the end of the twenty-first century and - after the devastating effects of a plague - at the end of humanity. In the book Shelley writes of weaving this story from a discovery of prophetic writings uncovered in a cave near Naples. The Last Man was made into a 2008 film.


  [1]: http://openlibrary.org/works/OL450125W/Frankenstein","Fiction, Plague, Twenty-first century, End of the world, British and irish fiction (fictional works by one author), Fiction, fantasy, general, Fiction, science fiction, general, English literature, Twenty-first century -- Fiction, End of the world -- Fiction, Plague -- Fiction, Long Now Manual for Civilization, Fiction, general, Science fiction, Epidemics -- Fiction"
The warlord of Mars #3,Edgar Rice Burroughs,1914,207141.0,science_fiction,/works/OL1418137W,"The Warlord of mars is the last book in the trilogy that Mr. Burroughs did not intend to write. The first book being:  “The Princess of Mars” and the second being: “The God of Mars”.   The book takes up 6 months after “The Princess of Mars” Where our hero Carter is relentless in trying to find his princess and the villain “Thurid” whom has taken her. Please Note:  This book is easy to read in true text, not scanned images that can sometimes be difficult to decipher.  This eBook has bookmarks at chapter headings and is printable up to two full copies per year.","Classic Literature, Fiction, Historical Fiction, Science Fiction, Dejah Thoris (Fictitious character), real science fiction, John Carter, Mars, Martian series, tharks, throats, sward, ochre, Helium, airships, glass needles, air guns, swords, gravity, Apache"
Vingt mille lieues sous les mers,Jules Verne,1870,6573517.0,science_fiction,/works/OL1099280W,"A nineteenth-century science fiction tale of an electric submarine, its eccentric captain, and undersea world, which anticipated many of the scientific achievements of the twentieth century.","Toy and movable books, Fiction, Specimens, Underwater exploration, French language, Submarine boats, Translations from French, Submarines, Children's stories, French, Underwater exploration in fiction, Sea stories, Adaptations, Open Library Staff Picks, Children's stories, English, Submarinos, Science fiction, Submarines (Ships), Adventure stories, French fiction, French Adventure stories"
The Strange Case of Dr. Jekyll and Mr. Hyde,Robert Louis Stevenson,1875,295773.0,science_fiction,/works/OL24156W,"Mr. Gabriel Utterson is a serious, austere lawyer living a humdrum life in Victorian London. Yet there is a strange clause in his friend, Dr. Henry Jekyll's will: should he disappear for more than 3 months, everything will be inherited by Hyde. But after Edward Hyde's darker nature is revealed one dark winters night, Mr. Utterson begins to investigate the connection between the two men, and finds the dark secret binding them closer then he could have ever thought imaginable.

Adapted countless times in film, some times in video game form, and referenced countless times in popular culture, here is the story that started it all: The Strange Case of Dr. Jekyll & Mr. Hyde!","Fiction, Physicians, Physicians in fiction, Multiple personality in fiction, Multiple personality, Self-experimentation in medicine in fiction, Self-experimentation in medicine, Ficción, Médicos, Novela de terror, Personalidad múltiple, Supernatural in fiction, Supernatural, Horror stories, Horror fiction, Conduct of life, London (England), Science Fiction & Fantasy, England in fiction, Scottish Horror tales"
The Poison Belt,Arthur Conan Doyle,1913,5788361.0,science_fiction,/works/OL262596W,"Being an account of another adventure of Prof. George E. Challenger, Lord John Roxton, Prof. Summerlee and Mr E. D. M
alone, the discoverers of ""The Lost World"".","Professor Challenger (Fictitious character), Fiction, Classic Literature, Science Fiction, British and Irish fiction (fictional works by one author), Fiction, science fiction, general, Fiction, science fiction, action & adventure, Challenger, professor (fictitious character), fiction, English Science fiction, Large type books, Fiction, mystery & detective, general, Black death, Chorea, epidemic, Fiction, action & adventure, Fiction, mystery & detective, traditional"
The Gods of Mars,Edgar Rice Burroughs,1918,207132.0,science_fiction,/works/OL1417942W,"After the long exile on Earth, John Carter finally returned to his beloved Mars. But beautiful Dejah Thoris, the woman he loved, had vanished. Now he was trapped in the legendary Eden of Mars--an Eden from which none ever escaped alive.","Fiction, science fiction, general, American Science fiction, Classic Literature, Fiction, Historical Fiction, Science fiction, Science fiction, American, John Carter (Fictitious character), Life on other planets, English Science fiction, Fiction, science fiction, action & adventure, Fiction, action & adventure, Fiction, classics, Fiction, science fiction, space opera"
The Chessmen of Mars,Edgar Rice Burroughs,1922,1930755.0,science_fiction,/works/OL1418244W,"SHEA had just beaten me at chess, as usual, and, also as usual, I had gleaned what questionable satisfaction I might by twitting him with this indication of failing mentality by calling his attention to the nth time to that theory, propounded by certain scientists, which is based upon the assertion that phenomenal chess players are always found to be from the ranks of children under twelve, adults over seventy-two or the mentally defective - a theory that is lightly ignored upon those rare occasions that I win.","Classic Literature, Fiction, Historical Fiction, Science fiction, Barsoom, Fiction, science fiction, action & adventure, Barsoom (imaginary place), fiction, Carter, john (fictitious character), fiction, American Science fiction, Extraterrestrial beings, John Carter (Fictitious character), Dejah Thoris (Fictitious character), Life on other planets, American literature, Mars (Planet) -- Fiction, Fiction, action & adventure, Fiction, classics, Fiction, science fiction, space opera"
The Machine Stops,E. M. Forster,1909,7793883.0,science_fiction,/works/OL88800W,,"English literature, Children's fiction, Science fiction, Technology, Social aspects, Environmental disasters, Fiction, Culture, Internet, Art and society, Catastrophes écologiques, Romans, nouvelles, Aspect social, Art et société, Fiction, science fiction, general, Fiction, fantasy, general"
The Island of Dr. Moreau,H. G. Wells,1896,968312.0,science_fiction,/works/OL381550W,"Ranked among the classic novels of the English language and the inspiration for several unforgettable movies, this early work of H. G. Wells was greeted in 1896 by howls of protest from reviewers, who found it horrifying and blasphemous. They wanted to know more about the wondrous possibilities of science shown in his first book, The Time Machine, not its potential for misuse and terror. In The Island of Dr. Moreau, a shipwrecked gentleman named Edward Prendick, stranded on a Pacific island lorded over by the notorious Dr. Moreau, confronts dark secrets, strange creatures, and a reason to run for his life.

While this riveting tale was intended to be a commentary on evolution, divine creation, and the tension between human nature and culture, modern readers familiar with genetic engineering will marvel at Wells’s prediction of the ethical issues raised by producing “smarter” human beings or bringing back extinct species. These levels of interpretation add a richness to Prendick’s adventures on Dr. Moreau’s island of lost souls without distracting from what is still a rip-roaring good read.","Islands, Survival after airplane accidents, shipwrecks, Fiction, Animal experimentation, Horror stories, Fiction, science fiction, general, English literature, Science fiction, Occultism, English Science fiction, Shipwreck survival, Animal experimentation -- Fiction, British and irish fiction (fictional works by one author), Large type books, Island of Dr. Moreau (Motion picture : 1977), Science, Ethics, Shipwreck survival -- Fiction, Islands -- Fiction, Children's fiction"
Gullivar of Mars,Edwin Lester Linden Arnold,1964,573770.0,science_fiction,/works/OL5960415W,,"Fiction, Military art and science, history, Fiction, science fiction, general, Classic Literature, Science Fiction, Fiction, science fiction, space opera"
Fahrenheit 451,Ray Bradbury,1953,12993656.0,science_fiction,/works/OL103123W,"Fahrenheit 451 is a 1953 dystopian novel by American writer Ray Bradbury. Often regarded as one of his best works, the novel presents a future American society where books are outlawed and ""firemen"" burn any that are found. The book's tagline explains the title as ""'the temperature at which book paper catches fire, and burns"": the autoignition temperature of paper. The lead character, Guy Montag, is a fireman who becomes disillusioned with his role of censoring literature and destroying knowledge, eventually quitting his job and committing himself to the preservation of literary and cultural writings.

The novel has been the subject of interpretations focusing on the historical role of book burning in suppressing dissenting ideas for change. In a 1956 radio interview, Bradbury said that he wrote Fahrenheit 451 because of his concerns at the time (during the McCarthy era) about the threat of book burning in the United States. In later years, he described the book as a commentary on how mass media reduces interest in reading literature.

In 1954, Fahrenheit 451 won the American Academy of Arts and Letters Award in Literature and the Commonwealth Club of California Gold Medal. It later won the Prometheus ""Hall of Fame"" Award in 1984 and a ""Retro"" Hugo Award, one of a limited number of Best Novel Retro Hugos ever given, in 2004. Bradbury was honored with a Spoken Word Grammy nomination for his 1976 audiobook version.

---

Also contained in:

- [451° по Фаренгейту: Рассказы](https://openlibrary.org/works/OL17811384W/Fahrenheit_451_stories)
- [451° по Фаренгейту: повести и рассказы](https://openlibrary.org/works/OL27741633W)
- [Works](https://openlibrary.org/works/OL28185143W)","Mechanical Hound, girl next door, Long Now Manual for Civilization, Terrorismo estatal, Censura, Novela, Totalitarismo, science fiction, political fiction, satire, Zukunft, State-sponsored terrorism, Totalitarianism, Book burning, Censorship, Fiction, American Science fiction, Fictional Works, Terrorism, Reading Level-Grade 7"
The Coming Race,"Edward Bulwer Lytton, Baron Lytton",1871,2751882.0,science_fiction,/works/OL61825W,"The Coming Race, an early science-fiction work, with its superman race the Vril-ya descended from the same ancestors as the great Aryan family, from which in varied streams has flowed the dominant civilization of the world spawned a occult secret society known as the Vril Society or Luminous Lodge - its philosphy and swastika symbol profoundly influenced the Nazis.     Please Note:  This book has been reformatted to be easy to read in true text, not scanned images that can sometimes be difficult to decipher.  The Microsoft eBook has a contents page linked to the chapter headings for easy navigation. The Adobe eBook has bookmarks at chapter headings and is printable up to two full copies per year.  Both versions are text searchable.","Underground areas, Subterranean civilization in fiction, Utopias, Subterranean Civilization, Fiction, Utopias in fiction, Underground areas in fiction, Pausanias, in fiction, Fiction, historical, general, Fiction, science fiction, general, Nonfiction, Philosophy, British and irish fiction (fictional works by one author), Milton, john, 1608-1674, Occultism, Science fiction, Utopias -- Fiction, Utopian fiction, Civilization, Subterranean -- Fiction, Underground areas -- Fiction"
"The king of the Golden River; or, The black brothers",John Ruskin,1839,5884126.0,science_fiction,/works/OL88599W,Through kindness a boy regains for himself the treasure his cruel older brothers lost.,"Fairy tales, Contes de fées, Conduct of life, Juvenile fiction, Brothers, Families, Children's literature, Readers, Legends, Texts, Shorthand, Benn Pitman, Kindness, Brothers and sisters, Folklore, Romance Ingles, Juvenile literature, Children: Grades 4-6, Brothers and sisters, fiction, Children's fiction"
At the Earth's Core,Edgar Rice Burroughs,1914,9317372.0,science_fiction,/works/OL1417907W,"Dr. Abner Perry has invented a high-calibration digging machine affectionately called 'The Iron Mole'. While testing his invention with his financial backer and former student David Innes, the machine malfunctions and the pair end up burrowing deep into the earth to emerge in Pellucidar, a lush underground cavern filled with giant prehistoric creatures. While fleeing one such creature, Dr. Perry and David are captured by strange inhuman soldiers, called Sagoths, and placed with other human slaves, where they meet Ghak and the beautiful Princess Dia. Dia is kidnapped by another human named Hoojah the Sly One, while Dr. Perry, David and the slaves are taken to the city of the Majars, large telepathic bird-like creatures that rule the underground world. While David is sent to repair the walls that protect the city from the molten lava, Dr. Perry is sent to transcribe books in the Majar's library. David is able to escape his captors and finds a secret passage out of the Majar city. Outside, David meets Ra, the chief of a human tribe. David suggests that Ra organize the tribes to defeat the Majar but Ra shows David the Majar's true power by taking him to the Majar's grotto where he witnesses one of the Majars hypnotize a female slave before swooping down and carrying her off in its powerful talons. While sneaking back into the city, David and Ra are captured and forced to battle a huge monster but they prevail, killing a Majar in the process. Seeing that the Majar are not invincible, the slaves revolt, allowing David and Ra to escape with Ghak and Dr. Perry. Along the way, Dr. Perry shows David the 'secret of the Majar', a nursery where all the Majar are born. David vows to destroy the Majars but first, he must rescue Dia from Jubal the Ugly One. With the aid of Ra and Ghak, David unites the human tribes and arms them with primitive weapons but the telepathic Majar are prepared for their attack. At first, the battle doesn't go well, with Dia and Dr. Perry being captured but Ra is able to destroy the nursery by unleashing the lava at the cost of his own life. Hypnotized by a Majar, Dia is about to be killed when David and the other humans arrive to save her and Dr. Perry. As the humans flee the city, it is consumed by lava, killing all the Majar. Returning to the surface, David asks Dia to come with him but she says she cannot and the two sadly part company.","American Science fiction, Classic Literature, Core, Earth, Fiction, Juvenile Fiction, Science Fiction & Fantasy, Science fiction, Fiction, science fiction, action & adventure, Fantasy fiction, Planets, Fiction, general, Adventure stories, Earth (Planet) -- Core -- Fiction, Fiction, science fiction, general, Fiction, action & adventure, American literature"
In the days of the comet,H. G. Wells,1906,5783892.0,science_fiction,/works/OL52252W,"H. G. Wells, in his 1906 In the Days of the Comet uses the vapors of a comet to trigger a deep and lasting change in humanity's perspective on themselves and the world. In the build-up to a great war, poor student William Leadford struggles against the harsh conditions the lower-class live under. He also falls in love with a middle-class girl named Nettie. But when he discovers that Nettie has eloped with a man of upper-class standing, William struggles with the betrayal, and in the disorder of his own mind decides to buy a revolver and kill them both. All through this a large comet lights the night sky with a green glow, bright enough that the street lamps are left unlit.","Classic Literature, Collisions with Earth, Comets, Fiction, Fiction in English, Science fiction, Utopias, Fiction, science fiction, general, Fiction, political, British and irish fiction (fictional works by one author), London (england), fiction, Fiction, historical, general, Fantasy fiction"
Мы,Евгений Иванович Замятин,1924,5484189.0,science_fiction,/works/OL10215W,"Wikipedia

We is set in the future. D-503, a spacecraft engineer, lives in the One State, an urban nation constructed almost entirely of glass, which assists mass surveillance. The structure of the state is Panopticon-like, and life is scientifically managed F. W. Taylor-style. People march in step with each other and are uniformed. There is no way of referring to people except by their given numbers. The society is run strictly by logic or reason as the primary justification for the laws or the construct of the society. The individual's behavior is based on logic by way of formulas and equations outlined by the One State.

We is a dystopian novel completed in 1921. It was written in response to the author's personal experiences with the Russian revolutions of 1905 and 1917, his life in the Newcastle suburb of Jesmond and work in the Tyne shipyards at nearby Wallsend during the First World War. It was at Tyneside that he observed the rationalization of labor on a large scale.","Literature: Texts, Untranslated Fiction - General, Literature - Classics / Criticism, Literary Criticism, Russian & Former Soviet Union, Fiction, science fiction, general, Fiction, dystopian, Classic Literature, Fiction, Science Fiction, Political fiction, Dystopias, Russian fiction, Russian prose, totalitarianism, Russian satire, dystopia, Russian language materials, Authoritarianism, Modern fiction"
De la terre à la lune,Jules Verne,1865,5943556.0,science_fiction,/works/OL1099479W,Novela grafica,"Continental european fiction (fictional works by one author), Fiction, science fiction, general, Ciencia-ficción, French language, Imaginary Voyages, Readers, French Science fiction, Voyages and travels, Fiction, Large type books, Space ships, Manned space flight, Space race, Space flight to the moon, Science fiction, Illustraties, Frans, Science fiction, French - Translations into English, Engineering mathematics, Juvenile fiction"
"Thuvia, Maid of Mars","Edgar Rice Burroughs, Craig Trahan, Eric King, J. Allen St. John",1916,284442.0,science_fiction,/works/OL1418128W,"Thuvia, Maid of Mars, is the next generation of Barsoomains. Instead of John Carter “Warlord of Mars”, it is his son, Cathoris, that gets to try to rescue the princess Thuvia that has been kidnapped by the evil prince Astok of Dusar. This is another Edgar Burroughs action packed science fiction adventure.Please Note:  This book is easy to read in true text, not scanned images that can sometimes be difficult to decipher.  This eBook has bookmarks at chapter headings and is printable up to two full copies per year.","American Science fiction, Fiction, Science fiction, American, Science Fiction, Classic Literature, John Carter (Fictitious character), Martians, Fiction, science fiction, general, Fiction, science fiction, action & adventure, Barsoom (imaginary place), fiction, Carter, john (fictitious character), fiction, Extraterrestrial beings, American literature, Martians -- Fiction, Mars (Planet) -- Fiction, Mars (Planet), Fiction, action & adventure"
Voyage au Centre de la Terre,Jules Verne,1867,5890987.0,science_fiction,/works/OL1099513W,"Three explorers descend to the center of the earth, where they encounter tumultuous storms, wild prehistoric animals, and fierce cavemen.","Fiction, Science fiction, Imaginary Voyages, Imaginary voyages in fiction, Explorers in fiction, Explorers, Cartoons and comics, Adventure and adventurers, Adventure and adventurers in fiction, French Science fiction, Voyages and travels, Earth in fiction, Core, Juvenile fiction, Voyages and travels in fiction, Ciencia-ficción, Earth, Vietnamese language books, Classic Literature, Thriller"
When the Sleeper Awakes,H. G. Wells,1899,574886.0,science_fiction,/works/OL52151W,"A troubled insomniac in 1890s England falls suddenly into a sleep-like trance, from which he does not awake for over two hundred years. During his centuries of slumber, however, investments are made that make him the richest and most powerful man on Earth. But when he comes out of his trance he is horrified to discover that the money accumulated in his name is being used to maintain a hierarchal society in which most are poor, and more than a third of all people are enslaved. Oppressed and uneducated, the masses cling desperately to one dream – that the sleeper will awake, and lead them all to freedom.","Fiction, Twenty-first century, Technological innovations, Time travel, Science fiction, Literature, Classic Literature, British and irish fiction (fictional works by one author), Fiction, fantasy, general, Fiction, science fiction, general, Dystopias, English literature, Twenty-second century, Voyages dans le temps, Littérature, Littérature classique, Fiction, dystopian, Dystopias in literature, Dystopian, Dystonia"
The food of the gods and how it came to earth,H. G. Wells,1900,314687.0,science_fiction,/works/OL52195W,"The Food of the Gods and How It Came to Earth is a science fiction novel by H. G. Wells that was first published in 1904. Wells called it ""a fantasia on the change of scale in human affairs. . . . I had hit upon [the idea] while working out the possibilities of the near future in a book of speculations called Anticipations (1901)"".

The novel, which has had various B-movie adaptations, is about a group of scientists that invents food that accelerates the growth of children and turns them into giants when they become adults.","Fiction, Giants, Growth factors, Food supply, Science fiction, Agriculture, Experimentation, Fiction, science fiction, general, British and irish fiction (fictional works by one author), Scientists, Artificial foods, English literature, English fiction, English Science fiction, Giants -- Fiction"
"The Beasts of Tarzan (Classic Ace SF, F-203)",Edgar Rice Burroughs,1914,2421421.0,science_fiction,/works/OL1417916W,"<p><i>The Beasts of Tarzan</i>, the third book in the Tarzan series, was first published in <i>All-Story Cavalier</i> magazine in 1914. It was later published as a novel in 1916.</p> <p>Tarzan’s old enemy, Nikolas Rokoff, escapes prison and plans his revenge by kidnapping the Tarzan’s son, the heir of Greystoke. He also captures Tarzan and Jane, and takes them all back to Africa, where he strands the Ape-man on an island before continuing on with his dastardly plan. On the island prison Tarzan befriends a troop of apes led by Akut and tames Sheeta the panther before escaping and setting off to rescue his wife and child.</p>","Tarzan (fictitious character), fiction, Fiction, action & adventure, Fiction, fantasy, general, Science Fiction, Tarzan (Fictitious character) -- Fiction, Fantasy fiction, Jungle animals -- Fiction, Adventure stories, Adventure, Fiction, Tarzan (Fictitious character), Open Library Staff Picks, Classic Literature, Non-Classifiable, Jungle animals, Africa, fiction, American literature"
When the World Shook,"H. Rider Haggard, H. Haggar",1919,2976990.0,science_fiction,/works/OL17518W,"Depicts the adventure of three Englishmen who uncover a pair of 250,000 year old super-humans in suspended animation. The super-humans, awakened, view Europe in the midst of the First World War and decide that human civilization must be destroyed.","Fiction, action & adventure, English Adventure stories, Fiction, science fiction, action & adventure, Castaways, Shipwrecks, Fiction, Adventure stories, Adventure and adventurers, Science fiction, Adventure"
The Handmaid's Tale,Margaret Atwood,1985,8231851.0,science_fiction,/works/OL675783W,"The Handmaid's Tale is a dystopian novel by Canadian author Margaret Atwood, published in 1985. It is set in a near-future New England, in a strongly patriarchal, totalitarian theonomic state, known as the Republic of Gilead, which has overthrown the United States government. The central character and narrator is a woman named Offred, one of the group known as ""handmaids"", who are forcibly assigned to produce children for the ""commanders"" — the ruling class of men in Gilead.

The novel explores themes of subjugated women in a patriarchal society, loss of female agency and individuality, and the various means by which they resist and attempt to gain individuality and independence.

The Handmaid's Tale won the 1985 Governor General's Award and the first Arthur C. Clarke Award in 1987; it was also nominated for the 1986 Nebula Award, the 1986 Booker Prize, and the 1987 Prometheus Award.


----------
Also contained in:
[Novels](https://openlibrary.org/works/OL24301311W)","brothels, Canadian authors, Canadian fantasy fiction, Canadian fiction (fictional works by one author), Christian fundamentalism, Dystopian fiction, Dystopias, fantasy fiction, Fiction, Fiction, dystopian, Fiction, fantasy, general, handmaids, Large type books, Man-woman relationships, Man-woman relationships, fiction, military dictatorship, Misogyny, New York Times bestseller, nyt:e-book-fiction=2017-01-22, nyt:trade-fiction-paperback=2017-02-26"
It Can't Happen Here,Sinclair Lewis,1935,12719018.0,science_fiction,/works/OL51145W,"It Can't Happen Here is a semi-satirical American political novel published in 1935.  It's Plot centers around newspaperman Doremus Jessup's struggle against the fascist regime of America' new president, Berzelius ""Buzz"" Windrip.  Windripis elected on a platform promising to restore prosperity and $5,000 a year for all citizens.  Once in office, however, he becomes a dictator, among other things, putting his enemies in concentration camps.","Anti-fascist movements, Presidents, Newspaper editors, Fiction, Drama, Science fiction, Dictators, Fascists, Election, Presidents, united states, fiction, Vermont, fiction, Canada, fiction, Fiction, political, American fiction (fictional works by one author), Fiction, historical, general, Fiction, war & military, Patriotism, Revolutions, Politics and government, Elections"
Dune,Frank Herbert,1965,11481354.0,science_fiction,/works/OL893414W,"Set on the desert planet Arrakis, Dune is the story of the boy Paul Atreides, heir to a noble family tasked with ruling an inhospitable world where the only thing of value is the ""spice"" melange, a drug capable of extending life and enhancing consciousness. Coveted across the known universe, melange is a prize worth killing for...

When House Atreides is betrayed, the destruction of Paul's family will set the boy on a journey toward a destiny greater than he could ever have imagined. And as he evolves into the mysterious man known as Muad'Dib, he will bring to fruition humankind's most ancient and unattainable dream.

A stunning blend of adventure and mysticism, environmentalism and politics, Dune won the first Nebula Award, shared the Hugo Award, and formed the basis of what is undoubtedly the grandest epic in science fiction.","Dune (Imaginary place), Fiction, Fiction, science fiction, general, Dune (imaginary place), fiction, New York Times reviewed, Science fiction, Science-fiction, American literature, nyt:mass-market-monthly=2021-11-07, New York Times bestseller, award:nebula_award=novel, nyt:trade-fiction-paperback=2021-11-07, Hugo Award Winner, award:hugo_award=1966, award:hugo_award=novel, American Science fiction, Long Now Manual for Civilization, Ecology, Fantasy fiction, Large type books"
R.U.R. and The insect play,"Karel Čapek, Josef Čapek",1920,4291026.0,science_fiction,/works/OL575625W,"""In 1920 Čapek wrote what was to become his most famous work, the play 'R.U.R. (Rossum's Universal Robots)', a meditation on the themes of humanity and subjugation that introduced the 'robot'. He was prolific throughout the 1920s, his plays addressing a range of subjects, although best remembered as a writer of early science fiction. Čapek also dealt with contemporary moral and political issues, including the rise of corporations and European fascism""--

""Determined to liberate the mass-produced but highly intelligent robots forged in the machinery of Rossum's island factory, Helena Glory arrives in a blaze of righteousness. Soon perplexed by the robots' seeming humanity but absolute lack of sentience, she deserts her strident campaigning and falls in love with Domin, the factory's General Manager. Yet even as their life on the island appears to become more comfortable, the tide is turning against the humans ... Drawing huge international attention following its original production in 1921, 'Rossum's Universal Robots' was a strikingly prescient meditation on the themes of humanity and subjugation that were to dominate the twentieth century. Seen as a precursor to works including Huxley's 'Brave New world', it is a true classic of the dystopian genre, and remains all too resonant""--","Czech drama, Fiction, Science Fiction, Drama, Technological innovations, Robots, Technological unemployment, Continental european drama (dramatic works by one author), General, Languages & Literatures, Slavic, Baltic and Albanian Languages & Literatures, Robots -- Drama, Science fiction plays, Czech drama -- Translations into English"
A Clockwork Orange,Anthony Burgess,1962,14430663.0,science_fiction,/works/OL261794W,"A Clockwork Orange is a dystopian satirical black comedy novel by English writer Anthony Burgess, published in 1962. It is set in a near-future society that has a youth subculture of extreme violence. The teenage protagonist, Alex, narrates his violent exploits and his experiences with state authorities intent on reforming him. The book is partially written in a Russian-influenced argot called ""Nadsat"", which takes its name from the Russian suffix that is equivalent to '-teen' in English. According to Burgess, it was a jeu d'esprit written in just three weeks.

In 2005, A Clockwork Orange was included on Time magazine's list of the 100 best English-language novels written since 1923, and it was named by Modern Library and its readers as one of the 100 best English-language novels of the 20th century. The original manuscript of the book has been kept at McMaster University's William Ready Division of Archives and Research Collections in Hamilton, Ontario, Canada since the institution purchased the documents in 1971. It is considered one of the most influential dystopian books.

----------		
Also contained in:		

[A Clockwork Orange and Honey for the Bears](https://openlibrary.org/works/OL23787405W)
[A Clockwork Orange / The Wanting Seed](https://openlibrary.org/works/OL17306508W)","bible, aversion therapy, unintended consequences, Beethoven's Fifth Symphony, gang rape, psychiatric hospitals, maturity, metanoia, assault, joyriding, rape, metafiction, orgasm, novella, antisocial personality disorder, classical music, black comedy, argot, Nadsat, dystopias"
The Hunger Games,Suzanne Collins,2008,12646537.0,science_fiction,/works/OL5735363W,"The Hunger Games is a 2008 dystopian novel by the American writer Suzanne Collins. It is written in the perspective of 16-year-old Katniss Everdeen, who lives in the future, post-apocalyptic nation of Panem in North America. The Capitol, a highly advanced metropolis, exercises political control over the rest of the nation. The Hunger Games is an annual event in which one boy and one girl aged 12–18 from each of the twelve districts surrounding the Capitol are selected by lottery to compete in a televised battle royale to the death.

The book received critical acclaim from major reviewers and authors. It was praised for its plot and character development. In writing The Hunger Games, Collins drew upon Greek mythology, Roman gladiatorial games, and contemporary reality television for thematic content. The novel won many awards, including the California Young Reader Medal, and was named one of Publishers Weekly's ""Best Books of the Year"" in 2008.

The Hunger Games was first published in hardcover on September 14, 2008, by Scholastic, featuring a cover designed by Tim O'Brien.","severe poverty, starvation, oppression, effects of war, self-sacrifice, Science fiction, Apocalyptic fiction, Dystopian fiction, Fiction, Juvenile works, Novels, Young adult works, Juvenile fiction, contensts, Young adult fiction, Game shows, Television programs, New York Times bestseller, Contests, nyt:series_books=2010-08-21"
Slaughterhouse-Five,Kurt Vonnegut,1956,12727001.0,science_fiction,/works/OL98459W,"Slaughterhouse-Five is one of the world's great anti-war books. Centering on the infamous fire-bombing of Dresden, Billy Pilgrim's odyssey through time reflects the mythic journey of our own fractured lives as we search for meaning in what we are afraid to know.","American science fiction, bombing of Dresden, Open Library staff picks, military fiction, war stories, World War II, World War, 1939-1945, literature and the war, war, free will and determinism, literary fiction, Fiction, Animals, Boats and boating, Accelerated Reader, Domestic animals, American fiction (fictional works by one author), Fiction, general, Fiction, war & military, World war, 1939-1945, fiction"
A Fighting Man Of Mars,Edgar Rice Burroughs,1931,13898460.0,science_fiction,/works/OL1418176W,"Tan Handron from the realm of Gatho encounters a wide range of enemies in this science fiction thriller of the 1930's.  He fends off green men, mad scientists, cannibal, spiders and white apes.  The main character Tan Handron finds himself an unlikely hero in this pulp fiction classic.  ""A Fighting Man of Mars,"" is the seventh book in the Edgar Rice Burroughs Martian series.Please Note:  This book is easy to read in true text, not scanned images that can sometimes be difficult to decipher.  This eBook has bookmarks at chapter headings and is printable up to two full copies per year.","Fiction, Science Fiction, American Science fiction, Extraterrestrial beings, Fiction, science fiction, action & adventure, Barsoom (imaginary place), fiction, Carter, john (fictitious character), fiction, Fiction, science fiction, general, Science fiction"
The Martian Chronicles,Ray Bradbury,1950,9346537.0,science_fiction,/works/OL103134W,"This is a collection of science fiction short stories, cleverly cobbled together to form a coherent and very readable novel about a future colonization of Mars. As the stories progress chronologically the author tells how the first humans colonized Mars, initially sharing the planet with a handful of Martians. When Earth is devastated by nuclear war the colony is left to fend for itself and the colonists determine to build a new Earth on Mars.","American Science fiction, Ciencia-ficción, Drama, English Language Short stories, Ficción, Fiction, Interplanetary voyages, Translations into Russian, Bibliography, Science fiction, Fiction, science fiction, general, Space colonies, Long Now Manual for Civilization, Ameerika"
The Master Mind of Mars,Edgar Rice Burroughs,1928,2889485.0,science_fiction,/works/OL1418222W,,"Fiction, Historical Fiction, Science fiction, John Carter (Fictitious character), Dejah Thoris (Fictitious character), Life on other planets, Fiction, science fiction, space opera, Fiction, science fiction, general, American Science fiction, Extraterrestrial beings"
The Hitchhiker's Guide to the Galaxy,Douglas Adams,1979,12986869.0,science_fiction,/works/OL2163649W,"The Hitchhiker's Guide to the Galaxy is the first of six books in the Hitchhiker's Guide to the Galaxy comedy science fiction ""hexalogy"" by Douglas Adams. The novel is an adaptation of the first four parts of Adams's radio series of the same name. The novel was first published in London on 12 October 1979. It sold 250,000 copies in the first three months.

The namesake of the novel is The Hitchhiker's Guide to the Galaxy, a fictional guide book for hitchhikers (inspired by the Hitch-hiker's Guide to Europe) written in the form of an encyclopaedia.

---

Also contained in:

- [The Hitch Hiker's Guide to the Galaxy: A Trilogy in Four Parts](https://openlibrary.org/works/OL2163692W)
- [The More than Complete Hitchhiker's Guide](https://openlibrary.org/works/OL2163713W)
- [Ultimate Hitchhiker's Guide to the Galaxy](https://openlibrary.org/works/OL2163706W)","comic science fiction, Vogons, Humorous fiction, Imaginary voyages, wit and humour, Science Fiction, Interstellar travel, Fiction, Interplanetary voyages, Open Library Staff Picks, Life on other planets, Ford Prefect (Fictitious character), Arthur Dent (Fictitious character), Humorous stories, Viajes interplanetarios, Ficción, Language readers, Reading Level-Grade 11, Reading Level-Grade 12, Radio plays"
Armageddon 2419 AD,Philip Francis Nowlan,1962,1230950.0,science_fiction,/works/OL8126453W,,"Fiction, science fiction, general, Buck Rogers (Fictitious character), Fiction, Science fiction, American Science fiction"
Charlie and the Great Glass Elevator,Roald Dahl,1972,7893583.0,science_fiction,/works/OL45793W,"Taking up where Charlie and the Chocolate Factory leaves off, Charlie, his family, and Mr. Wonka find themselves launched into space in the great glass elevator.","Charlie Bucket (Fictitious character), Juvenile fiction, Children's fiction, Outer space, fiction, Science fiction, Humorous stories, Outer space, Fiction, Eccentrics and eccentricities, Chocolate industry, Candy industry, Manned space flight, Fantasies, Rymdfärder, Skönlitteratur, Humorous fiction, Elevators, Space flight, Space stations, Extraterrestrial beings"
On the Beach,Nevil Shute,1957,997896.0,science_fiction,/works/OL2779754W,"A novel about the survivors of an atomic war, who face an inevitable end as radiation poisoning moves toward Australia from the North.","Atomic Bomb, English Science fiction, Fiction, Literature, Nuclear warfare, Roman, Juvenile fiction, United States, United States. Navy, Fiction, science fiction, general, Science fiction, Rock music, discography"
2001,Arthur C. Clarke,1968,11344400.0,science_fiction,/works/OL17365W,"A novel that proposes an idea about how the human race might have begun and where it might be headed...given a little help from out there. A colaboration of ideas with director Stanley Kubrick in the late 1960's it begins at ""the dawn of man"" and then leaps to the year 2001 where a mission to Saturn (Jupiter in the film) is mounted to try and answer questions raised by the discovery of an ancient artifact dug up on the moon. Though not particularly fast paced, the science is good, and there are a few hair raising events. There are also interesting speculations about the future, such as the space shuttle, and a device eerily similar to an iPad. Leaving plenty of room for contemplation and the appreciation for the inevitable trials of space travel, this is one of the truly landmark pieces of hard science fiction.","Human-computer interaction, Computers, Fiction, Science fiction, Twenty-first century, Space vehicles, Long Now Manual for Civilization, English Science fiction, Fiction, science fiction, hard science fiction, Saturn, Jupiter, space travel, alien artifacts, human origins, High interest-low vocabulary books, Readers, Fiction, science fiction, general, English literature, HAL (Fictitious character), Interplanetary voyages"
Synthetic Men of Mars,Edgar Rice Burroughs,1940,207344.0,science_fiction,/works/OL1418033W,,"Fiction, science fiction, general, Fiction, Science Fiction, Historical Fiction, American Science fiction, Extraterrestrial beings, Martians"
The First Men in the Moon,H. G. Wells,1900,8081288.0,science_fiction,/works/OL52260W,"When penniless businessman Mr Bedford retreats to the Kent coast to write a play, he meets by chance the brilliant Dr Cavor, an absent-minded scientist on the brink of developing a material that blocks gravity. Cavor soon succeeds in his experiments, only to tell a stunned Bedford the invention makes possible one of the oldest dreams of humanity: a journey to the moon. With Bedford motivated by money, and Cavor by the desire for knowledge, the two embark on the expedition. But neither are prepared for what they find - a world of freezing nights, boiling days and sinister alien life, on which they may be trapped forever.","Classic Literature, Fiction, Imperialism, Moon, Science fiction, Space flight to the moon, Translations into Russian, Utopias, Fiction, science fiction, general, Fiction, action & adventure, British and irish fiction (fictional works by one author), Satire, English literature, Fiction, general, Action & Adventure, General, Fiction, science fiction, action & adventure, Interplanetary voyages, Space flight to the moon -- Fiction, Imperialism -- Fiction"
Cinq semaines en ballon,Jules Verne,1867,8179189.0,science_fiction,/works/OL1099380W,"The debut novel from Jules Verne, originally published in 1869. This is the work that established his reputation. Originally planned for a children's magazine, this story about traveling in balloons across Africa resonates in Verne's later works and contains all his fondly remembered themes.","Travel, Hot air balloons, Description and travel, Fiction, Classic Literature, Thriller, Ficción, Viajes alrededor del mundo, Voyages around the world, Balloon ascensions, Fantasy fiction, Science fiction, French language materials, Continental european fiction (fictional works by one author), Ballooning, Romans, nouvelles, Descriptions et voyages, Long Now Manual for Civilization, Aeronautics"
Little Fuzzy,H. Beam Piper,1961,1591936.0,science_fiction,/works/OL579085W,"Little Fuzzy is the name of a 1962 science fiction novel by H. Beam Piper, and is now in public domain. 
Synopsis: One day Jack Holloway, prospector on the planet Zarathustra, finds what seems to be a small monkey with golden fur; these new introductions (for the first brings a family) are tiny hunters, and prove to be curious and capable tool users. Why is this so important to the new human settlers? - Because a planet inhabited by a sapient race cannot be monopolized by the Zarathustra Company.
Little Fuzzy is generally seen as a work of juvenile fiction. It was nominated for the 1963 Hugo Award for Best Novel. More on Wikipedia at http://en.wikipedia.org/wiki/Little_Fuzzy","Classic Literature, Fiction, Science Fiction, Science Fiction & Fantasy, Extraterrestrial beings, Fiction, general, Human-alien encounters -- Fiction, Fiction, science fiction, space opera, Fiction, science fiction, action & adventure, Fiction, science fiction, general, Children's fiction, Fantasy fiction, Adventure and adventurers, fiction, Collected works (single author, multi-form), American Science fiction"
Swords of Mars,Edgar Rice Burroughs,1936,6567528.0,science_fiction,/works/OL1418224W,"""Swords of Mars"" is the eighth book in the Edgar Rice Burroughs' Martian series.  It was featured in six issues of the ""Blue Book"" magazine in 1934-1935.  John Carter reprises his role of hero as he vows to bring an end to the Assassins Guild.  He must travel to one of the moons of Barsoom, Carter then creates a race of secret super assassins to destroy this powerful Guild of Assassins.  He ventures to the city of Zedong in a fierce attempt  to overthrow Ur Jan the leader of the Assassins.  There are many fantastic characters and galaxies in this compelling spy story in this edge of your seat science thriller.Please Note:  This book is easy to read in true text, not scanned images that can sometimes be difficult to decipher.  This eBook has bookmarks at chapter headings and is printable up to two full copies per year.","Dejah Thoris (Fictitious character), Fiction, Science Fiction, Fiction, science fiction, action & adventure, Barsoom (imaginary place), fiction, Carter, john (fictitious character), fiction, American Science fiction, Extraterrestrial beings, John Carter (Fictitious character), Life on other planets"
Llana of Gathol (Mars #10),Edgar Rice Burroughs,1948,12762270.0,science_fiction,/works/OL1417975W,,"John Carter (Fictitious character), Fiction, Science Fiction, American Science fiction, Extraterrestrial beings, Fiction, science fiction, action & adventure, Barsoom (imaginary place), fiction, Carter, john (fictitious character), fiction"
The Giver,Lois Lowry,1993,8352502.0,science_fiction,/works/OL1846076W,"At the age of twelve, Jonas, a young boy from a seemingly utopian, futuristic world, is singled out to receive special training from The Giver, who alone holds the memories of the true joys and pain of life.","Social control, Control (Psychology), Juvenile fiction, Fiction, Science fiction, Memory, Ethics, Dystopias, Blind, Braille language materials, Books and reading, Children's fiction, New York Times reviewed, Literature, Dystopian, Sci Fi, Novel, Children's literature, study and teaching, Children's literature, examinations, questions, etc., Newbery Medal"
The house behind the cedars,Charles Waddell Chesnutt,1900,605907.0,science_fiction,/works/OL112797W,"""The House Behind the Cedars tells of John and Lena Walden, mulatto siblings who pass for white in the postbellum American South. The drama that unfolds as they travel between black and white worlds constitutes a riveting portrait of the shifting and intractable nature of race in American life. This edition revitalizes a much-neglected masterpiece by one of our most important African-American writers.""--Jacket.","Fiction, Passing (Identity), African American women, Racially mixed people, Racism, African Americans, Classic Literature, Racially mixed people -- Fiction, Social conditions, History, Fiction, general, Southern states, fiction, African americans, fiction, Fiction, historical, Large type books, Fiction, historical, general, Fiction, family life, general, Fiction, psychological, Southern States in fiction, Racism in fiction"
Ender's Game,Orson Scott Card,1985,12996033.0,science_fiction,/works/OL49488W,"Ender's Game is a 1985 military science fiction novel by American author Orson Scott Card. Set at an unspecified date in Earth's future, the novel presents an imperiled humankind after two conflicts with the Formics, an insectoid alien species they dub the ""buggers"". In preparation for an anticipated third invasion, children, including the novel's protagonist, Andrew ""Ender"" Wiggin, are trained from a very young age by putting them through increasingly difficult games, including some in zero gravity, where Ender's tactical genius is revealed.

The book originated as a short story of the same name, published in the August 1977 issue of Analog Science Fiction and Fact. The novel was published on January 15, 1985. Later, by elaborating on characters and plotlines depicted in the novel, Card was able to write additional books in the Ender's Game series. Card also released an updated version of Ender's Game in 1991, changing some political facts to reflect the times more accurately (e.g., to include the recent collapse of the Soviet Union and the end of the Cold War). The novel has been translated into 34 languages.

Reception of the book has been mostly positive. It has become suggested reading for many military organizations, including the United States Marine Corps. Ender's Game was recognized as ""best novel"" by the 1985 Nebula Award\[3\] and the 1986 Hugo Award\[4\] in the genres of science fiction and fantasy. Its four sequels—Speaker for the Dead (1986), Xenocide (1991), Children of the Mind (1996), and Ender in Exile (2008)—follow Ender's subsequent travels to many different worlds in the galaxy. In addition, the later novella A War of Gifts (2007) and novel Ender's Shadow (1999), plus other novels in the Shadow saga, take place during the same time period as the original.

---

Contained in:
[Ender's War](https://openlibrary.org/works/OL49619W)
See also:

- [Ender's Game: 1/2](https://openlibrary.org/works/OL19647657W/Ender's_Game._1_2)","New York Times bestseller, nyt:mass_market_paperback=2011-07-30, military education, end of the world, prize:nebula, hegemony, space warfare, child soldiers, The Ender Quintet, science fiction, automation, data processing, aliens, Military art and science, Hermanos, Maniobras de guerra, Brothers and sisters, Open Library Staff Picks, Genetic engineering, Fiction"
A Wrinkle in Time,Madeleine L'Engle,1962,8709146.0,science_fiction,/works/OL41495W,"A Wrinkle in Time is a science fiction fantasy novel by American writer Madeleine L'Engle, first published in 1962. It is about Meg And Charles Walence. Their father, who was working on a interesting project called a tesseract, goes missing! Then they meet a boy and some strange women. This story won a Newbery Medal, Sequoyah Book Award and Lewis Carroll Shelf Award For this amazing story! It also has a movie! I Hope you all enjoy!","Love, sci-fi, Newbery Medal, Open Library Staff Picks, Juvenile fiction, Space and time, Fiction, Science fiction, Friendship in adolesce, Time travel, Murry family (Fictitious character), Brothers and sisters, Extraterrestrial beings, Friendship, Science Fiction, Fantasy, & Magic, Classics, Spanish: Young Adult (Gr. 10-12), Juvenile Fiction - Classics, Văn học Mĩ, Tiểu thuyết"
Lord of the World,"Robert Hugh Benson, Simon Vance",1907,2114295.0,science_fiction,/works/OL50103W,"As creeping secularism and godless humanism triumph over traditional morality, it creates a world that has been divided into three powerblocks, where religious doctrine is not tolerated and euthanasia is practiced widely. In Britain, the Royal Family has been deposed; institutions of higher learning have been closed, and a politician intent on power in the name of peace is intent on the destruction of religion. The world now has only three main religious forces: Catholicism, Secular Humanism, and ""the Eastern religions."" As a shrinking Church stands resolutely against him, laws are passed which require all the world's people to formally disavow the existence of God or be executed without trial.","Utopias, Fiction, religious, End of the world, Fiction, Fiction, science fiction, general, Fiction, christian, general, Christian fiction, Science fiction, Fin du monde, Romans, nouvelles, Roman chrétien"
The ship of Ishtar,"A. Merritt, Amelia Pérez de Villar Herranz",1924,7266552.0,science_fiction,/works/OL4104766W,,"Science fiction, Translations into Russian, Life on other planets, Fiction, Fiction, fantasy, general, Fiction, general, American Science fiction"
A Modern Utopia,H. G. Wells,1900,8232021.0,science_fiction,/works/OL52256W,"Imagine a life without worries. You live in a perfect environment untouched by pollution. You have a job to do and play an important role in society. The politicians are watching out for your best interest. And, you get along with your neighbors. Wells’ utopia may not only be unattainable, it may be detrimental to humanity’s progress. Decide for yourself as you read this classic quest for social equality in the modern era.","Utopias, Fiction, Science Fiction, Classic Literature, Political science, Nonfiction, Philosophy, Fiction, general, English Science fiction"
Dune Messiah,Frank Herbert,1969,980253.0,science_fiction,/works/OL893461W,"**Book Two in the Magnificent Dune Chronicles—the Bestselling Science Fiction Adventure of All Time**

Dune Messiah continues the story of Paul Atreides, better known—and feared—as the man christened Muad’Dib. As Emperor of the known universe, he possesses more power than a single man was ever meant to wield. Worshipped as a religious icon by the fanatical Fremen, Paul faces the enmity of the political houses he displaced when he assumed the throne—and a conspiracy conducted within his own sphere of influence.

And even as House Atreides begins to crumble around him from the machinations of his enemies, the true threat to Paul comes to his lover, Chani, and the unborn heir to his family’s dynasty...","American Science fiction, Dune (Imaginary place), Fiction, Imaginary places, Science Fiction, Translations into Russian, Novela, Dune (Lugar imaginario), Lectures et morceaux choisis, Anglais (langue), Roman ame ricain, Science-fiction ame ricaine, Long Now Manual for Civilization, Roman américain, Science-fiction américaine, Dune (imaginary place), fiction, Fiction, science fiction, general, American fiction, Translations into Vietnamese"
Foundation,Isaac Asimov,1951,14612610.0,science_fiction,/works/OL46125W,"One of the great masterworks of science fiction, the Foundation novels of Isaac Asimov are unsurpassed for their unique blend of nonstop action, daring ideas, and extensive world-building. 

The story of our future begins with the history of Foundation and its greatest psychohistorian: Hari Seldon.  For twelve thousand years the Galactic Empire has ruled supreme. Now it is dying.  Only Hari Seldon, creator of the revolutionary science of psychohistory, can see into the future--a dark age of ignorance, barbarism, and warfare that will last thirty thousand years. To preserve knowledge and save mankind, Seldon gathers the best minds in the Empire--both scientists and scholars--and brings them to a bleak planet at the edge of the Galaxy to serve as a beacon of hope for future generations. He calls his sanctuary the Foundation.

But soon the fledgling Foundation finds itself at the mercy of corrupt warlords rising in the wake of the receding Empire. And mankind's last best hope is faced with an agonizing choice: submit to the barbarians and live as slaves--or take a stand for freedom and risk total destruction.","Psychohistory, Open Library Staff Picks, Life on other planets, Fiction, Science Fiction, Long Now Manual for Civilization, Prophecy, Historians, Robots, Fiction, science fiction, general, American literature, American Fantasy fiction, Vie extraterrestre, Romans, nouvelles, Psychohistoire, Psychological fiction, American Science fiction"
"I, Robot",Isaac Asimov,1950,12385229.0,science_fiction,/works/OL46241W,"I, Robot is a fixup novel of science fiction short stories or essays by American writer Isaac Asimov. The stories originally appeared in the American magazines Super Science Stories and Astounding Science Fiction between 1940 and 1950 and were then compiled into a book for stand-alone publication by Gnome Press in 1950, in an initial edition of 5,000 copies. The stories are woven together by a framing narrative in which the fictional Dr. Susan Calvin tells each story to a reporter (who serves as the narrator) in the 21st century. Although the stories can be read separately, they share a theme of the interaction of humans, robots, and morality, and when combined they tell a larger story of Asimov's fictional history of robotics.


----------

Contains:
""Introduction"" 
""Robbie"" (1940, 1950)
""Runaround"" (1942)
""Reason"" (1941)
""Catch That Rabbit"" (1944)
""Liar!"" (1941)
""Little Lost Robot"" (1947)
""Escape!"" (1945)
""Evidence"" (1946)
""The Evitable Conflict"" (1950)","smear campaigns, supercomputers, computers, Frankenstein complex, hyperspace, heisenbugs, asteroids, Shahada, space stations, space-based solar power, cognitive dissonance, selenium, robots, morality, robotics, robopsychology, positronic brains, three laws of robotics, American Science fiction, Readers (Secondary)"
Mockingjay,Suzanne Collins,2010,12646459.0,science_fiction,/works/OL14908941W,The last book in the Hunger Games Series.  This book is filled with excitement and action regarding the ongoing war with the capital.,"New York Times bestseller, Sci-fi, Young Adult, nyt:series_books=2010-08-21, Science fiction, Interpersonal relations, Television programs, Insurgency, Survival, Contests, Fiction, Large type books, Survival skills, Young adult fiction, Juvenile fiction, Revenge, Children's stories, Survival Stories, Dystopian, Self-Esteem & Self-Reliance"
The water of the Wondrous isles,William Morris,1897,5866566.0,science_fiction,/works/OL47745W,"<p><i>The Water of the Wondrous Isles</i> is a landmark in fantasy fiction. First published a year after <a href=""https://standardebooks.org/ebooks/william-morris"">Morris’s</a> death in 1897 by Kelmscott Press—Morris’s own printing company—the novel follows Birdalone, a young girl who is stolen as a baby by a witch who takes her to serve in the woods of Evilshaw.</p>
			<p>After she encounters a wood fairy that helps her escape the witch’s clutches, Birdalone embarks on a series of adventures across the titular Wondrous Isles. These isles are used by Morris both as parables for contemporary Britain and as vehicles for investigating his radical socialist beliefs. As Birdalone travels through the isles she slowly evolves into the embodiment of the Victorian “new woman,” embracing hard physical labor, healthy exercise, higher education, socialist values, and financial freedom, while rejecting sexual exploitation, physical abuse of both women and children, and the restrictive sexual mores of the era. This makes her unique in the fantasy fiction of the era as one of the genre’s first examples of a strong female hero.</p>
			<p>This socialist-feminist allegory is presented in an Arthurian-style fantasy world complete with magic, witches, fairies, knights both chivalrous and evil, and castles (indeed, anyone doubting the allegorical nature of the work only needs to look at the name of the tale’s main redoubt: “The Castle of the Quest”). The language is purposefully archaic, reveling in vocabulary drawn from the language’s Anglo roots; and the prose is lent a hypnotic quality by its lack of quotation marks to offset dialog, and its short chapters characterized by a fairy-tale-narrative voice.</p>","Private presses, Science fiction, Fiction, fantasy, general, Fantasy fiction"
Deception Point,Dan Brown,2001,14553479.0,science_fiction,/works/OL76835W,"Deception Point is a 2001 mystery-thriller novel by American author Dan Brown. It is Brown's third novel. It was published by Simon & Schuster.

The novel follows White House intelligence analyst Rachel Sexton's involvement in corroborating NASA's discovery of a meteorite that supposedly contains proof of extraterrestrial life, resembling the ALH84001 case. The discovery comes at a time close to the United States presidential election in which her father is running. The discovery will aid the campaign of her employer, the incumbent president of the United States, Zachary Herney, but put her further at odds with her already estranged father, Senator Sedgwick Sexton, a senator who is running for election. Sexton, accompanied by a team of experts, must uncover the authenticity of the meteorite which will either make or break the campaign of President Herney.

Contains:
[Deception Point [1/2]](https://openlibrary.org/works/OL25327019W)
[Deception Point [2/2]](https://openlibrary.org/works/OL30946570W)","mystery fiction, adventure fiction, literature, Meteors, Conspiracies, Presidents, Scientists, Fiction, Americans, Election, Open Library Staff Picks, political fiction, suspense fiction, thrillers, Conspiraciones, Meteorites, Estrellas fugaces, Científicos, Novela política, Estadounidenses"
The Gunslinger,Stephen King,1976,8396638.0,science_fiction,/works/OL81628W,"[The Dark Tower][1] I

The Gunslinger is a dark-fantasy by American author Stephen King. It is the first volume in the Dark Tower series.

The Gunslinger was first published in 1982 as a fix-up novel, joining five short stories that had been published between 1978 and 1981. King substantially revised the novel in 2003; this version has remained in print ever since, with the subtitle RESUMPTION.

The story centers upon Roland Deschain, the last gunslinger, who has been chasing his adversary, ""the man in black,"" for many years. The novel fuses Western fiction with fantasy, science fiction, and horror, following Roland's trek through a vast desert and beyond in search of the man in black. Roland meets several people along his journey, including a boy named Jake Chambers, who travels with him part of the way.

""The Gunslinger"" (October 1978)
""The Way Station"" (April 1980)
""The Oracle and the Mountains"" (February 1981)
""The Slow Mutants"" (July 1981)
""The Gunslinger and the Dark Man"" (November 1981)

  [1]: https://openlibrary.org/works/OL81600W/The_Dark_Tower_1-7","succubus, demons, American fiction, fantastic fiction, adventure fiction, science fiction, horror fiction, fantasy, Fantasy fiction, Ciencia-ficción, Adventure stories, Fiction, Cuentos de terror, Good and evil, Roland (Fictitious character : King), Roland (Fictitious character), Reading Level-Grade 7, Reading Level-Grade 9, Reading Level-Grade 8, Reading Level-Grade 11"
Jurassic Park,Michael Crichton,1990,12882940.0,science_fiction,/works/OL46881W,"Jurassic Park is a 1990 science fiction novel written by Michael Crichton. A cautionary tale about genetic engineering, it presents the collapse of an amusement park showcasing genetically re-created dinosaurs to illustrate the mathematical concept of chaos theory and its real-world implications. A sequel titled The Lost World, also written by Crichton, was published in 1995. In 1997, both novels were re-published as a single book titled Michael Crichton's Jurassic World. In 1996 it was awarded the Secondary BILBY Award.

Also contained in:
[Congo/Jurassic Park](https://openlibrary.org/works/OL8475707W)
[Michael Crichton's Jurassic World](https://openlibrary.org/works/OL14950507W)","dichogamy, corporate espionage, science fiction, cautionary tale, genetic engineering, amusement parks, dinosaurs, chaos theory, Procompsognathus, paleontologists, paleobotanists, theme parks, cloning, ancient DNA, lysine, auxotrophy, chaos theorists, complex systems, velociraptors, backdoor"
The Restaurant at the End of the Universe,Douglas Adams,1980,12714921.0,science_fiction,/works/OL2163655W,"The Restaurant at the End of the Universe is the second book in the Hitchhiker's Guide to the Galaxy comedy science fiction ""trilogy"" by Douglas Adams, and is a sequel. It was originally published by Pan Books as a paperback. The book was inspired by the song ""Grand Hotel"" by British rock band Procol Harum. The book title refers to Milliways, the Restaurant at the End of the Universe, one of the settings of the book.


----------
Also contained in:

 - [The Hitch Hiker's Guide to the Galaxy: A Trilogy in Four Parts][2]
 - [The More Than Complete Hitchhiker's Guide][3]
 - [Ultimate Hitchhiker's Guide to the Galaxy](https://openlibrary.org/works/OL2163706W)

  [1]: http://www.douglasadams.com/creations/0345391810.html
  [2]: https://openlibrary.org/works/OL2163692W
  [3]: https://openlibrary.org/works/OL2163713W","Fiction, Humorous fiction, humorous stories, Interplanetary voyages, Restaurants, Science Fiction, Interstellar travel, Life on other planets, Prefect, ford (fictitious character), fiction, Dent, arthur (fictitious character), fiction, Fiction, humorous, Fiction, science fiction, general, English literature, English Science fiction, 18.05 English literature, Fiction, humorous, general, Arthur Dent (Fictitious character), Ford Prefect (Fictitious character)"
Plague Ship,Andre Norton,1956,9839176.0,science_fiction,/works/OL473283W,"The tramp-freighter spaceship Solar Queen had exclusive trading rights to Sargol and its fabulous gems. But the crew's bravery and resourcefulness strained to the breaking point as they met Sargol's three challenges: the enigmatic obstinancy of the planet's catlike natives, ruthless incursions of an illegal competitor, and worst of all -- an invisible, undetectable stowaway whose presence branded the Solar Queen a plague ship...off limits to the rest of the galaxy!","Fiction, science fiction, general, Fiction, Space ships, Solar Queen (Imaginary space vehicle), Children's stories, Life on other planets, American Science fiction, Science Fiction, Space ships -- Fiction, Life on other planets -- Fiction, Solar Queen (Imaginary space vehicle) -- Fiction"
The Time Traders,Andre Norton,1958,8311641.0,science_fiction,/works/OL473477W,"DRAFTED INTO THE ARMY OF TIME

Intelligence agents have uncovered something which seems beyond belief, but the evidence is incontrovertible: the USAs greatest adversary on the world stage is sending its agents back through time! And someone or something unknown to our history is presenting them with technologies -- and weapons -- far beyond our most advanced science. We have only one option: create time-transfer technology ourselves, find the opposition's ancient source...and take it down.","Time travel in fiction, Time travel, Fiction, Science fiction, American Science fiction, Juvenile fiction, Scientists, Science fiction, American., Time travel -- Fiction., Science fiction., Fiction, science fiction, general, Fiction, science fiction, action & adventure, Scientists, fiction, Arctic regions, fiction, Murdoch, ross (fictitious character), fiction, Ashe, gordon (fictitious character), fiction, Fox, travis (fictitious character), fiction, Trehern, kerara (fictitious character), fiction, Extraterrestrial beings, Voyages dans le temps"
Eragon,Christopher Paolini,2000,13921600.0,science_fiction,/works/OL5819895W,"One boy...
One dragon...
A world of adventure.

When Eragon finds a polished blue stone in the forest, he thinks it is the lucky discovery of a poor farm boy; perhaps it will buy his family meat for the winter. But when the stone brings a dragon hatchling, Eragon soon realizes he has stumbled upon a legacy nearly as old as the Empire itself.

Overnight his simple life is shattered, and he is thrust into a perilous new world of destiny, magic, and power. With only an ancient sword and the advice of an old storyteller for guidance, Eragon and the fledgling dragon must navigate the dangerous terrain and dark enemies of an Empire ruled by a king whose evil knows no bounds.

Can Eragon take up the mantle of the legendary Dragon Riders? The fate of the Empire may rest in his hands.","Fantasy, Juvenile fiction, Dragons, Magic, Fiction, violence, dwarves, humans, fighting, adventure, war, elves, young adult fiction, Action & Adventure, Fantasy fiction, American Fantasy fiction, Mythical Creatures, Animals, Epic, Youths' writings"
The Left Hand of Darkness,Ursula K. Le Guin,1969,10618463.0,science_fiction,/works/OL59800W,"[Comment by Kim Stanley Robinson, on The Guardian's website][1]:
The Left Hand of Darkness by Ursula K Le Guin (1969)

> One of my favorite novels is The Left Hand of Darkness, by Ursula K Le Guin. For more than 40 years I've been recommending this book to people who want to try science fiction for the first time, and it still serves very well for that. One of the things I like about it is how clearly it demonstrates that science fiction can have not only the usual virtues and pleasures of the novel, but also the startling and transformative power of the thought experiment.

> In this case, the thought experiment is quickly revealed: ""The king was pregnant,"" the book tells us early on, and after that we learn more and more about this planet named Winter, stuck in an ice age, where the humans are most of the time neither male nor female, but with the potential to become either. The man from Earth investigating this situation has a lot to learn, and so do we; and we learn it in the course of a thrilling adventure story, including a great ""crossing of the ice"". Le Guin's language is clear and clean, and has within it both the anthropological mindset of her father Alfred Kroeber, and the poetry of stories as magical things that her mother Theodora Kroeber found in native American tales. This worldly wisdom applied to the romance of other planets, and to human nature at its deepest, is Le Guin's particular gift to us, and something science fiction will always be proud of. Try it and see – you will never think about people in quite the same way again.


  [1]: https://www.theguardian.com/books/2011/may/14/science-fiction-authors-choice","Ciencia-ficción, Hugo Award Winner, award:hugo_award=1970, award:hugo_award=novel, human nature, gender, space travel, ice age, Science fiction, American literature, Fiction, science fiction, general, LGBTQ gender identity, LGBTQ science fiction & fantasy, award:nebula_award=novel, Life on other planets, Fiction, American Science fiction, Extraterrestrial anthropology, Sex role, Long Now Manual for Civilization"
Do Androids Dream of Electric Sheep?,Philip K. Dick,1968,207515.0,science_fiction,/works/OL2172356W,"It was January 2021, and Rick Deckard had a license to kill.
Somewhere among the hordes of humans out there, lurked several rogue androids. Deckard's assignment--find them and then...""retire"" them. Trouble was, the androids all looked exactly like humans, and they didn't want to be found!","Androids, Fiction, Rick Deckard (Fictitious character), Science Fiction, Twenty-first century, open_syllabus_project, Bounty hunters, Fiction, science fiction, general, Large type books, Movie-TV Tie-In, Movies, Motion Pictures, Films, Novelization, American Science fiction, PRO Adams, Mark B. (donor) (Adams Collection copy), CHR 1982, Long Now Manual for Civilization, Media Tie-In, Adventure"
The Blind Assassin,Margaret Atwood,2000,11041760.0,science_fiction,/works/OL675698W,"More than fifty years on, Iris Chase is remembering Laura's mysterious death. And so begins an extraordinary and compelling story of two sisters and their secrets. Set against a panoramic backdrop of twentieth-century history, The Blind Assassin is an epic tale of memory, intrigue and betrayal...","Death, Muerte, Hermanas, Novela psicológica, Viudas, Fiction, Sisters, Ficción, Widows, Novela hogareña, Psychological fiction, Women novelists, Aged women, Authorship, Older women, Domestic fiction, Reading Level-Grade 9, Reading Level-Grade 11, Reading Level-Grade 10, Reading Level-Grade 12"
Star Born,Andre Norton,1957,5542954.0,science_fiction,/works/OL473476W,"When the oppressive global dictatorship of Pax took over Earth they put a stop to space exploration. Still, a few rebels escaped in the sleeper ships to found free new colonies -- or perish in the attempt. Those few colonists that reached inhabitable worlds were cut off for centuries, and in that isolation and freedom they developed the mysterious mental powers that ''civilization'' had all but destroyed.","Classic Literature, Fiction, Science Fiction, Science Fiction & Fantasy, Pax, Fiction, fantasy, general, Fiction, science fiction, general, Fiction, science fiction, action & adventure, American Science fiction, Space colonies -- Fiction, Children's fiction, Life on other planets, fiction"
The Dead Zone,Stephen King,1979,14653991.0,science_fiction,/works/OL81630W,"The Dead Zone is a science fiction thriller novel by Stephen King published in 1979. The story follows Johnny Smith, who awakens from a coma of nearly five years and, apparently as a result of brain damage, now experiences clairvoyant and precognitive visions triggered by touch. When some information is blocked from his perception, Johnny refers to that information as being trapped in the part of his brain that is permanently damaged, ""the dead zone."" The novel also follows a serial killer in Castle Rock, and the life of rising politician Greg Stillson, both of whom are evils Johnny must eventually face.

Though earlier King books were successful, The Dead Zone was the first of his novels to rank among the ten best-selling novels of the year in the United States. The book was nominated for the Locus Award in 1980 and was dedicated to King's son Owen. The Dead Zone is the first story by King to feature the fictional town of Castle Rock, which serves as the setting for several later stories and is referenced in others. The TV series Castle Rock takes place in this fictional town and makes references to the Strangler whom Johnny helped track down in The Dead Zone.

The Dead Zone is King's seventh novel and the fifth under his own name. The book spawned a 1983 film adaptation as well as a television series.","brain tumors, rifles, human shields, assassination, procrastination, murder, Federal Bureau of Investigation, car bombs, United States House of Representatives, mayors, wheel of fortune, comas, high school teachers, precognition, brains, Clairvoyants, thrillers, Supernatural, Movie or Television Tie-In, suspense"
Cat's Cradle,"Kurt Vonnegut, Martí Sales Sariola",1963,12709654.0,science_fiction,/works/OL98454W,"Cat's Cradle is Kurt Vonnegut's satirical commentary on modern man and his madness. An apocalyptic tale of this planet's ultimate fate, it features a midget as the protagonist, a complete, original theology created by a calypso singer, and a vision of the future that is at once blackly fatalistic and hilariously funny. A book that left an indelible mark on an entire generation of readers, Cat's Cradle is one of the twentieth century's most important works -- and Vonnegut at his very best.","End of the world, Fiction, American Fantasy fiction, Classic Literature, Humor (Fiction), Science Fiction, Large type books, American fiction (fictional works by one author), Fiction, humorous, Fiction, science fiction, general, Fiction, humorous, general, American fiction, Translations into Spanish, Spanish imprints, Spanish fiction, Fin du monde, Romans, nouvelles, Satire, Fictional works [publication type], End of the world--fiction"
The Amber Spyglass,Philip Pullman,1999,12613246.0,science_fiction,/works/OL28996W,"In the astonishing finale to the His Dark Materials trilogy, Lyra and Will are in unspeakable danger. With help from Iorek Byrnison the armored bear and two tiny Gallivespian spies, they must journey to a dank and gray-lit world where no living soul has ever gone. All the while, Dr. Mary Malone builds a magnificent Amber Spyglass. An assassin hunts her down, and Lord Asriel, with a troop of shining angels, fights his mighty rebellion, in a battle of strange allies—and shocking sacrifice.

As war rages and Dust drains from the sky, the fate of the living—and the dead—finally comes to depend on two children and the simple truth of one simple story.","Fantasy, Fantasy fiction, Quests (Expeditions), Fiction, Missing persons, Good and evil, Kidnapping, Traducciones al español, Imaginary places, Lyra Belacqua (Fictitious character), Magic, Magia, Belacqua, Lyra (Personaje literario), Will Parry (Fictitious character), Science fiction, Ficción juvenil, Novela fantástica, Lugares imaginarios, Niños, Juvenile fiction"
La casa verde,Mario Vargas Llosa,1966,4927546.0,science_fiction,/works/OL857541W,,"Prostitutes, Fiction, Good and evil, Prostitutas, Novela, Bien y mal, Peru, fiction, Young women, fiction, Fiction, general, Novela española, Science fiction, Spanish text"
Junkyard Planet,"H. Beam Piper, H. Bean Piper",1631,1861004.0,science_fiction,/works/OL579075W,"This novel had its genesis in a much shorter story called ""Graveyard of Dreams"" (Galaxy, 1958) Piper expanded it to book length, and it appeared in 1963 as Junkyard Planet. Ace later renamed the book The Cosmic Computer for its paperback appearance. This edition returns the book to Piper's original title, Junkyard Planet.Conn Maxwell returns from Terra to his home world of Poictesme, dubbed ""The Junkyard Planet"" because of all the military equipment left behind after the last war. Conn claims he has found the location of Merlin, a military super-computer rumored to have been left behind. But is Merlin real, or just a myth? And will Conn’s knowledge of the computer save Poictesme -- or tear his world apart?","Fiction, Science Fiction, Fiction, science fiction, action & adventure, Scientists, fiction, supercomputers, Fiction, general, Fiction, science fiction, general"
A Wizard of Earthsea,Ursula K. Le Guin,1968,13617691.0,science_fiction,/works/OL59798W,"The first novel of Ursula K. Le Guin's must-read Earthsea Cycle. ""The magic of Earthsea is primal; the lessons of Earthsea remain as potent, as wise, and as necessary as anyone could dream."" (Neil Gaiman)

Ged was the greatest sorcerer in Earthsea, but in his youth he was the reckless Sparrowhawk. In his hunger for power and knowledge, he tampered with long-held secrets and loosed a terrible shadow upon the world.

This is the tumultuous tale of his testing, how he mastered the mighty words of power, tamed an ancient dragon, and crossed death's threshold to restore the balance.

With stories as perennial and universally beloved as The Chronicles of Narnia and The Lord of The Rings—but also unlike anything but themselves—Ursula K. Le Guin’s Earthsea novels are some of the most acclaimed and awarded works in literature. They have received accolades such as the National Book Award, a Newbery Honor, the Nebula Award, and many more honors, commemorating their enduring place in the hearts and minds of readers and the literary world alike.

Join the millions of fantasy readers who have explored these lands. As The Guardian put it: ""Ursula Le Guin's world of Earthsea is a tangled skein of tiny islands cast on a vast sea. The islands' names pull at my heart like no others: Roke, Perilane, Osskil .","Fiction, Magic, Magic in fiction, Fantasy, Wizards, Wizards in fiction, Bk. 1., Earthsea (Le Guin, Ursula K.), Juvenile fiction, Children's fiction, Magic, fiction, Science fiction, Fantasy fiction, Fiction, fantasy, general, Margaret A. Edwards Award, Earthsea (Imaginary place), Fantastic fiction, Ged (fictitious character), fiction, Children's stories, Ged (Fictitious character)"
The Stand,Stephen King,1978,9255992.0,science_fiction,/works/OL81618W,"One man escapes from a biological weapon facility after an accident, carrying with him the deadly virus known as Captain Tripps, a rapidly mutating flu that - in the ensuing weeks - wipes out most of the world's population. In the aftermath, survivors choose between following an elderly black woman to Boulder or the dark man, Randall Flagg, who has set up his command post in Las Vegas. The two factions prepare for a confrontation between the forces of good and evil.
([source][1])


  [1]: https://stephenking.com/library/novel/stand_the.html","suspense & thriller, gothic & horror, biological warfare, research, horror fiction, horror tales, Fiction, Thrillers, Suspense, Horror, Science Fiction, Apocalyptic & Post-Apocalyptic science fiction, nuclear weapons, cordon sanitaire, index cases, martial law, post-apocalyptic, influenza, pandemic, End of the World"
Divergent,Veronica Roth,2010,13274634.0,science_fiction,/works/OL15719630W,"‘Divergent’ is the first in a trilogy of dystopian, YA novels by Veronica Roth. The book is written from Beatrice Prior’s (Tris), point of view and is written in short chapters making it easy to put down and pick up again.

The story is fast paced with full on action throughout. It contains elements of humour and romance, alongside some seriously brutal scenes, especially during Tris’s initiation. There is also quite a few though provoking moments.

This was one of the first YA novels that I read and I found myself hooked right through to the very last word.

The scenes are described in detail giving you a clear picture and making it easy to visualise the on goings in your head.

Tris can be a little moody at times and doubts herself too much, but this only adds to her good nature, fun, determined and strong personality which we see blossom throughout

The ending wasn’t what I expected, thus my need to get the second book, ‘Insurgent’, straight away. I Needed to know what happened next.

I surprisingly found myself enjoying Divergent much more than I first thought I would, and thus my love of YA novels began.

Divergent was made into a movie back in 2014. If you have seen the film but not read the book then you are missing out on vital aspects of the plot and characters, that didn’t appear in the film. I enjoyed the film, just not as much as the book.","New York Times bestseller, nyt:paperback_books=2012-02-25, Families, Family, Juvenile fiction, Social classes, Courage, Fiction, Identity, Identity (Psychology), Dystopias, Children's fiction, Identity, fiction, Family, fiction, Courage, fiction, Science fiction, dystopian, young adult, dystopian fiction, sci-fi"
The mystery of Edwin Drood,"Charles Dickens, Samuel Luke Fildes, Charles Bernard Derosne, TC, John Cuming Walters",1870,8243336.0,mystery,/works/OL8763148W,"The Mystery of Edwin Drood is the final, uncompleted novel by Charles Dickens. John Jasper is a choirmaster who is in love with one of his pupils, Rosa Bud. She is the fiancee of his nephew, Edwin Drood. A hot-tempered man from Ceylon also becomes interested in her and he and Drood take an instant dislike to one another. Later, Drood disappears, and as Dickens never finished the novel, Drood's fate remains a mystery indeed.","Missing persons, Triangles (Interpersonal relations), Fiction, Choral conductors, Separation (Psychology), British and irish fiction (fictional works by one author), England, fiction, England in fiction, Choral conductors in fiction, Missing persons in fiction, Cathedrals, Cathedrals in fiction, Social life and customs, Fiction, mystery & detective, general, Fiction, psychological, Missing persons, fiction, Classic Literature, Mystery, English literature, Manners and customs"
His Last Bow [8 stories],Arthur Conan Doyle,1917,8243267.0,mystery,/works/OL262452W,The adventure of Wisteria lodge.--The adventure of the cardboard box.--The adventure of the red circle.--The adventure of the Bruce-Partington plans.--The adventure of the dying detective.--The disappearance of Lady Frances Carfax.--The adventure of the devil's foot.--His last bow.,"short stories, Detective and mystery fiction, Fiction, Mystery fiction, Historical fiction, Classic Literature, English Detective and mystery stories, Mystery, Private investigators, Romans, Roman policier anglais, FICTION / General, English Short stories, short stories in English, Chinese Detective and mystery stories, Private investigators, fiction, England, fiction, Fiction, mystery & detective, traditional, British and irish fiction (fictional works by one author), Fiction, mystery & detective, general"
Heart of Darkness,Joseph Conrad,1899,12307847.0,mystery,/works/OL38663W,"Heart of Darkness (1899) is a novella by Polish-English novelist Joseph Conrad, about a voyage up the Congo River into the Congo Free State, in the heart of Africa, by the story's narrator Charles Marlow. Marlow tells his story to friends aboard a boat anchored on the River Thames. Joseph Conrad is one of the greatest English writers, and Heart of Darkness is considered his best.  His readers are brought to face our psychological selves to answer, ‘Who is the true savage?’. Originally published in 1902, Heart of Darkness remains one of this century’s most enduring works of fiction. Written several years after Joseph Conrad’s grueling sojourn in the Belgian Congo, the novel is a complex meditation on colonialism, evil, and the thin line between civilization and barbarity.","form:novella, genre:historical fiction, Fiction, Romance, Degeneration, Literature, Description and travel, Diaries, Sailors, Short stories, English literature, Suffering, Trading posts, Classic Literature, Travel, Discovery and exploration, Mystery, Open Library Staff Picks, Drama, Fugitives from justice"
The Riddle of the Sands,Erskine Childers,1903,2293974.0,mystery,/works/OL23797W,"Childers's lone masterpiece, THE RIDDLE OF THE SANDS, considered the first modern spy thriller, is recognisable as the brilliant forerunner of the realism of Graham Greene and John le Carre. Its unique flavour comes from its fine characterization,richly authentic background of inshore sailing and vivid evocation of the late 1890s - an atmosphere of mutual suspicion and intrigue that was soon to lead to war.","Great britain, fiction, Fiction, action & adventure, Fiction, thrillers, espionage, Fiction, alternative history, Fiction, sea stories, Large type books, Fiction, Invasions, History, Secret service, Sailing, British, Classic Literature, Thriller, Mystery, Fiction, espionage, General, Invasions of Great Britain, English Spy stories, Secret service -- Fiction"
Greenmantle,John Buchan,1915,93023.0,mystery,/works/OL76501W,"In Greenmantle (1916) Richard Hannay, hero of The Thirty-Nine Steps, travels across war-torn Europe in search of a German plot and an Islamic Messiah. He is joined by three more of Buchan's heroes: Peter Pienaar, the old Boer Scout; John S. Blenkiron, the American determined to fight the Kaiser; and Sandy Arbuthnot, Greenmantle himself, modelled on Lawrence of Arabia. The intrepid four move in disguise through Germany to Constantinople and the Russian border toface their enemies: the grotesque Stumm and the evil beauty of Hilda von Einem.","Fiction, thrillers, espionage, Hannay, richard (fictitious character), fiction, Great britain, fiction, World war, 1914-1918, fiction, Fiction, war & military, Richard Hannay (Fictitious character), World War, 1914-1918, Literature, Mystery, Fiction, Intelligence service, Classic Literature, Fiction, espionage, Secret service, Large type books, Romans, Guerre mondiale, 1914-1918, English War stories, Récits de guerre anglais, English literature"
Basil,Wilkie Collins,1852,12968342.0,mystery,/works/OL176086W,,"Fiction, Fathers and sons, Young men, Revenge, Inheritance and succession, Psychology, Classic Literature, Mystery, Social classes, Interpersonal relations, Criminals, Adultery, Seduction, British and irish fiction (fictional works by one author), English literature, Fiction, mystery & detective, general, Long Now Manual for Civilization"
The Law and the Lady,"Wilkie Collins, Camille de Cendrey, Jenny Bourne Taylor",1875,6396941.0,mystery,/works/OL176081W,"Three years ago, her husband stood accused of murder -- and the verdict that came in from the jury was the Scottish Verdict, Not Proven. The jury had not evidence enough to convict him
-- nor enough to comfortably exonerate him. Eustace could not bear the weight of her discovery; he fled to the continent, to live in anonymity. But Valeria knew her husband, and she loved him. She knew he was innocent, too, with the sort of intuition that guides the lucky flawlessly. And she set out to prove it to the world.","Classic Literature, Fiction, Mystery, Women detectives, Married women, Investigation, Social conditions, Women, Murder, Fiction, mystery & detective, women sleuths, Married people, fiction, British and irish fiction (fictional works by one author), England, fiction, Crime, fiction, Fiction, mystery & detective, general, Fiction, crime, English literature, Long Now Manual for Civilization"
Trent's Last Case,E. C. Bentley,1900,118583.0,mystery,/works/OL1315930W,"Trent investigates the death of an industrialist.  He solves the case three times, each time getting closer to the truth.","Fiction, general, Fiction, mystery & detective, general, Fiction, Philip Trent (Fictitious character), Private investigators, Private investigators in fiction, England, fiction, Detective and mystery stories, English language, Text-books for foreigners, English literature, Englisch, Roman, Fiction, mystery & detective, police procedural, Great britain, fiction, Crime, fiction, Trent, Philip (Fictitious character) -- Fiction, Mystery, English Detective and mystery stories"
Prester John,John Buchan,1900,5981967.0,mystery,/works/OL76595W,"I mind as if it were yesterday my first sight of the man. Little I knew at the time how big the moment was with destiny, or how often that face seen in the fitful moonlight would haunt my sleep and disturb my waking hours. But I mind yet the cold grue of terror I got from it, a terror which was surely more than the due of a few truant lads breaking the Sabbath with their play.","Fiction, Scots, Clergy, Zulu (African people), Viction, Mystery, Adventure stories, Fiction, general, Clergy, fiction, South africa, fiction, Fiction, action & adventure, Prester John (Legendary character) -- Fiction, Prester John (Legendary character), Manners and customs, South Africa -- Social life and customs -- 20th century -- Fiction, South Africa, Zoulous, Romans, nouvelles, Écossais, Clergé"
Whose Body?,Dorothy L. Sayers,1923,8311819.0,mystery,/works/OL2234917W,"The first of the Lord Peter Wimsey mysteries, in which the suave and witty gentleman foregoes a rare-book auction to investigate the presence of a bespectacled nude body in an architect's bathtub near the Wimsey's Denver estate","Mystery, Detectives, Lord Wimsey, Peter (Fictitious character), Translations into Russian, English Detective and mystery stories, Private investigators, Fiction, Police, Classic Literature, Private investigators, fiction, Wimsey, peter, lord (fictitious character), fiction, Fiction, mystery & detective, general, England, fiction, Murder, Investigation, Fiction, mystery & detective, traditional, English literature, Fiction, thrillers, general, Crime, fiction"
The Black Robe,Wilkie Collins,1881,1759983.0,mystery,/works/OL176068W,,"Classic Literature, Fiction, Mystery, Priesthood, Fiction, thrillers, general, British and irish fiction (fictional works by one author), Fiction, christian, general, Man-woman relationships, fiction, England, fiction, Fiction, classics, Fiction, epistolary, English literature, Jewish way of life"
Murder on the Links,Agatha Christie,1923,14582832.0,mystery,/works/OL472073W,"Belgian detective Hercule Poirot is summoned to France after receiving a distressing letter with a urgent cry for help. Upon his arrival in Merlinville-sur-Mer, the investigator finds the man who penned the letter, the South American millionaire Monsieur Renauld, stabbed to death and his body flung into a freshly dug open grave on the golf course adjoining the property. Meanwhile the millionaire's wife is found bound and gagged in her room. Apparently, it seems that Renauld and his wife were victims of a failed break-in, resulting in Renauld's kidnapping and death.

There's no lack of suspects: his wife, whose dagger served as the weapon; his embittered son, who would have killed for independence; and his mistress, who refused to be ignored - and each felt deserving of the dead man's fortune. The police think they've found the cumprit. But Poirot has his doubts. Why is the dead man wearing an overcoat that is too big for him? And who was the impassioned love-letter in the pocket for? Before Poirot can answer these questions, the case is turned upside down by the discovery of a second, identically murdered corpse...","Fiction, Hercule Poirot (Fictitious character), Private investigators, Murder, Investigation, English Detective and mystery stories, Mystery, Golf courses, English literature, Identity, English fiction, England, fiction, Poirot, hercule (fictitious character), fiction, Fiction, mystery & detective, traditional, Private investigators, fiction, Fiction, thrillers, crime, Fiction, mystery & detective, private investigators, Poirot, Hercule (Fictitious character)--Fiction, Private investigators--England--Fiction, Fiction, thrillers, suspense"
Armadale,Wilkie Collins,1866,780215.0,mystery,/works/OL176085W,"Cuando el anciano Allan Armadale escribe su terrible confesión en el lecho de muerte, no puede ni imaginarse las repercusiones que tendrá esa carta cuando su hijo recién nacido la lea años después. Por segunda vez, dos hombres con el mismo nombre y el mismo apellido se verán implicados en la prosecución de una herencia que parece maldita. Mientras tanto, se suceden las sigilosas intrigas de Lydia Gwilt, un personaje misterioso y perverso que horrorizó a los lectores victorianos y que todavía hoy sobrecoge. Una mujer que llegó a ser definida por la crítica como ""una de las villanas más curtidas"". Con estos hilos y la complicidad del lector, el maestro Wilkie Collins teje una trama envolvente y seductora que brega entre identidades confusas, maldiciones heredadas, rivalidades amorosas, espionaje… y asesinatos.","Classic Literature, Fate and fatalism, Fathers and sons, Fiction, Men, Mystery, Social life and customs, British and irish fiction (fictional works by one author), Fathers and sons, fiction, England, fiction, Fiction, general, Long Now Manual for Civilization, Medicine in Literature"
Fifty Candles,Earl Derr Biggers,1926,1956467.0,mystery,/works/OL6438811W,,"Mystery, Suspense, Fiction, Fiction, mystery & detective, general"
The Angel of Terror,Edgar Wallace,1923,1814681.0,mystery,/works/OL1518053W,"The Angel of Terror aka The Destroying Angel Jack Glover of Rennet, Glover and Simpson does not believe his cousin Meredith killed Bulford. Meredith's father was an eccentric and unless Meredith is married by the age of thirty his sister inherits everything. She is dead and Meredith, now in prison, is thirty next Monday. Meanwhile Lydia Beale is struggling to pay her dead father's creditors. When Glover offers her money she is shocked. However, despite the strange conditions attached, it is a proposal she cannot afford to ignore.","Fiction, Mystery, Suspense, Fiction, mystery & detective, general, Crime, fiction"
Murder on the Orient Express,Agatha Christie,1933,11100465.0,mystery,/works/OL471576W,"***While en route from Syria to Paris, in the middle of a freezing winter's night, the Orient Express is stopped dead in its tracks by a snowdrift.*** Passengers awake to find the train still stranded and to discover that a wealthy American has been brutally stabbed to death in his private compartment. Incredibly, that compartment is locked from the inside. With no escape into the wintery landscape the killer must still be on board. ***Fortunately, the brilliant Belgian inspector Hercule Poirot is also on board, having booked the last available berth.***

***Murder on the Orient Express is one of Agatha Christie’s most famous novels***, owing no doubt to a combination of its romantic setting and the ingeniousness of its plot; its non-exploitative reference to the sensational kidnapping and murder of the infant son of Charles and Anne Morrow Lindbergh only two years prior; and a popular ***1974 film adaptation, starring Albert Finney as Poirot - one of the few cinematic versions of a Christie work that met with the approval, however mild, of the author herself.***","Agatha Christie, Private investigator, P.I., Hercule Poirot, Detective, Murder, Mystery, Juvenile, Humour, Fiction, Literature, Stories, Private investigators, Private investigators in fiction, Travel, Railroad, Trains, Express trains, Orient Express, Littérature anglaise"
No name,Wilkie Collins,1862,103261.0,mystery,/works/OL176090W,"No Name is a 19th-century novel by the master of sensation fiction, Wilkie Collins. A country gentleman is killed in an accident and his wife dies shortly after him. The blow is double for their daughters, who discover that they were born before their parents were married. Their sudden illegitimacy robs them of their inheritance and their accustomed place in society.","Fiction, Orphans, Disinheritance, Illegitimacy, Sisters, Young women, Classic Literature, Mystery, England, fiction, British and irish fiction (fictional works by one author), Fiction, psychological, Sisters, fiction, Age and employment, Social life and customs, Filiation naturelle, Romans, nouvelles, Aspect social, Mœurs et coutumes, Manners and customs, Fiction, general"
The Amateur Cracksman,Ernest William Hornung,1899,2895793.0,mystery,/works/OL250352W,"First published in 1899, The Amateur Cracksman was the first collection of stories detailing the exploits and intrigues of gentleman thief A. J. Raffles in late Victorian England. Raffles was E. W. Hornung's most famous character. Popular in its day, the book led to three later works: The Black Mask and A Thief in the Night, both collections of short stories, and Mr. Justice Raffles, a complete novel. In public a popular sportsman, in private a cunning burglar with a weakness for valuable jewelery, Arthur Raffles, with the help of his side-kick Bunny Manders, always manages to thwart the investigations of Scotland Yard's Inspector Mackenzie.","Classic Literature, Criminals, English Detective and mystery stories, Fiction, Mystery, Raffles (Fictitious character), Short Stories, Fiction, general, Raffles (fictitious character), fiction, Raffles (Personnage fictif), Romans, nouvelles, Criminels, England -- Fiction, Detective and mystery stories, English, Criminals -- Fiction, Raffles (Fictitious character) -- Fiction, English Short stories, Large type books, England, fiction, Jewel thieves"
The Murder of Roger Ackroyd,Agatha Christie,1926,13151356.0,mystery,/works/OL471932W,"Belgian Inspector Hercule Poirot has retired to the countryside in the small English village of King's Abbot. Dr. Sheppard, observing his new neighbor, is sure that he must be a former hairdresser. But the brutal murder of a local squire reveals the truth: the peculiar little man is actually a detective par excellence. The Murder of the wealthy industrialist Roger Ackroyd begins the night before with the suicide of Mrs. Ferrars, a wealthy widow. Her death is believed to be an accident, until Roger Ackroyd is stabbed to death in his locked study. There are rumors she poisoned her first husband, rumors that she was being blackmailed, rumors that her secret lover was Roger Ackroyd, a man who knew too much, but no one is sure.

There's no shortage of suspects, all the members of the household stand to gain from his death, from Roger's neurotic sister-in-law who has accumulated personal debts, to a parlormaid with an uncertain history who resigned her post the afternoon of the murder. But the police focus on Ralph Paton, Ackroyd's stepson and heir, and the person with the most to gain from Roger's death. When sleuth Hercule Poirot, who is living quietly in King's Abbot, agrees to investigate, the case takes a completely different turn. Poirot exonerates all of the original suspects, and lays out a completely reasoned case that the clever and devious murderer is someone who had not come under suspicion at all - someone whose motive has nothing to do with money.
([source](https://www.agathachristie.com/stories/the-murder-of-roger-ackroyd))

---

Also contained in:

- [Five Classic Murder Mysteries](https://openlibrary.org/works/OL471533W)
- [Masterpieces of Murder](https://openlibrary.org/works/OL471974W)
- [More Stories to Remember: Volume II](https://openlibrary.org/works/OL15146874W)
- [The Murder of Roger Ackroyd / The Mystery of the Blue Train / Dumb Witness / Death on the Nile](https://openlibrary.org/works/OL20909872W)
- [Murders to die for](https://openlibrary.org/works/OL27311029W)
- [Novels](https://openlibrary.org/works/OL24535152W)
- [Novels](https://openlibrary.org/works/OL26432485W)
- [Works](https://openlibrary.org/works/OL17307260W/Works)","detective fiction, mystery, murder, investigation, victim, Private investigators, Detective and mystery stories, Fiction, Mystery & Detective fiction, historical fiction, crime fiction, Unreliable Narrator, Belgians, Investigadores privados, Novela policíaca, Ficción, Fiction, mystery & detective, traditional, Poirot, hercule (fictitious character), fiction, England, fiction, Private investigators, fiction"
Poirot investigates,Agatha Christie,1924,13670505.0,mystery,/works/OL471940W,"in published order, the first 10 Christie mystery books featuring Poirot are: 1) The Mysterious Affair at Styles, 2) The Murder on the Links, 3) Poirot Investigates, 4) The Murder of Roger Ackroyd, 5) The Big Four, 6) The Mystery of the Blue Train, 7) Black Coffee: A Mystery Play in Three Acts [Charles Osborne novelized the play in 1998 under the title, Black Coffee], 8) Peril at End House, 9) Lord Edgware Dies, and 10) Murder on the Orient Express. Each has its own entry on Goodreads.","Hercule Poirot (Fictitious character), Private investigators, Chief Inspector Japp (Fictitious character), Belgians, English Detective and mystery stories, Detective and mystery stories, Fiction, Captain Hastings (Fictitious character), English Short stories, Historical Fiction, Mystery, Romance, England, fiction, Poirot, hercule (fictitious character), fiction, Fiction, mystery & detective, traditional, Fiction, mystery & detective, short stories, Fiction, mystery & detective, collections & anthologies, Fiction, crime, Fiction, mystery & detective, historical, Private investigators -- England -- Fiction"
The legacy of Cain,Wilkie Collins,1859,494040.0,mystery,/works/OL176076W,"At the request of a person who has claims on me that I must not disown, I consent to look back through a long interval of years and to describe events which took place within the walls of an English prison during the earlier period of my appointment as Governor.","Fiction, Fathers and daughters, Clergy in fiction, Fathers and daughters in fiction, Adopted children in fiction, England in fiction, Children of women prisoners in fiction, Clergy, Adopted children, Children of women prisoners, Mystery, Fiction, family life, general, Married people, fiction, Fiction, mystery & detective, general, British and irish fiction (fictional works by one author), England, fiction, Fathers and daughters, fiction"
The Da Vinci Code,Dan Brown,2003,9255229.0,mystery,/works/OL76837W,"The Da Vinci Code is a 2003 mystery thriller novel by Dan Brown. It is Brown's second novel to include the character Robert Langdon: the first was his 2000 novel Angels & Demons. The Da Vinci Code follows ""symbologist"" Robert Langdon and cryptologist Sophie Neveu after a murder in the Louvre Museum in Paris causes them to become involved in a battle between the Priory of Sion and Opus Dei over the possibility of Jesus Christ and Mary Magdalene having had a child together.


----------
See also:
[The Da Vinci Code [1/2]](https://openlibrary.org/works/OL24164822W)
[The Da Vinci Code [2/2]](https://openlibrary.org/works/OL24210437W)

		
Contained in:
[Angels & Demons / The Da Vinci Code](https://openlibrary.org/works/OL15290520W)","Suspense & Thriller, Spiritual Fiction, hieros gamos, Priory of Sion, Holy Grail, Vitruvian Man, Fibonacci sequence, safe deposit boxes, mystery & suspense, Templars, Manuscripts, Last Supper in art, Symbolism in architecture, suspense fiction, adventure fiction, Catholics, puzzles, International thriller, Code and cipher stories, Mystery fiction"
The After House,Mary Roberts Rinehart,1914,2757973.0,mystery,/works/OL137397W,"The After House is a gripping whodunit that revolves around a series of grisly axe murders. Set on board a ship, this murder mystery is sure to leave you on the edge of your seat.","Classic Literature, Fiction, mystery and suspense, Yachting, Fiction, mystery & detective, general, Fiction, thrillers, general, Large type books, Mystery, suspense, Mystery & Detective, General, LITERARY CRITICISM, American, Fiction, sea stories, Fiction, romance, general, Fiction, general, Detective and mystery stories, Mutiny, Adventure stories, English Adventure stories"
The Man in the Brown Suit,Agatha Christie,1924,11153508.0,mystery,/works/OL472549W,"Newly-orphaned Anne Beddingfeld is a nice English girl looking for a bit of adventure in London. But she stumbles upon more than she bargained for! Anne is on the platform at Hyde Park Corner tube station when a man falls onto the live track, dying instantly. A doctor examines the man, pronounces him dead, and leaves, dropping a note on his way. Anne picks up the note, which reads ""17.1 22 Kilmorden Castle"". The next day the newspapers report that a beautiful ballet dancer has been found dead there-- brutally strangled. A fabulous fortune in diamonds has vanished. And now, aboard the luxury liner Kilmorden Castle, mysterious strangers pillage her cabin and try to strangle her. What are they looking for? Why should they want her dead? Lovely Anne is the last person on earth suited to solve this mystery... and the only one who can! Anne's journey to unravel the mystery takes her as far afield as Africa and the tension mounts with every step... and Anne finds herself struggling to unmask a faceless killer known only as 'The Colonel'....","Fiction, Mystery, English literature, Fiction, mystery & detective, general, French fiction, English Detective and mystery stories, London (england), fiction, Fiction, mystery & detective, traditional, Fiction, mystery & detective, international crime & mystery, Fiction, mystery & detective, amateur sleuth, Fiction, mystery & detective, women sleuths, South Africa -- Fiction, Detective and mystery stories, London (England) -- Fiction, Murder -- Investigation -- Fiction, Women adventurers, Fiction, thrillers, general, Race, colonel johnny (fictitious character), fiction, Fiction, general"
Death on the Nile,Agatha Christie,1937,14066646.0,mystery,/works/OL471724W,"The tranquillity of a cruise along the Nile was shattered by the discovery that Linnet Ridgeway ( Linnet Doyle) had been shot through the head. She was young, stylish, rich and beautiful. A girl who had everything... until she lost her life.

Hercule Poirot recalled an earlier outburst by a fellow passenger: 'I'd like to put my dear little pistol against her head and just press the trigger.' Yet in this exotic setting nothing was ever quite what it seemed...","Belgians, Fiction, Hercule Poirot (Fictitious character), Private investigators, English Detective and mystery stories, murder, Historical Fiction, Mystery, Romance, Poirot, Hercule (Personaje literario), Detectives privados, Novela, Belgas, Ficción, Agatha Christie, Detective, Hercule Poirot, Classic, British, Literature"
The Circular Staircase,Mary Roberts Rinehart,1908,2761207.0,mystery,/works/OL137396W,"This is the story of how a middle-aged spinster lost her mind, deserted her domestic gods in the city, took a furnished house for the summer out of town, and found herself involved in one of those mysterious crimes that keep our newspapers and detective agencies happy and prosperous. For twenty years I had been perfectly comfortable; for twenty years I had had the window-boxes filled in the spring, the carpets lifted, the awnings put up and the furniture covered with brown linen; for as many summers I had said good-by to my friends, and, after watching their perspiring hegira, had settled down to a delicious quiet in town, where the mail comes three times a day, and the water supply does not depend on a tank on the roof.","Classic Literature, Fiction, Detective and mystery stories, Innes, rachel (fictitious character), fiction, Adirondack mountains (n.y.), fiction, Fiction, suspense, Large type books, Open Library Staff Picks, Middle-aged women, Investigation, Murder, Country homes, Fiction, thrillers, suspense, Fiction, mystery & detective, general, Crime, fiction, United states, fiction, Country homes -- Fiction, Murder -- Investigation -- Fiction, Mystery fiction, Middle-aged women -- Fiction"
The Paradise Mystery,Joseph Smith Fletcher,1920,1814712.0,mystery,/works/OL1797752W,"American tourists, sure appreciators of all that is ancient and picturesque in England, invariably come to a halt, holding their breath in a sudden catch of wonder, as they pass through the half-ruinous gateway which admits to the Close of Wrychester.  Nowhere else in England is there a fairer prospect of old-world peace.  There before their eyes, set in the centre of a great green sward, fringed by tall elms and giant beeches, rises the vast fabric of the thirteenth-century Cathedral, its high spire piercing the skies in which rooks are for ever circling and calling.","Classic Literature, Fiction, Mystery, Fiction, thrillers, suspense, England, fiction, Fiction, mystery & detective, general"
Tales of Terror and Mystery,Arthur Conan Doyle,1963,8311421.0,mystery,/works/OL262586W,"From the book:The idea that the extraordinary narrative which has been called the Joyce-Armstrong Fragment is an elaborate practical joke evolved by some unknown person, cursed by a perverted and sinister sense of humour, has now been abandoned by all who have examined the matter. The most macabre and imagi-native of plotters would hesitate before linking his morbid fancies with the unquestioned and tragic facts which reinforce the statement. Though the assertions contained in it are amazing and even monstrous, it is none the less forcing itself upon the general intelligence that they are true, and that we must readjust our ideas to the new situation. This world of ours appears to be separated by a slight and precarious margin of safety from a most singular and unexpected danger. I will endeavour in this narrative, which reproduces the original document in its necessarily somewhat fragmentary form, to lay before the reader the whole of the facts up to date, prefacing my statement by saying that, if there be any who doubt the narrative of Joyce-Armstrong, there can be no question at all as to the facts concerning Lieutenant Myrtle, R. N., and Mr. Hay Connor, who undoubtedly met their end in the manner described.


----------
Contains:

 - Tales of Terror

The Horror of the Heights
The Leather Funnel
The New Catacomb
The Case of Lady Sannox
The Terror of Blue John Gap
The Brazilian Cat

 - Tales of Mystery

The Lost Special
The Beetle-Hunter
The Man with the Watches
The Japanned Box
The Black Doctor
The Jew's Breastplate","Classic Literature, English Detective and mystery stories, English Horror tales, English Short stories, Fiction, Horror, Mystery, English literature, Fiction, general, Fiction, thrillers, general, Fiction, mystery & detective, general, British and irish fiction (fictional works by one author), Fiction, short stories (single author), Fiction, horror, Large type books"
The dead secret,Wilkie Collins,1857,14305247.0,mystery,/works/OL176087W,,"Fiction, Social life and customs, Inheritance and succession, Inheritance and succession in fiction, England in fiction, Mothers and daughters in fiction, Illegitimate children in fiction, Mothers and daughters, Illegitimate children, Mystery, Fiction, mystery & detective, general, British and irish fiction (fictional works by one author), Unmarried mothers, Identity (Psychology), History, General, Fiction, mystery & detective, traditional, English literature, Inheritance and succession -- Fiction, Mothers and daughters -- Fiction"
The Lodger,Marie Belloc Lowndes,1913,696674.0,mystery,/works/OL1172118W,"<p><i>The Lodger</i> is the first known novelization of the Jack the Ripper story. It follows the lives of <abbr>Mr.</abbr> and <abbr>Mrs.</abbr> Bunting, a maid and butler. An eccentric lodger, <abbr>Mr.</abbr> Sleuth, arrives at their lodging-house just as a wave of horrific murders begins to sweep London. The Buntings become engrossed in the newspaper sensationalism as well the detailed accounts of their young friend, a Scotland Yard detective.</p> <p><a href=""https://standardebooks.org/ebooks/marie-belloc-lowndes"">Lowndes</a> first wrote <i>The Lodger</i> as a short story published in <i>McClure’s Magazine</i>, then later published the novelization in the <i>Daily Telegraph</i> as a serial. It was very successful, with over a million copies sold within a few decades. Writers like <a href=""https://standardebooks.org/ebooks/ernest-hemingway"">Ernest Hemingway</a> and <a href=""https://standardebooks.org/ebooks/gertrude-stein"">Gertrude Stein</a> praised it, with one contemporary reviewer calling it “the best novel about murder written by any living author.” It has since been adapted to other media, notably as one of Alfred Hitchcock’s first movies. Today the novel is still considered the best fictional adaptation of the Jack the Ripper legend.</p>","Classic Literature, Fiction, Serial murders, Fiction, mystery & detective, collections & anthologies, Fiction, general, Fiction, mystery & detective, general, London (england), fiction, Serial murders, fiction, Fiction, mystery & detective, historical, Jack, the ripper, fiction, Fiction, thrillers, suspense, Fiction, thrillers, general, Fiction, suspense, Fiction, mystery & detective, traditional, England, fiction, Detective and mystery stories, Serial murders -- Fiction, Whitechapel (London, England) -- Fiction, Jack, the Ripper -- Fiction, Mystery"
The Queen of Hearts,Wilkie Collins,1859,1861500.0,mystery,/works/OL176073W,,"Fiction, Mystery, British and irish fiction (fictional works by one author), Fiction, general"
R. Holmes & Co.,John Kendrick Bangs,1906,5716647.0,mystery,/works/OL1868679W,"The son of Sherlock Holmes (who also happens to also be the grandson of thief A. J. Raffles) decides to have his own adventures published. Upon selecting the man who will chronicle his life (much as Watson did for Holmes), we get the tale Raffles' astonishing origin, followed by an exciting series of adventures involving burglary, extortion, armed robbery, and more-with Raffles treading the fine line (and often slipping off) between good and evil, as the conflicting heritage of his sire and grandsire battle for dominance!","Criminals, Fiction, Private investigators, Mystery, Fiction, mystery & detective, general, Fiction, general"
L'affaire Lerouge,Émile Gaboriau,1800,4486242.0,mystery,/works/OL1546094W,"Le jeudi 6 mars 1862, surlendemain du Mardi gras, cinq femmes du village de La Jonchere se presentaient au bureau de police de Bougival.","Fiction, Mystery, Fiction, mystery & detective, general, Detective and mystery stories"
The A.B.C. Murders,Agatha Christie,1936,14573514.0,mystery,/works/OL471509W,"There's a serial killer on the loose, bent on working his way though the alphabet.  There seems little chance of the murderer being caught - until her makes the crucial and vain mistake of challenging Hercule Poirot to frustrate his plans . . .","Fiction, Mystery, Agatha Christie, Hercule Poirot (Fictitious character), Series, #13, Classic, British, Literature, Stories, Detective, P.I., Private investigator, Serial murders, Suspense, Humour, Humorous, Poirot, Hercule (Personaje literario), Inglaterra, Novela, Asesinatos seriales"
4:50 from Paddington,Agatha Christie,1957,13151352.0,mystery,/works/OL471500W,"Agatha Christie’s audacious mystery thriller, reissued with a striking new cover designed to appeal to the latest generation of Agatha Christie fans and book lovers.

For an instant the two trains ran together, side by side. In that frozen moment, Elspeth witnessed a murder. Helplessly, she stared out of her carriage window as a man remorselessly tightened his grip around a woman’s throat. The body crumpled. Then the other train drew away.

But who, apart from Miss Marple, would take her story seriously? After all, there were no suspects, no other witnesses… and no corpse.","Fiction, Mystery, Jane Marple (Fictitious character), Fiction, mystery & detective, general, Marple, jane (fictitious character), fiction, English literature, English language, Fiction, mystery & detective, traditional, Murder, Investigation, Meurtre, Romans, nouvelles, Mystery fiction, Homicide, Fiction, mystery & detective, women sleuths, England, fiction, series:Miss_Marple, Women detectives"
The daffodil murder,Edgar Wallace,1921,2895230.0,mystery,/works/OL1517945W,Ein Londoner Geschaftsmann entla©t seineAngestellte fristlos. Kurze Zeit spater liegter erschossen im Gras des Hyde Park ...,"Fiction, Mystery, Fiction, mystery & detective, general, England, fiction, Young women, fiction"
The Mysterious Key And What It Opened,Louisa May Alcott,2004,1815112.0,mystery,/works/OL30040W,An early romantic mystery story by the author of LITTLE WOMEN and LITTLE MEN.,"Fiction, Mystery, Fiction, thrillers, general, Fiction, mystery & detective, general, Fiction, romance, historical, general, American literature, Fiction, general"
Dead Men Tell No Tales,Ernest William Hornung,1899,2890645.0,mystery,/works/OL250350W,,"Fiction, Mystery, Fiction, general"
The Murder at the Vicarage,Agatha Christie,1930,12996560.0,mystery,/works/OL471895W,"***Murder at the Vicarage (1930)is the first Miss Marple mystery book by Agatha Christie.***  Miss Jane Marple is a village busybody who applies human nature to crimes. Colonel Protheroe, magistrate universally despised, was shot in his study, unheard. His wife Anne admits newly arrived artist Lawrence Redding is an old flame, and both confess to murder. **The local inspector and Miss Marple sort through to the truth.**

***The murder of Colonel Protheroe shocks the town of St. Mary Mead, where the main entertainment is tea and gossip.*** Among the neighbors of St. Mary Mead, the most meddlesome, observant and shrewd person is Miss Marple. His intervention will be decisive in the resolution of a crime for which there are no suspects.

***Death in the vicarage, published in 1930, was the first appearance of one of the most important characters in the work of Agatha Christie, the spinster and insightful Miss Marple, whose cases have been adapted several times both to the cinema and in Form of television series.***","Women detectives, Fiction, Classic, Literature, Audiobook, Braile, DVD, Murder, Mystery, Humour, Jane Marple (Fictitious character), Investigation, Fiction, mystery & detective, women sleuths, Marple, jane (fictitious character), fiction, Fiction, mystery & detective, traditional, England, fiction, English literature, Powieść kryminalna angielska, Tłumaczenia polskie, Comics & graphic novels, crime & mystery"
A Murder Is Announced,Agatha Christie,1950,14578204.0,mystery,/works/OL471771W,"The villagers of Chipping Cleghorn, including Jane Marple, are agog with curiosity over an advertisement in the local gazette which read: 'A murder is announced and will take place on Friday October 29th, at Little Paddocks at 6:30 p.m.'  Unable to resist the mysterious invitation, a crowd begins to gather at Little Paddocks at the ppointed time when, without warning, the lights go out . . .","Fiction, Mystery, Agatha Christie, Miss Marple, Series, British, Amateur, Detective, Classic, Literature, Braille, Audio-book, Party, Invitation, Crime, Murder, Suspense, Humour, Women detectives in fiction, Women detectives"
The Body in the Library,Agatha Christie,1942,12855259.0,mystery,/works/OL471610W,"The very-respectable Colonel and Mrs Bantry have awakened to discover the body of a young woman in their library. She is wearing evening dress and heavy make-up, which is now smeared across her cold cheeks. But who is she? How did she get there? And what is her connection with another dead girl, whose charred remains are later discovered in an abandoned quarry? The Bantrys turn to Miss Marple to solve the mystery.","Fiction, Mystery, Women detectives, Detective and mystery stories, Jane Marple (Fictitious character), Agatha Christie, Miss Marple, Series, British, Female, Amateur, Detective, Classic, Literature, Audiobook, Murder, Suspense, Humour, Marple, Jane (Personaje literario), Mujeres detectives"
The Mirror Crack'd from Side to Side,Agatha Christie,1960,10561150.0,mystery,/works/OL471990W,"E-book exclusive extras:1) Christie biographer Charles Osborne's essay on The Mirror Crack'd from Side to Side;2) ""The Marples"": the complete guide to all the cases of crime literature's foremost female detective.The quaint village of St Mary Mead has been glamourized by the presence of screen queen Marina Gregg, who has taken up residence in preparation for her comeback. But when a local fan is poisoned, Marina finds herself starring in a real-life mystery—supported with scene-stealing aplomb by Jane Marple, who suspects that the lethal cocktail was intended for someone else. But who? If it was meant for Marina, then why? And before the final fade-out, who else from St Mary Mead’s cast of seemingly innocent characters is going to be eliminated?","Fiction, Mystery, Jane Marple (Fictitious character), Women detectives in fiction, Women detectives, Romance Ingles, Crime & mystery, England, fiction, Marple, jane (fictitious character), fiction, Fiction, mystery & detective, traditional, Fiction, mystery & detective, women sleuths, English literature, Fiction, mystery & detective, general, English language, Characters and characteristics in literature, Mystery fiction, Inspectrices de police, Romans, nouvelles"
The Guilty River,Wilkie Collins,1886,5723048.0,mystery,/works/OL176066W,,"Fiction, Mystery, Classic Literature, English fiction, British and irish fiction (fictional works by one author), Fiction, mystery & detective, general"
The Mystery of the Blue Train,Agatha Christie,1928,14575533.0,mystery,/works/OL471603W,"Bound for the Riviera, detective Hercule Poirot has boarded Le Train Bleu, an elegant, leisurely means of travel, free of intrigue. Then he meets Ruth Kettering. The American heiress bailing out of a doomed marriage is en route to reconcile with her former lover. But by morning, her private affairs are made public when she is found murdered in her luxury compartment. The rumour of a strange man loitering in the victim's shadow is all Poirot has to go on. Until Mrs. Kettering's secret life begins to unfold...","Crimes against, Detective and mystery stories, Divorce, Divorce in fiction, Fiction, Hercule Poirot (Fictitious character), Jewelry theft, Jewelry theft in fiction, Married women, Married women in fiction, Private investigators, Private investigators in fiction, Railroad stories, Railroad travel, Railroad travel in fiction, Rich people, Rich people in fiction, Historical Fiction, Mystery, Romance"
The Big Four,Agatha Christie,1927,12996529.0,mystery,/works/OL471947W,"They are a vicious international quartet of criminals known as ""The Big Four"". Number One was a brilliant Chinese, the greatest criminal brain of all time; Number Two was a USAmerican multi-millionaire; Number Three was a beautiful Frenchwoman scientist; and Number Four was ""the destroyer,"" the ruthless murderer with a genius for disguise, whose business it was to remove those who interfered with his masters plans. These four, working together, is a partnership with one simple goal, establish world dominance with murders.

Belgian detective Hercule Poirot was preparing for a voyage to South America when an uninvited guest, coated from head to foot in mud, stood at his doorway, collapsed, then recovered long enough to scribble the number four on a piece of paper. Now, ""The Big Four"" pursues eliminate the only man who can foil them: Hercule Poirot. It's up to Poirot and his faithful assistant Hastings to follow the clues and stop the deadly cabal from achieving its devastating end. But do they really avoid the Grim Reaper? In the most dangerous case of his career, the little detective will not be diverted by poison, a falling tree, electrocution, or a hit-and-run. Poirot appears to meet his end when a bomb explodes in his apartment. Hastings, devastated, vows to avenge him--but can he succeed without Poirot?","Fiction, Mystery, Private investigators, Large type books, Hercule Poirot (Fictitious character), Translations into Arabic, English Detective and mystery stories, English literature, Fiction, mystery & detective, Poirot, hercule (fictitious character), fiction, Private investigators, fiction, England, fiction, Fiction, mystery & detective, traditional, Détectives, Romans, nouvelles, Crime, Fiction, thrillers, espionage, Comic books, strips, Parodies, imitations, Fiction, mystery & detective, general"
The Secret of Chimneys,Agatha Christie,1925,12996574.0,mystery,/works/OL472542W,"A bit of adventure and quick cash is all that good-natured drifter Anthony Cade is looking for when he accepts a messenger job from an old friend. It sounds so simple: deliver the provocative memoirs of a recently deceased European count to a London publisher. Little did Anthony suspect that a simple errand to deliver the manuscript on behalf of his friend would drop him right in the middle of an international conspiracy, and he begins to realize that it has placed him in serious danger. Why were Count Stylptich's memoirs so important? And what was ""King Victor"" really after? The parcel holds ore than scandalous royal secrets - because it contains a stash of letters that suggest blackmail. Someone would stop at nothing to prevent the monarchy being restored in faraway Herzoslovakia.

Wherever ravishing Virginia Revel went, death seemed sure to follow. First her husband died. The next to perish was a foreign prince whose ruthless power was matched by his scandalous passions. Then a bungling blackmailer followed them into the grave. Murder, blackmail, stolen letters, and a fabulous missing jewel: all under the not always co-operative eyes of Scotland Yard and the Surete. All threads lead to Chimneys, one of England's historic country house estates, where a master murderer mingled with the aristocratic guests. Virginia could turn to only one person to prove her innocence and end her nightmare, and she could only pray that she had not put her life into the hands of the man who was out to take it....

This novel was published in 1925 by Bodley Head in London, and by Dodd, Mead & Co. in New York. The Times Literary Supplement described it as ""a thick fog of mystery, cross purposes, and romance, which leads up to a most unexpected and highly satisfactory ending"".Chimneys was adapted by Christie as a stage play but was not performed until 2003, in Canada. It was filmed with the addition of Julia McKenzie as Miss Marple by ITV in 2009.","Fiction, Mystery, Superintendent Battle (Fictitious character), English Detective and mystery stories, Murder, Investigation, Conspiracies, Manors, Detective and mystery stories, Fiction, mystery & detective, traditional, Fiction, thrillers, suspense, London (england), fiction, Poirot, hercule (fictitious character), fiction, Fiction, mystery & detective, general, Fiction, mystery & detective, police procedural, Fiction, mystery & detective, international crime & mystery, Fiction, thrillers, general, Fiction, historical, general, English literature, Fiction, general"
In Cold Blood,Truman Capote,1965,228066.0,mystery,/works/OL1992198W,"On November 15, 1959, in the small town of Holcomb, Kansas, four members of the Clutter family were savagely murdered by blasts from a shotgun held a few inches from their faces. There was no apparent motive for the crime, and there were almost no clues.","True, Crime, Murder, Mystery, Cas, Études de, Meurtre, Análisis de casos, Asesinato, Case studies, Murder -- Kansas -- Case studies., Smith, Perry Edward, 1928-1965, Kansas, Hickock, Richard Eugene, 1931-1965, Murder, kansas, True crime, Criminology and law enforcement, Large type books, American, Bäuerliche Familie, Roman"
Evil Under the Sun,Agatha Christie,1941,13671433.0,mystery,/works/OL472049W,"Set at the Jolly Roger, a posh vacation resort for the rich and famous on the southern coast of England, Evil Under the Sun is one of Agatha Christie’s most intriguing mysteries. When a gorgeous young bride is brutally strangled to death on the beach, only Hercule Poirot can sift through the secrets that shroud each of the guests and unravel the macabre mystery at this playground by the sea.","Hercule Poirot (Fictitious character), Private investigators, Detective and mystery stories, Open Library Staff Picks, Detectives, Fiction, Belgians, Mystery, English literature, Murder, Investigation, Fiction, mystery & detective, general, Poirot, hercule (fictitious character), fiction, Private investigators, fiction, England, fiction, English language, Poirot, Hércules (Personaje ficticio), Novela, Cuentos policiacos y de misterio ingleses, Fiction, mystery & detective, traditional"
The house by the church-yard,Sheridan Le Fanu,1863,3950063.0,mystery,/works/OL2895540W,"Sheridan Le Fanu's historical mystery novel The House by the Churchyard was written in 1863. A skull unearthed in a churchyard show signs of violent blows to the head and, even more disturbingly, the small hole caused by trepanning. One hundred years before, a coffin is buried secretly, ""R.D."" the only identification on its brass plague. The House by the Churchyard was a major source of inspiration for James Joyce's Finnegans Wake.","Ireland in fiction, Fiction, Fiction, historical, general, Fiction, mystery & detective, general, Classic Literature, Mystery, English literature, Fiction, religious, Fiction, horror"
Sleeping Murder,Agatha Christie,1940,10247294.0,mystery,/works/OL472250W,"""Let sleeping murder lie"": this is the proverb (a variation on ""Let sleeping dogs lie"") which is not obeyed by twenty-one-year-old New Zealander Gwenda Reed, who has recently married and now comes to England to settle down there.  While her husband, Giles, is out of the country, she buys a house for them and starts recalling memories which make her start to think that perhaps she had lived in the house before. She knows the pattern of the old wallpaper they find on the walls, the location of a now covered over doorway, a set of steps in the garden that are not where they should be, and so on. When she begins to remember seeing someone murdered at the bottom of the staircase however, she is convinced she is going mad. Miss Marple however has an explanation not only for why she may be having these memories but also solves the mystery of the murder victim and her murderer. 

Sleeping Murder chronicles Miss Marple’s final case. Although Agatha Christie wrote it before Nemesis, it was not published until after her death in 1976. It is thought to have been written in the early 1940s, although the exact date has been debated","Fiction, Jane Marple (Fictitious character), Women detectives, Women detectives in fiction, Mystery, Large type books, English Detective and mystery stories, Translations into French, English literature, Fiction, mystery & detective, traditional, Fiction, mystery & detective, women sleuths, Marple, jane (fictitious character), fiction, England, fiction, Detective and mystery stories, Inspectrices de police, Romans, nouvelles"
The Moving Finger,Agatha Christie,1942,13672855.0,mystery,/works/OL471905W,"The placid village of Lymstock seems the perfect place for Jerry Burton to recuperate from his accident under the care of his sister, Joanna. But soon a series of vicious poison-pen letters destroys the village's quiet charm, eventually causing one recipient to commit suicide. The vicar, the doctor, the servants—all are on the verge of accusing one another when help arrives from an unexpected quarter. The vicar's houseguest happens to be none other than Jane Marple.","Fiction, Women detectives, Jane Marple (Fictitious character), Detective and mystery stories, English fiction, Marple, Jane (Fictitious characters), Mystery, Anonymous letters, Gossip, Large type books, Fiction, mystery & detective, women sleuths, Marple, jane (fictitious character), fiction, Fiction, mystery & detective, general, Women private investigators, Novela policiaca, English literature, Inspectrices de police, Romans, nouvelles, Livres en gros caractères, Large print books"
The Talleyrand Maxim,Joseph Smith Fletcher,1920,1845490.0,mystery,/works/OL1797757W,"The “Talleyrand Maxim” holds that “With time and patience, the mulberry leaf is turned into satin.” The adage has the character of guidance for life for an ambitious legal clerk, Linford Pratt. Unlike most people, he decides to take extreme measures to get what he believes is his due.","Fiction, mystery & detective, general, Fiction, thrillers, suspense, Wills in fiction, Detective and mystery stories, Fiction, Mystery"
Crooked House,Agatha Christie,1949,14570595.0,mystery,/works/OL471891W,"Three generations of the Leonides family live together in a large, if somewhat crooked looking, house. Then the wealthy patriarch, Aristide, is murdered. Suspicion falls on the whole household, including Aristide's two sons, his widow – fifty years his junior – and even his three grandchildren. Could any member of this seemingly devoted family have had a hand in his death? Can Charles Hayward, fiance of the late millionaire's granddaughter, help the police find the killer and clear his loved one's name?Christie always acknowledged this novel as one of her favourites. She said in an interview in The Sunday Times that she enjoyed best writing the Crooked House type novel, ""which depends on a family and the interplay of their lives.""","Mystery, Fiction, Jane Marple (Fictitious character), Large type books, Women detectives, Murder, Investigation, Detective and mystery stories, Drama, Radio plays, Family secrets, Film adaptations, Fiction, mystery & detective, general, Juvenile fiction, English literature, English language, Fiction, mystery & detective, traditional, England, fiction, Family life, Homicide"
The Dead Alive,Wilkie Collins,1874,2908796.0,mystery,/works/OL176060W,"""Heart all right,"" said the doctor. ""Lungs all right. No organic disease that I can discover. Philip Lefrank, don't alarm yourself. You are not going to die yet. The disease you are suffering from is - overwork. The remedy in your case is - rest.""","Fiction, Mystery, Fiction, legal, Fiction, historical, general, Brothers, fiction, Vermont, fiction, Fiction, mystery & detective, general, Crime, fiction, Fiction, general"
At Bertram's Hotel,Agatha Christie,1965,6379981.0,mystery,/works/OL265415W,"**An old-fashioned London Hotel is not quite as reputable as it makes out… When Miss Marple comes up from the country for a holiday in London, she finds what she’s looking for at Bertram’s Hotel: traditional decor, impeccable service and an unmistakable atmosphere of danger behind the highly polished veneer. Yet, not even Miss Marple can foresee the violent chain of events set in motion when an eccentric guest makes his way to the airport on the wrong day…**","Fiction, Jane Marple (Fictitious character), Women detectives, Older women, History, Hotels, Mystery, Detective and mystery stories, Mystery fiction, Marple, Jane (Fictitious character), Fiction, mystery & detective, traditional, Marple, jane (fictitious character), fiction, Fiction, mystery & detective, women sleuths, England, fiction, English literature, Fiction, mystery & detective, general"
They Do It with Mirrors,Agatha Christie,1952,10249524.0,mystery,/works/OL471871W,"E-book exclusive extras:1) Christie biographer Charles Osborne's essay on They Do It with Mirrors;2) ""The Marples"": the complete guide to all the cases of crime literature's foremost female detective.A sense of danger pervades the rambling Victorian mansion in which Jane Marple’s friend Carrie Louise lives—and not only because the building doubles as a rehabilitation centre for criminal youths. One inmate attempts, and fails, to shoot dead the administrator. But simultaneously, in another part of the building, a mysterious visitor is less lucky. Miss Marple must employ all her cunning to solve the riddle of the stranger’s visit, and his murder—while protecting her friend from a similarly dreadful fate.The New York Times: ‘No one on either side of the Atlantic does it better.’","Fiction, Jane Marple (Fictitious character), Women detectives, Detective and mystery stories, Mystery, Marple, jane (fictitious character), fiction, England, fiction, Fiction, mystery & detective, general, English literature, Fiction, mystery & detective, traditional, Fiction, mystery & detective, women sleuths, English language, Growth (Plants), Arabis holboellii"
After the Funeral,Agatha Christie,1953,12996535.0,mystery,/works/OL471943W,"When Cora is savagely murdered with a hatchet, the extraordinary remark she made the previous day at her brother Richard's funeral suddenly takes on a chilling significance. At the reading of Richard's will, Cora was clearly heard to say: 'It's been hushed up very nicely, hasn't it. But he was murdered, wasn't he?' In desperation, the family solicitor turns to Hercule Poirot to unravel the mystery.","Fiction, Mystery, Hercule Poirot (Fictitious character), Private investigators, Belgians, Mystery and detective stories, England, fiction, Fiction, mystery & detective, traditional, Private investigators, fiction, Belgium, fiction, Fiction, mystery & detective, general, Fiction, crime, English literature, Détectives, Romans, nouvelles, Murder, Investigation, Detectives"
Lord Edgware Dies,Agatha Christie,1933,9492111.0,mystery,/works/OL471767W,"Poirot had been present when Jane bragged of her plan to 'get rid of' her estranged husband.  Now the monstrous man was dead, but how could Jane have stabbed Lord Edgware to death in his library at exactly the same time she was seen dining with friends?  And what could be her motive now that the aristocrat had vinally granted her a divorce?","Hercule Poirot (Fictitious character), Private investigators, Fiction, Mystery, Detective and mystery stories, Juvenile literature, Investigadores privados, Poirot, Hercule (Personaje literario), Detectives privados, Novela, Ficcio n., Novela de misterio, Ficción, Zhen tan xiao shuo, England, fiction, Poirot, hercule (fictitious character), fiction, Fiction, mystery & detective, traditional, Detektiv, Mord, Schauspielerin"
Curtain,Agatha Christie,1975,12387503.0,mystery,/works/OL472470W,"wheelchair-bound Poirot returns to Styles, the venue of his first investigation, where he knows another murder is going to take place…

The house guests at Styles seemed perfectly pleasant to Captain Hastings; there was his own daughter Judith, an inoffensive ornithologist called Norton, dashing Mr Allerton, brittle Miss Cole, Doctor Franklin and his fragile wife Barbara , Nurse Craven, Colonel Luttrell and his charming wife, Daisy, and the charismatic Boyd-Carrington.

So Hastings was shocked to learn from Hercule Poirot’s declaration that one of them was a five-times murderer. True, the ageing detective was crippled with arthritis, but had his deductive instincts finally deserted him?…","Fiction, Hercule Poirot (Fictitious character), Private investigators, Detective and mystery stories, Murderers, Country homes, English Detective and mystery stories, English fiction, Mystery, Large type books, Russian language edition, Private investigators in fiction, Fiction, mystery & detective, traditional, Poirot, hercule (fictitious character), fiction, England, fiction, Hastings, arthur, captain (fictitious character), fiction, Detectives, Détectives, Romans, nouvelles, Hercule Poirot (Fictional character)"
Five Little Pigs,Agatha Christie,1942,14578138.0,mystery,/works/OL471666W,"Sixteen years after Caroline Crale has been convicted of the murder of her husband, Amyas Crale, her daughter, Carla Lemarchant, approaches Poirot to investigate the case. Poirot embarks optimistically upon an unprecedented challenge, but soon fears that the case may be as cut and dried as it had first appeared.","Hercule Poirot (Fictitious character), Private investigators, Detective and mystery stories, Open Library Staff Picks, Fiction, Mystery, Large type books, Murder, Investigation, False imprisonment, Mothers and daughters, English literature, Fiction, mystery & detective, general, Poirot, hercule (fictitious character), fiction, Private investigators, fiction, England, fiction, Fiction, mystery & detective, traditional, Fiction, mystery & detective, women sleuths"
Appointment with Death,Agatha Christie,1938,14561660.0,mystery,/works/OL471667W,"Agatha Christie set this book in Jerusalem. An english family headed by a bullying overbearing mother is murdered. Suspicion falls on members of the family, so Poirot steps in to investigate.","Belgians, Belgians in fiction, Fiction, Fiction inEnglish, Hercule Poirot (Fictitious character), Private investigators, Private investigators in fiction, Detective and mystery stories, English Detective and mystery stories, Americans, Mystery, Novela policíaca, Poirot, Hercule (Personaje literario), Ficción, Israel, fiction, Jerusalem, fiction, Poirot, hercule (fictitious character), fiction, Fiction, mystery & detective, traditional, English fiction, Large type books"
Peril at End House,Agatha Christie,1932,12996556.0,mystery,/works/OL472165W,"E-book exclusive extras:1) Christie biographer Charles Osborne's essay on Peril at End House;2) ""The Poirots"": the complete guide to all the cases of the great Belgian detective.Nick is an unusual name for a pretty young woman. And Nick Buckley has been leading an unusual life of late. First, on a treacherous Cornish hillside, the brakes on her car fail. Then, on a coastal path, a falling boulder misses her by inches. Safe in bed, she is almost crushed by a painting. Upon discovering a bullet hole in Nick’s sun hat, Hercule Poirot (who had come to Cornwall for a simple holiday with his friend Captain Hastings) decides that the girl needs his protection. At the same time, he begins to unravel the mystery of a murder that hasn't been committed. Yet.Times Literary Supplement: 'Ingenious.'","Captain Hastings (Fictitious character), English Detective and mystery stories, Fiction, Hercule Poirot (Fictitious character), Mystery, Private investigators, Detective and mystery stories, English literature, English language, Fiction, mystery & detective, general, Private investigators, fiction, Poirot, hercule (fictitious character), fiction, London (england), fiction, England, fiction, Fiction, mystery & detective, traditional, Detectives, Large type books"
Hercule Poirot's Christmas,Agatha Christie,1939,12855074.0,mystery,/works/OL471841W,"On the night before Christmas, cruel, tyrannical, filthy rich Simeon Lee is found in his locked bedroom with his throat cut. Now Hercule Poirot must put his deductive powers to the test to solve one of his most chilling cases - and to prevent a clever killer from spilling more blood.

Also published as Hercule Poirot's Christmas and Murder for Christmas","Hercule Poirot (Fictitious character), Private investigators, Murder, Christmas stories, Fiction, Investigadores privados, Navidad, Novela policíaca inglesa, Poirot, Hercule (Personaje literario), Ficción, Christmas, Mystery, Large type books, English literature, Fiction, mystery & detective, general, Poirot, hercule (fictitious character), fiction, Fiction, mystery & detective, traditional, England, fiction, Fiction, religious, Private investigators, fiction"
Elephants Can Remember,Agatha Christie,1969,11165070.0,mystery,/works/OL471776W,"E-book exclusive extras:1) Christie biographer Charles Osborne's essay on Elephants Can Remember;2) ""The Poirots"":  the complete guide to all the cases of the great Belgian detective.""The Ravenscrofts didn’t seem that kind of person. They seemed well balanced and placid…"" And yet, twelve years earlier, the husband had shot the wife, and then himself — or perhaps it was the other way around, since sets of both of their fingerprints were on the gun, and the gun had fallen between them. The case haunts Ariadne Oliver, who had been a friend of the couple. The famous mystery novelist desires this real-life mystery solved, and calls upon Hercule Poirot to help her do so. Poirot is now a very old man, but his mind is as nimble and as sharp as ever and can still penetrate deep into the shadows. But as Poirot and Mrs Oliver and Superintendent Spence reopen the long-closed case, a startling discovery awaits them. And if memory serves Poirot (and it does!), crime — like history — has a tendency to repeat itself.","Fiction, Mystery, Detective and mystery stories, English Detective and mystery stories, Hercule Poirot (Fictitious character), Private investigators, Translations into Russian, Astronautics, Mice, Translations into Indonesian, English fiction, Large type books, Poirot, hercule (fictitious character), fiction, Private investigators, fiction, Fiction, mystery & detective, traditional, Murder, Investigation, English literature, England, fiction, Oliver, ariadne (fictitious character), fiction"
"At the Villa Rose, in Four acts","A. E. W. Mason, A. E. Mason, A. E. W. Mason",1900,2009344.0,mystery,/works/OL532399W,"The place: Aix-les-Bains, a lakeside town in southeast France, popular for vacations of the well-to-do.

The players:

(1) The young Englishman, Harry Wethermill, who, after a brilliant career at Oxford and at Munich, had applied his scientific genius and made a fortune for himself at the age of twenty-eight.

(2) Mr. Ricardo, approaching the fifties in age; a widower — ""a state greatly to his liking, for he avoided at once the irksomeness of marriage and the reproaches justly leveled at the bachelor; finally, he was rich, having amassed a fortune in Mincing Lane, which he had invested in profitable securities.""

(3) Celia Harland, the beautiful, free-spirited 19-year-old English traveling companion of wealthy Mme. Dauvray, and recently romantic companion of Wethermill.

(4) Inspector Hanaud, the cleverest of French police detectives, on vacation at Aix-les-Bains.

The newspaper article: ""Late last night, an appalling murder was committed at the Villa Rose. Mme. Camille Dauvray, an elderly, rich woman who was well known at Aix, was discovered on the floor of her salon, fully dressed and brutally strangled, while upstairs, her maid was found in bed, chloroformed, with her hands tied securely behind her back. ... Mme. Dauvray's motor-car has disappeared, and with it a young Englishwoman who came to Aix with her as her companion. The motive of the crime leaps to the eyes. Mme. Dauvray was famous in Aix for her jewels, which she wore with too little prudence...they have disappeared.""

With Ricardo's help, Wethermill beseeches Hanaud to take up the case and help the local police find the missing Celia and solve the murder. He believes Celia will be exonerated once she is found. Hanaud considers the evidence and agrees to proceed, but warns Wethermill that he will see the case to the end, even if the outcome is not liked by Wethermill.","Inspector Hanaud (fictional character), mystery, Fiction, general, Large type books, Fiction, mystery & detective, general"
Murder in Mesopotamia,Agatha Christie,1936,12855104.0,mystery,/works/OL472572W,"Nurse Amy Leatheran had never felt the lure of the ‘mysterious East,’ but she nonetheless accepts an assignment at Hassanieh, an ancient site deep in the Iraqi desert, to care for the wife of a celebrated archaeologist. Mrs Leidner is suffering bizarre visions and nervous terror. ‘I’m afraid of being killed!’ she admits to her nurse. Her terror, unfortunately, is anything but unfounded, and Nurse Leatheran is soon enough without a patient. The world’s greatest detective happens to be in the vicinity, however: having concluded an assignment in Syria, and curious about the dig at Hassanieh, Hercule Poirot arrives in time to lead a murder investigation that will tax even his remarkable powers -- and in a part of the world that has seen more than its share of misadventure and foul play.","Fiction, Hercule Poirot (Fictitious character), Private investigators, Belgians, Americans, Archaeologists, Mystery, Large type books, Excavations (Archaeology), Utgrävningar, Skönlitteratur, English literature, Fiction, mystery & detective, general, Private investigators, fiction, Poirot, hercule (fictitious character), fiction, Archaeologists, fiction, Iraq, fiction, Fiction, mystery & detective, traditional, Middle east, fiction, Comic books, strips"
The Curious Incident of the Dog in the Night-Time,Mark Haddon,2002,7890719.0,mystery,/works/OL2965102W,"This is Christopher's murder mystery story. There are no lies in this story because Christopher can't tell lies. Christopher does not like strangers or the colours yellow or brown or being touched. On the other hand, he knows all the countries in the world and their capital cities and every prime number up to 7507. When Christohper decides to find out who killed the neighbour's dog, his mystery story becomes more complicated than he could ever have predicted.","England, fiction, Fiction, mystery & detective, general, Young adult fiction, Literature, Autism, Fiction, Patients, Asperger's syndrome, open_syllabus_project, Dogs, Savants (Savant syndrome), Reading Level-Grade 11, Reading Level-Grade 12, Mutterentbehrung, Tötung, Alltag, Aufklärung, Männliche Jugend, Asperger-Syndrom, Konflikt"
The Hollow,Agatha Christie,1946,13679064.0,mystery,/works/OL472526W,"E-book exclusive extras:1) Christie biographer Charles Osborne's essay on The Hollow;2) ""The Poirots"": the complete guide to all the cases of the great Belgian detective.","Fiction, Hercule Poirot (Fictitious character), Private investigators, Murder, Mystery, Private investigators in fiction, murder mystery, Large type books, Socialites, Investigation, Fiction, mystery & detective, traditional, Poirot, hercule (fictitious character), fiction, England, fiction, English literature, Fiction, mystery & detective, general, Private investigators, fiction, Spanish fiction, Roman espagnol"
Cards on the Table,Agatha Christie,1936,6469172.0,mystery,/works/OL471637W,"It was the match-up of the century: four sleuths--Superintendent Battle of Scotland Yard; Mrs. Ariadne Oliver, famed writer of detective stories; Col. Race of His Majesty's Secret Service; and the incomparable Hercule Poirot - invited to play bridge with four specially invited guests, each of whom had gotten away with murder! But before the first rubber was completed, the host was dead.","Fiction, Hercule Poirot (Fictitious character), Private investigators, Private investigators in fiction, Detective and mystery stories, Mystery, Poirot, Hercule (Fictitious character) Fiction, Zhen tan xiao shuo, Chang pian xiao shuo, Fiction, mystery & detective, general, Private investigators, fiction, Large type books, English literature, Fiction, mystery & detective, traditional, England, fiction, Poirot, hercule (fictitious character), fiction, Battle, superintendent (fictitious character), fiction, Oliver, ariadne (fictitious character), fiction, Race, colonel johnny (fictitious character), fiction, Marple, jane (fictitious character), fiction"
"I Say No Or, The Love-Letter Answered And Other Stories",Wilkie Collins,1800,2866196.0,mystery,/works/OL176023W,Outside the bedroom the night was black and still.,"Social life and customs, Fiction, Mystery, Fiction, historical, general, Great britain, social life and customs, fiction, British and irish fiction (fictional works by one author), Fiction, mystery & detective, general"
A Caribbean Mystery,Agatha Christie,1964,14578132.0,mystery,/works/OL472458W,"As Miss Marple sat basking in the Caribbean sunshine, she felt mildly discontented with life. True, the warmth eased her rheumatism, but here in paradise nothing ever happened. Eventually, her interest was aroused by an old soldier's yarn about strange coincidence. Infuriatingly, just as he was about to show her an astonishing photograph, the Major's attention wandered. He never did finish the story...","Agatha Christie, Miss Marple, Series, British, Amateur, Detective, Fiction, Classic, Literature, Braille, Audiobook, Crime, Murder, Mystery, Suspense, Humour, Travel, Vacation, Cruise, Caribbean"
Death in the Clouds,Agatha Christie,1935,11433305.0,mystery,/works/OL472324W,"From seat number nine, Hercule Poirot is almost ideally placed to observe his fellow air travelers on this short flight from Paris to London. Over to his right sits a pretty young woman, clearly infatuated with the man opposite. Ahead, in seat number thirteen, is the Countess of Horbury, horribly addicted to cocaine and not doing too good a job of concealing it. Across the gangway in seat number eight, a writer of detective fiction is being troubled by an aggressive wasp. Yes, Poirot is almost ideally placed to take it all in--except that the passenger in the seat directly behind him has slumped over in the course of the flight ... dead. Murdered. By someone in Poirot's immediate proximity. And Poirot himself must number among the suspects.","Detective and mystery stories, Fiction, Hercule Poirot (Fictitious character), Private investigators, Murder, English Detective and mystery stories, Mystery, Murder in fiction, Private investigators in fiction, Poirot,Hercule(Fictitious character), Large type books, Novela policíaca, Investigadores privados, Novela, English literature, Fiction, mystery & detective, general, Poirot, Hercule (Fictitious character) -- Fiction, Poirot, hercule (fictitious character), fiction, Private investigators, fiction, England, fiction"
The Franchise Affair (Inspector Alan Grant #3),Josephine Tey,1948,14104.0,mystery,/works/OL80946W,"Robert Blair was about to knock off from a slow day at his law firm when the phone rang. It was Marion Sharpe on the line, a local woman of quiet disposition who lived with her mother at their decrepit country house, The Franchise. It appeared that she was in some serious trouble: Miss Sharpe and her mother were accused of brutally kidnapping a demure young woman named Betty Kane. Miss Kane’s claims seemed highly unlikely, even to Inspector Alan Grant of Scotland Yard, until she described her prison – the attic room with its cracked window, the kitchen, and the old trunks – which sounded remarkably like The Franchise. Yet Marion Sharpe claimed the Kane girl had never been there, let alone been held captive for an entire month! Not believing Betty Kane’s story, Solicitor Blair takes up the case and, in a dazzling feat of amateur detective work, solves the unbelievable mystery that stumped even Inspector Grant.","Fiction, mystery, Large type books, Kidnapping, Fiction, mystery & detective, general, England, fiction, Crime, fiction, Fiction, mystery & detective, traditional, Grant, alan, inspector (fictitious character), fiction, Great britain, fiction, Franchises (retail trade)"
"One, Two, Buckle My Shoe",Agatha Christie,1940,14586349.0,mystery,/works/OL471702W,"The dentist was found with a blackened hole below his right temple. A pistol lay on the floor near his outflung right hand. Later, one of his patients was found dead from a lethal dose of local anaesthetic. A clear case of murder and suicide. But why would a dentist commit a crime in the middle of a busy day of appointments? A shoe buckle holds the key to the mystery. Now – in the words of the rhyme – can Poirot pick up the sticks and lay them straight?","Fiction, Hercule Poirot (Fictitious character), Private investigators, Chief Inspector Japp (Fictitious character), English Detective and mystery stories, Police, Mystery, Murder, Dentists, Crimes against, Large type books, Fiction, mystery & detective, general, Poirot, hercule (fictitious character), fiction, Private investigators, fiction, Fiction, mystery & detective, traditional, English literature, Détectives, Romans, nouvelles, England, fiction, Indo-European languages"
Nemesis,Agatha Christie,1970,10249139.0,mystery,/works/OL472594W,"E-book exclusive extras:1) Christie biographer Charles Osborne's essay on Nemesis;2) ""The Marples"": the complete guide to all the cases of crime literature's foremost female detective.Even the unflappable Miss Marple is astounded as she reads the letter addressed to her on instructions from the recently deceased tycoon Mr Jason Rafiel, whom she had met on holiday in the West Indies (A Caribbean Mystery). Recognising in her a natural flair for justice and a genius for crime-solving, Mr Rafiel has bequeathed to Miss Marple a £20,000 legacy—and a legacy of an entirely different sort. For he has asked Miss Marple to investigate…his own murder. The only problem is, Mr Rafiel has failed to name a suspect or suspects. And, whoever they are, they will certainly be determined to thwart Miss Marple’s inquiries—no matter what it will take to stop her.Of note: Nemesis is the last Jane Marple mystery that Agatha Christie wrote—though not the last Marple published.","Fiction, Mystery, Women detectives, Mystery and detective stories, Jane Marple (Fictitious character), Large type books, English literature, Fiction, mystery & detective, women sleuths, Marple, jane (fictitious character), fiction, England, fiction, Fiction, mystery & detective, traditional, Fiction, mystery & detective, general, English Detective and mystery stories"
The Evil Genius. A Domestis Story,Wilkie Collins,1800,2739893.0,mystery,/works/OL176021W,"Unlike his usual style, this is a novel of conscience, without much melodrama; Collins weaves a story of what he delicately calls ""sexual frailty."" Trapped in an adulterous union, neither of two involved are happy in it. The husband has been divorced by his wife, and she has sole custody of their child. Now she is being courted by another man, and has almost decided to marry him.

Not surprisingly, it was commercially most profitable, while inviting the disapprobation of Victorian society for its themes of adultery, divorce, custodial battles and women's rights.","Mystery, Fiction, Fiction, general, Social conditions, Women, Social role, History, Fiction, thrillers, general, Fiction, family life, general, Married people, fiction, British and irish fiction (fictional works by one author), Divorced people, fiction, Teachers, fiction, Great britain, fiction, Children of divorced parents, Divorce, Remarried people, Governesses, Social life and customs"
Murder in Three Acts,Agatha Christie,1934,6874620.0,mystery,/works/OL471765W,"Sir Charles Cartwright should have known better than to allow thirteen guests to sit down for dinner. For at the end of the evening one of them is dead—choked by a cocktail that contained no trace of poison.

Predictable, says Hercule Poirot, the great detective. But entirely unpredictable is that he can find absolutely no motive for murder.…","Fiction, Hercule Poirot (Fictitious character), Murder in fiction, Murder, Private investigators, Private investigators in fiction, Detective and mystery stories, Mystery and detective stories, Investigation, Mystery, Fiction, mystery & detective, general, Poirot, hercule (fictitious character), fiction, Private investigators, fiction, Large type books, English Detective and mystery stories, English literature, Actors, Detective and mystery fiction, Literatura inglesa, Zhen tan xiao shuo"
Hallowe'en Party,Agatha Christie,1969,11160095.0,mystery,/works/OL471832W,"Mystery writer Ariadne Oliver has been invited to a Hallowe’en party at Woodleigh Common. One of the other guests is an adolescent girl known for telling tall tales of murder and intrigue -- and for being generally unpleasant. But when the girl, Joyce, is found drowned in an apple-bobbing tub, Mrs Oliver wonders after the fictional nature of the girl’s claim that she had once witnessed a murder. Which of the party guests wanted to keep her quiet is a question for Ariadne’s friend Hercule Poirot. But unmasking a killer this Hallowe’en is not going to be easy -- for there isn’t a soul in Woodleigh who believes the late little storyteller was actually murdered.","Fiction, Mystery, Murder, Murder Mystery, Private investigators, Private investigators in fiction, Hercule Poirot (Fictitious character), Senior detectives, Drowning victims, Murder investigations, Halloween, Belgian detectives, Mystery fiction, Parties, Detective and mystery stories, Detectives, Large type books, Ariadne Oliver (Fictitious character), English literature, Fiction, mystery & detective, general"
My Lady's Money,"Wilkie Collins, guzman agustin, Francisco Arellano Selma",1870,1760008.0,mystery,/works/OL176072W,"Old Lady Lydiard sat meditating by the fireside, with three letters lying open on her lap.","Fiction, Mystery, British and irish fiction (fictional works by one author), Fiction, mystery & detective, traditional, Fiction, general"
The Clocks,Agatha Christie,1963,12996554.0,mystery,/works/OL471670W,"Sheila Webb, typist-for-hire, has arrived at 19 Wilbraham Crescent in the seaside town of Crowdean to accept a new job. What she finds is a well-dressed corpse surrounded by five clocks. Mrs Pebmarsh, the blind owner of No. 19, denies all knowledge of ringing Sheila’s secretarial agency and asking for her by name — yet someone did. Nor does she own that many clocks. And neither woman seems to know the victim. Colin Lamb, a young intelligence specialist working a case of his own at the nearby naval yard, happens to be on the scene at the time of Sheila Webb’s ghastly discovery. Lamb knows of only one man who can properly investigate a crime as bizarre and baffling as what happened inside No. 19 — his friend and mentor, Hercule Poirot.","Fiction, Mystery, Hercule Poirot (Fictitious character), Private investigators, Detective and mystery stories, English Detective and mystery stories, England, fiction, Poirot, hercule (fictitious character), fiction, Fiction, mystery & detective, traditional, Murder, Investigation, Large type books, Clocks and watches, English literature, Fiction, mystery & detective, collections & anthologies, Fiction, mystery & detective, general, Private investigators, fiction, Borowitz Collection"
The Frozen Deep,"Wilkie Collins, George du Maurier, James Mahoney, Charles Dickens, Richard Brydges Beechey, John Everett Millais, J. Mahony",1800,892414.0,mystery,/works/OL176074W,"Exchanging vows of love with sailor Frank Aldersley the night before his departure, Clara Burnham is haunted by the memory of Richard Wardour, and his mistaken belief that they will one day marry. With her gift of 'Second Sight', Clara foresees terrible tragedy ahead and is racked by guilt. Allied to two different ships, the two men at first have no cause to meet — until disaster strikes and they find themselves united in a battle for survival. It cannot be long before they discover the nature of their rivalry, and the hot-tempered Wardour must choose how to take his revenge.

Based on the doomed 1845 expedition to the Arctic, and originally performed as a play starring both Collins and Dickens, 'The Frozen Deep' is a dramatic tale of vengeance and self-sacrifice which went on to inspire the character of Sydney Carton in Charles Dickens' 'A Tale of Two Cities'.

NB: This is a separate work by Wilkie Collins It is a novel, published serially in 'Temple Bar' between August and October 1874 and then published as a book, and is not the play of the same name that Charles Dickens and Wilkie Collins collaborated on in 1856 and that they both appeared in and that was subsequently published in 1857.","English Detective and mystery stories, Fiction, Mystery, Wilderness survival, Discovery and exploration, Discoveries in geography, English literature, British and irish fiction (fictional works by one author), Fiction, mystery & detective, general, Predestination, Crime, Detective and mystery stories"
Third Girl,Agatha Christie,1966,14577913.0,mystery,/works/OL472536W,"Three young women share a London flat. The first is a coolly efficient personal secretary; the second an artist. The third interrupts Hercule Poirot's breakfast of 'Brioche' and 'Chocolat' insisting she is a murderer – and then promptly disappears.  Slowly, Poirot learns of the rumours surrounding the mysterious third girl, her family – and her disappearance. Yet hard evidence is needed before the great detective can pronounce her guilty, innocent or insane…","Fiction, Mystery, Belgians, Detective and mystery stories, English Detective and mystery stories, Hercule Poirot (Fictitious character), Private investigators, Translations into Russian, English Novelists, Ariadne Oliver (Fictitious character), Translations into Japanese, Translations from English, Japanese Detective and mystery stories, Large type books, English literature, England, fiction, London (england), fiction, Poirot, hercule (fictitious character), fiction, Fiction, mystery & detective, traditional, Murder"
Jezebel's Daughter,Wilkie Collins,1880,2037140.0,mystery,/works/OL176075W,MR. DAVID GLENNEY CONSULTS HIS MEMORY AND OPENS THE STORY,"Fiction, Mystery, Mental illness, Death, Upper class, Widows, Poisons, Fiction, general, British and irish fiction (fictional works by one author), Fiction, mystery & detective, general, Long Now Manual for Civilization"
The Four Pools Mystery,Jean Webster,1908,2981587.0,mystery,/works/OL4322161W,"Terry Patten, star-reporter for the The Post-Dispatch, is called to investigate a case of missing bonds allegedly stolen by a ghost from a safe at Four-Pools Plantation in Virginia when Colonel Gaylord, the patriarch of the plantation, is found murdered.","Fiction, mystery & detective, general, New york (n.y.), fiction, Fiction, Mystery, Journalists, Ghost stories, Murder, Plantations"
Dumb Witness,Agatha Christie,1937,14578123.0,mystery,/works/OL472189W,"Emily Arundel changed her will only days before her death, and Hercule Poirot must ""determine which of the victim's disgruntled relatives did not have a motive for murder.""--Cover.","Fiction, Hercule Poirot (Fictitious character), Private investigators, Private investigators in fiction, Mystery, Murder, Last letters before death, Investigation, Large type books, Accidents, Fiction, mystery & detective, general, Poirot, hercule (fictitious character), fiction, English literature, England, fiction, Fiction, mystery & detective, traditional, Comic books, strips"
Dead Man's Folly,Agatha Christie,1956,6985969.0,mystery,/works/OL471713W,"Whilst organising a mock murder hunt for the village fete hosted by Sir George and Lady Stubbs, a feeling of dread settles on the famous crime novelist Adriane Oliver. Call it instinct, but it's a feeling she just can't explain…or get away from. In desperation she summons her old friend, Hercule Poirot – and her instincts are soon proved correct when the 'pretend' murder victim is discovered playing the scene for real, a rope wrapped tightly around her neck…But it's the great detective who first discovers that in murder hunts, whether mock or real, everyone is playing a part…","Fiction, Historical Fiction, Mystery, Romance, Hercule Poirot (Fictitious character), Private investigators, Private investigators in fiction, Belgians, Belgians in fiction, Ariadne Oliver (Fictitious character), English Detective and mystery stories, Detective and mystery stories, Crime in literature, Detectives and mystery stories, English literature, English language, Fiction, mystery & detective, general, Oliver, ariadne (fictitious character), fiction, Private investigators, fiction, Poirot, hercule (fictitious character), fiction"
Cat Among the Pigeons,Agatha Christie,1959,12852588.0,mystery,/works/OL471641W,"E-book exclusive extras:1) Christie biographer Charles Osborne's essay on Cat Among the Pigeons;2) ""The Poirots"":  the complete guide to all the cases of the great Belgian detective.A revolution in the Middle East has a direct and deadly impact upon the summer term at Meadowbank, a picture-perfect girls’ school in the English countryside. Prince Ali Yusuf, Hereditary Sheikh of Ramat, whose great liberalizing experiment—‘hospitals, schools, a Health Service’—is coming to chaos, knows that he must prepare for the day of his exile. He asks his pilot and school friend, Bob Rawlinson, to care for a packet of jewels. Rawlinson does so, hiding them among the possessions of his niece, Jennifer Sutcliffe, who is bound for Meadowbank. Rawlinson is killed before he can reveal the hiding place—or even the fact that he has employed his niece as a smuggler. But someone knows, or suspects, that Jennifer has the jewels. As murder strikes Meadowbank, only Hercule Poirot can restore the peace.","Fiction, Mystery, Boarding schools, Detective and mystery stories, Hercule Poirot (Fictitious character), Private investigators, Poirot, hercule (fictitious character), fiction, Fiction, mystery & detective, traditional, England, fiction, Fiction, mystery & detective, general, Private investigators, fiction, Great britain, fiction, Belgium, fiction, Medicine, English literature, Translations into Russian"
They Came to Baghdad,Agatha Christie,1951,12846782.0,mystery,/works/OL472215W,"E-book exclusive extras: 'Agatha Christie in Baghdad,' extensive selections from Agatha Christie: An Autobiography. Plus: Christie biographer Charles Osborne's essay on They Came to Baghdad.Agatha Christie first visited Baghdad as a tourist in 1927; many years later she would become a resident of the exotic and then open city, and it was here, and while on archaeological digs throughout Iraq with her husband, Sir Max Mallowan, that Agatha Christie wrote some of her most important works.They Came to Baghdad is one of Agatha Christie's highly successful forays into the spy thriller genre. In this novel, Baghdad is the chosen location for a secret superpower summit. But the word is out, and an underground organisation is plotting to sabotage the talks.Into this explosive situation stumbles Victoria Jones, a young woman with a yearning for adventure who gets more than she bargains for when a wounded secret agent dies in her hotel room. Now, if only she could make sense of his final words: 'Lucifer... Basrah... Lefarge...'","English Spy stories, Fiction, Mystery, Conspiracy, French literature, French Short stories, Large type books, Mystery and detective stories, English fiction, Fiction, mystery & detective, traditional, Fiction, mystery & detective, women sleuths, Fiction, thrillers, espionage, Fiction, suspense, Middle east, fiction, Fiction, mystery & detective, general, English literature, Creative activities and seat work, Detective and mystery stories, Roman policier, Iraq, fiction"
The Bobbsey Twins,Laura Lee Hope,1904,9330264.0,mystery,/works/OL4072567W,"***""The Bobbsey Twins or Merry Days Indoors and Out""*** introduces the delightful and inquisitive Bobbsey children-Bert and Nan, eight years old and dark and thin; and Freddie and Flossie, four years old and blonde and plump-two sets of high-spirited twins living in Lakeport, USA.

***The first of more than eighty books in a series,*** The Bobbsey Twins sets up a winning formula, allowing us to share the days and nights of the four lovable Bobbsey children, times filled with sledding and boating; kite-flying and kitten-rescuing; a bit of fending off the schoolyard bully, the highly disagreeable Danny Rugg; and even some sleuthing as they try to solve a vexing mystery.

***With the nurturing love of their parents,*** the twins' imagination flourishes through their sometimes glorious-and sometimes harrowing-escapades and play, and their adventures bring back to us all the ups and downs attendant with growing up.","Laura Lee Hope, Bobbsey Twins, Series, Fiction, Children, Children's, Kid's, Youngsters, Tweens, Young adult, Juvenile, Classic, Literature, Book, Books, Chapters, Family, Siblings, Twins, 2 sets"
The Firm,John Grisham,1991,9330593.0,mystery,/works/OL76972W,"The Firm is a 1991 legal thriller by American writer John Grisham. It was his second book and the first which gained wide popularity.

---

Also contained in:

- [Novels (Firm / Pelican Brief)](https://openlibrary.org/works/OL76969W)
- [Reader's Digest Condensed Books. Volume 3 1991](https://openlibrary.org/works/OL20544104W)
- [Selections from Reader's Digest condensed books and other Reader's Digest Publications](https://openlibrary.org/works/OL16059729W)","Certified Public Accountants, bar examinations, funerals, private investigators, FBI, white-collar crime, front organisations, crime families, tax evasion, money laundering, attorney–client privilege, probable cause, search warrants, RICO act, moles, Fiction, Organized crime, Government investigators, Law firms, Mafia"
The Thirteen Problems,Agatha Christie,1932,11163587.0,mystery,/works/OL471921W,This book consists of several mini stories of unsolved murders and crimes. A group of people each try to solve the mysteries and the person who told the story reveals the true solution.,"Jane Marple (Fictitious character), Fiction, Mystery, Suspense fiction, Open Library Staff Picks, English Detective and mystery stories, English Short stories, Translations into French, English fiction, Roman, Roman policier, Français (langue), Lectures et morceaux choisis, Women private investigators, Large type books, England, fiction, Marple, jane (fictitious character), fiction, Fiction, mystery & detective, traditional, Fiction, mystery & detective, women sleuths, Fiction, short stories (single author)"
The Green Mile,Stephen King,1996,9334567.0,mystery,/works/OL81629W,"The Green Mile is a 1996 serial novel by American writer Stephen King. It tells the story of death row supervisor Paul Edgecombe's encounter with John Coffey, an unusual inmate who displays inexplicable healing and empathetic abilities. The serial novel was originally released in six volumes before being republished as a single-volume work. The book is an example of magical realism.

The Green Mile won the Bram Stoker Award for Best Novel in 1996. In 1997, The Green Mile was nominated as Best Novel for the British Fantasy Award and the Locus Award. In 2003 the book was listed on the BBC's The Big Read poll of the UK's ""best-loved novel"".


----------
Contains:

 1. [The Two Dead Girls](https://openlibrary.org/works/OL149165W/The_Two_Dead_Girls)
 2. [The Mouse on the Mile](https://openlibrary.org/works/OL149147W/The_Mouse_on_the_Mile)
 3. [Coffey's Hands](https://openlibrary.org/works/OL149107W/Coffey's_Hands)
 4. [The Bad Death of Eduard Delacroix](https://openlibrary.org/works/OL15861106W/The_Bad_Death_of_Eduard_Delacroix)
 5. [Night Journey](https://openlibrary.org/works/OL16252000W/Night_Journey)
 6. [Coffey on the Mile](https://openlibrary.org/works/OL15136222W/Coffey_on_the_Mile)","horror fiction, fiction, death row inmates, prisons, Executions and executioners, jails, sisters, murder, horror, prison officials and employees, American Horror tales, mice, Serialized fiction, mystery, Murderers, Horror tales, suspense fiction, Penitentiary, Paranormal fiction, Prisoners"
A Room with a View,E. M. Forster,1905,1748132.0,romance,/works/OL88813W,"Lucy has her rigid, middle-class life mapped out for her, until she visits Florence with her uptight cousin Charlotte, and finds her neatly ordered existence thrown off balance. Her eyes are opened by the unconventional characters she meets at the Pension Bertolini: flamboyant romantic novelist Eleanor Lavish, the Cockney Signora, curious Mr Emerson and, most of all, his passionate son George.
Lucy finds herself torn between the intensity of life in Italy and the repressed morals of Edwardian England, personified in her terminally dull fiancé Cecil Vyse. Will she ever learn to follow her own heart?","British, Fiction, Young women, British in fiction, England in fiction, Travel, Young women in fiction, love, romance, Movie novels, Historical fiction, British and irish fiction (fictional works by one author), Large type books, Young women, fiction, Fiction, humorous, general, Italy, fiction, Great britain, fiction, Fiction, romance, general, British Travel Association, England, fiction"
"Le Comte de Monte-Cristo, II",Alexandre Dumas,1830,14566393.0,romance,/works/OL36287W,"„Sbohem, všechny city, které povznášejí srdce! Zastupoval jsem Prozřetelnost, abych odměnil dobré. Teď ať mi postoupísvé místo Bůh mstitel, abych potrestal zlé!""

Je rok 1815. Lodní důstojník Edmond Dantès se chystá oženit s krásnou Mercedes. Intriky závistivého účetního Danglarse a žárlivost soka v lásce Fernanda způsobí, že Dantès je zatčen coby nepřítel státu. Náměstek prokurátora Villefort ho v obavě před vlastní diskreditací nechá bez soudu uvěznit v pevnosti If na doživotí. Nešťastný mladík málem zešílí žalem; život mu zachrání vězeň z vedlejšíkobky, abbé Faria, který mu věnuje přátelství, naději a nakonec i mapu k závratnému pokladu. Po dramatickém útěku z vězení Dantès zosnuje pomstu na těch, kteří se na něm provinili, a přijme identitu tajemného a úžasně bo-hatého hraběte Monte Cristo.","France -- History -- 19th century -- Fiction, France, Fiction, France in fiction, History, Adventure and adventurers in fiction, Readers, French language, Adventure and adventurers, Translations into Yiddish, Pirates in fiction, Pirates, Adventure stories, Revenge in fiction, Revenge, False arrest, Social life and customs, Sailors, False arrest in fiction, Historical fiction"
Riders of the Purple Sage,Zane Grey,1912,872066.0,romance,/works/OL485504W,"Riders of the Purple Sage is a novel that tells the story of a woman by the name of Jane Withersteen and her battle to overcome persecution by members of  her polygamous Mormon fundamentalist church. A leader of the church, Elder Tull, wants to marry her, but she has evaded him for years. Things get complicated when Bern Venters and Lassiter, a famous gunman and killer of Mormons help her look after her cattle and horses. She is blinded by her faith to see that her church men are the ones harming her. But when her adopted child disappears... she abandons her beliefs and discovers her true love. The plot deepens and it involves a horse race and a decision to whether to roll a large stone that forever closes off the only way in or out of her hiding place. A second plot involves a innocent girl Bern Venters accidentally shot…or is she innocent?! The lives of all these people intertwine ….past…present and future! Preceded by Zane Grey's book: 'The Heritage of the West' and Followed by Zane Grey's book: 'The Rainbow Trail'","Fiction, Mormon women, Polygamy, Women ranchers, Lassiter (Fictitious character), Adventure and adventurers, Fiction in English, Mormons, Classic Literature, Romance, Western, Literature, Open Library Staff Picks, Western stories, Withersteen, Jane (Fictitious character, Fiction, westerns, Mormons, fiction, Utah, fiction, Large type books, American literature"
Uncle Tom's Cabin,Harriet Beecher Stowe,1850,12728198.0,romance,/works/OL152161W,"This unforgettable novel tells the story of Tom, a devoutly Christian slave who chooses not to escape bondage for fear of embarrassing his master. However, he is soon sold to a slave trader and sent down the Mississippi, where he must endure brutal treatment. This is a powerful tale of the extreme cruelties of slavery, as well as the price of loyalty and morality. When first published, it helped to solidify the anti-slavery sentiments of the North, and it remains today as the book that helped move a nation to civil war.

""So this is the little lady who made this big war."" Abraham Lincoln's legendary comment upon meeting Mrs. Stowe has been seriously questioned, but few will deny that this work fed the passions and prejudices of countless numbers. If it did not ""make"" the Civil War, it flamed the embers. That Uncle Tom's Cabin is far more than an outdated work of propaganda confounds literary criticism. The novel's overwhelming power and persuasion have outlived even the most severe of critics. As Professor John William Ward of Amherst College points out in his incisive Afterword, the dilemma posed by Mrs. Stowe is no less relevant today than it was in 1852: What is it to be ""a moral human being""? Can such a person live in society -- any society? Commenting on the timeless significance of the book, Professor Ward writes: ""Uncle Tom's Cabin is about slavery, but it is about slavery because the fatal weakness of the slave's condition is the extreme manifestation of the sickness of the general society, a society breaking up into discrete, atomistic individuals where human beings, white or black, can find no secure relation one with another. Mrs. Stowe was more radical than even those in the South who hated her could see. Uncle Tom's Cabin suggests no less than the simple and terrible possibility that society has no place in it for love."" - Back cover.","Master and servant, Slavery, Plantation life, Uncle Tom (Fictitious character), Fugitive slaves, Slaves, Fiction, African Americans, Stowe, beecher (fictitious character), fiction, African americans, fiction, Slaves, fiction, Fiction, political, Slavery in literature, In literature, Spanish language books, Readers, Political fiction, History, Juvenile fiction, Spanish language"
This Side of Paradise,F. Scott Fitzgerald,1920,8243609.0,romance,/works/OL468488W,"This Side of Paradise, F. Scott Fitzgerald's romantic and witty first novel, was written when the author was only twenty-three years old. This semi-autobiographical story of the handsome, indulged, and idealistic Princeton student Amory Blaine received critical raves and catapulted Fitzgerald to instant fame. Now, readers can enjoy the newly edited, authorized version of this early classic of the Jazz Age, based on Fitzgerald's original manuscript. In this definitive text, This Side of Paradise captures the rhythms and romance of Fitzgerald's youth and offers a poignant portrait of the ""Lost Generation.""","Fiction, Romance, Historical"", Young men, fiction, World War, 1914-1918, Advertising, Veterans, College students, Children of the rich, Facsimiles, American Manuscripts, Manuscripts, College stories, Love stories, Classic Literature, Young Adult Fiction, School stories, American fiction, American fiction (fictional works by one author), World war, 1914-1918, fiction"
Women in Love,D. H. Lawrence,1877,13140934.0,romance,/works/OL81294W,"Dark, but filled with bright genius, Women in Love is a prophetic masterpiece steeped in eroticism, filled with perceptions about sexual power and obsession that have proven to be timeless and true.","Romance, Classic Literature, Male friendship, Open Library Staff Picks, Fiction, Social classes, Social conditions, Interpersonal relations, open_syllabus_project, Sisters, Coal mines and mining, Coal miners, Women, British and irish fiction (fictional works by one author), England, fiction, Sisters, fiction, Fiction, psychological, Friendship, fiction, Fiction, romance, general, Women teachers"
She,H. Rider Haggard,1886,295537.0,romance,/works/OL17453W,"An enduring adventure yarn set in pre colonial Africa, culminating in the discovery of a lost civilization ruled by a beautiful eternally youthful queen. ""She is generally considered to be one of the classics of imaginative literature and with 83 million copies sold by 1965, it is one of the best-selling books of all time."" See more at: http://en.wikipedia.org/wiki/She_(novel)","Fiction in English, Adventure and adventurers, Reincarnation, Fiction inEnglish, Allan Quatermain (Fictitious character), English Adventure stories, Fiction, Immortalism, Adventure, Open Library Staff Picks, Hunting guides, Ayesha (Fictitious character : Haggard), Women, English Science fiction, Ayesha (Fictitious character : Haggard) -- Fiction, Haggard, h. rider (henry rider), 1856-1925, Africa, fiction, Fiction, fantasy, general, Ayesha (fictitious character : haggard), fiction, Fiction, action & adventure"
Howards End,E. M. Forster,1910,8235207.0,romance,/works/OL88881W,"Howards End is a novel by E. M. Forster about social conventions, codes of conduct and relationships in turn-of-the-century England. A strong-willed and intelligent woman refuses to allow the pretensions of her husband's smug English family to ruin her life. Howards End is considered by some to be Forster's masterpiece","Fiction, Inheritance and succession, Sisters, Country homes, Social classes, Illegitimate children, Remarried people, Man-woman relationships, Social conflict, Women intellectuals, Home ownership, Social life and customs, Young women, Classic Literature, Historical Fiction, open_syllabus_project, Romance, Literatura inglesa, British and irish fiction (fictional works by one author), Fiction, family life"
Cranford,Elizabeth Cleghorn Gaskell,1853,5188445.0,romance,/works/OL1103093W,"<p><i>Cranford</i> was first serialized in <a href=""https://standardebooks.org/ebooks/charles-dickens"">Charles Dickens’</a> magazine <i>Household Words</i> between 1851 and 1853. The structureless nature of the stories, and the fact that <a href=""https://standardebooks.org/ebooks/elizabeth-gaskell"">Gaskell</a> was busy writing her novel <i>Ruth</i> at the time the <i>Cranford</i> shorts were being published, suggests that she didn’t initially plan for <i>Cranford</i> to be a cohesive novel.</p>
			<p>The short vignettes follow the activities of the society in the fictional small English country town of Cranford. Gaskell drew from her own childhood in Knutsford to imbue her settings and characters with a nostalgic quality in a time when the societies and styles portrayed were already going out of fashion.</p>
			<p>Though not especially popular at the time of publication, <i>Cranford</i> has since gained an immense following, including at least three television adaptations.</p>","Fiction, Older women, Villages, Sisters, Female friendship, Country life, Women, Social life and customs, Classic Literature, Drama, Romance, Literature, Children's fiction, British and irish fiction (fictional works by one author), England, fiction, Sisters, fiction, Friendship, fiction, Fiction, religious, England -- Fiction, Sisters -- Fiction"
The Portrait of a Lady,Henry James,1881,3352367.0,romance,/works/OL276365W,"Young American Isabel Archer charms European society, but falls prey to the machinations of a calculating older woman.","Social life and customs, Manners and customs, Fiction, Fathers and daughters, fiction, Italy, fiction, Man-woman relationships, fiction, Married people, fiction, Archer, isabel (fictitious character), fiction, American fiction (fictional works by one author), Fiction, psychological, Fathers and daughters, Triangles (Interpersonal relations), Married women, Americans, Inheritance and succession, Large type books, Isabel Archer (Fictitious character), Domestic relations, Young women, Man-woman relationships"
Jude the Obscure,Thomas Hardy,1895,12973053.0,romance,/works/OL44986W,"Hardy's last work of fiction, Jude the Obscure is also one of his most gloomily fatalistic, depicting the lives of individuals who are trapped by forces beyond their control. Jude Fawley, a poor villager, wants to enter the divinity school at Christminster. Sidetracked by Arabella Donn, an earthy country girl who pretends to be pregnant by him, Jude marries her and is then deserted. He earns a living as a stonemason at Christminster; there he falls in love with his independent-minded cousin, Sue Bridehead. Out of a sense of obligation, Sue marries the schoolmaster Phillotson, who has helped her. Unable to bear living with Phillotson, she returns to live with Jude and eventually bears his children out of wedlock. Their poverty and the weight of society's disapproval begin to take a toll on Sue and Jude; the climax occurs when Jude's son by Arabella hangs Sue and Jude's children and himself. In penance, Sue returns to Phillotson and the church. Jude returns to Arabella and eventually dies miserably. The novel's sexual frankness shocked the public, as did Hardy's criticisms of marriage, the university system, and the church. Hardy was so distressed by its reception that he wrote no more fiction, concentrating solely on his poetry.Please Note:  This book is easy to read in true text, not scanned images that can sometimes be difficult to decipher.  The Microsoft eBook has a contents page linked to the chapter headings for easy navigation. The Adobe eBook has bookmarks at chapter headings and is printable up to two full copies per year.  Both versions are text searchable.","Social life and customs, Death, Pine, Fiction, Unmarried couples, Man-woman relationships, open_syllabus_project, Adultery, Stonemasons, Diseases and pests, Illegitimate children, Children, White pine weevil, Illegitimate children -- Fiction, Unmarried couples -- Fiction, Children -- Death -- Fiction, Adultery -- Fiction, Stonemasons -- Fiction, Wessex (England) -- Fiction, Jude the obscure (Hardy, Thomas)"
"Under the Greenwood Tree or, The Mellstock quire",Thomas Hardy,1872,902186.0,romance,/works/OL44973W,"Under the Greenwood Tree is the story of the romantic entanglement between church musician, Dick Dewey, and the attractive new school mistress, Fancy Day. A pleasant romantic tale set in the Victorian era, Under the Greenwood Tree is one of Thomas Hardy's most gentle and pastoral novels.","British and irish fiction (fictional works by one author), Wessex (england), fiction, Man-woman relationships, fiction, Teachers, fiction, Musicians, fiction, Choirs (Music), Women teachers, Courtship in fiction, Romance, English literature, Fiction, Church musicians, Women teachers in fiction, Historical Fiction, Sculptors, Mothers and daughters, Courtship, Church musicians in fiction, Sculptors in fiction, Agricultural Bacteriology"
Le rouge et le noir,Stendhal,1830,8231413.0,romance,/works/OL733640W,The story of an ambitious youth without birth or fortune in France in the 19th century.,"Fiction, Young men, Social life and customs, Young men in literature, Stendhal, pseud., 1783-1842. Le rouge et le noir, French language, Stendhal, pseud., 1783-1842, Church and state, Ambition, Criticism and interpretation, Critique et interprétation, Classic Literature, French fiction, 19th century fiction, General, Manners and customs, History, Social classes, French language materials, Continental european fiction (fictional works by one author)"
The Woodlanders,Thomas Hardy,1800,8243078.0,romance,/works/OL44990W,"When country-girl Grace Melbury returns home from her middle-class school she feels she has risen above her suitor, the simple woodsman Giles Winterborne. Though marriage had been discussed between her and Giles, Grace finds herself captivated by Dr Edred Fitzpiers, a sophisticated newcomer to the area - a relationship that is encouraged by her socially ambitious father. Hardy's novel of betrayal, disillusionment and moral compromise depicts a secluded community coming to terms with the disastrous impact of outside influences. And in his portrayal of Giles Winterborne, Hardy shows a man who responds deeply to the forces of the natural world, thought they ultimately betray him.","Fiction, Forests and forestry, Arranged marriage, Triangles (Interpersonal relations), Social classes, Social life and customs, Classic Literature, Drama, Historical Fiction, Romance, Fiction in English, England, fiction, British and irish fiction (fictional works by one author), Wessex (england), fiction, Fiction, psychological, Fiction, romance, general, Manners and customs, Marriage, fiction, Children's fiction, Great britain, fiction"
The pioneers,James Fenimore Cooper,1800,9000512.0,romance,/works/OL77997W,"MEET NATTY BUMPPO  The first volume in the famous Leatherstocking Tales, The Pioneers introduces Natty Bumppo, the quintessential American hunter and frontiersman who struggles to defend his cherished freedom.","Frontier and pioneer life, Open Library Staff Picks, Natty Bumppo (Fictitious character), Fiction, Classic Literature, Thriller, History, History and criticism, Poetry, Bumppo, Natty (Fictitious character) -- Fiction, Historical fiction, American Historical fiction, American fiction (fictional works by one author), Bumppo, natty (fictitious character), fiction, New york (state), fiction, Fiction, historical, Frontier and pioneer life, fiction, Fiction, historical, general, Children's fiction, Literatura norte-americana"
The Lone Star Ranger,Zane Grey,1914,4813849.0,romance,/works/OL485469W,"Buck becomes a Texas outlaw when he kills a man in self-defense. His troubles don’t end there, though. When he is seen trying to rescue a young girl being held prisoner in Mexico, he incurs the anger of her captors. With both the good and the bad on his back, Buck escapes to solitude. When the captain of rangers obtains a pardon for him, he makes Buck take an oath to fight on the side of the law from that point forward.","Fiction, westerns, Fiction, general, Outlaws, Frontier and pioneer life, Western stories, Fiction, Texas Rangers, Western, Classic Literature, Large type books, United states, fiction, Texas rangers, fiction, Criminals, fiction, Texas, fiction, Fiction, romance, general, Frontier and pioneer life, fiction, Love stories, Frontier, Pioneers, Zane Grey"
The ghost,Arnold Bennett,1907,5877895.0,romance,/works/OL109229W,"""In pursuit of Rosetta Rose, a beautiful singer, Carl Foster survives a series of disasters: a train crash, a shipwreck and even attempted murder.  On each occasion he sees a sinister figure, who proves to be the ghost of Lord Clarenceux, once in love with Rosa and now deeply jealous of his rival.  It takes the intervention of the girl herself to enable Carl's love to succeed.""  - - Description by Peter Haining, in ""A Century of Ghost Novels 1900 - 200"" (Appendix to his book, The Mammoth Book of Modern Ghost Stories)","Ghosts, opera singers, romance, adventure, rivalry, jealousy, supernatural, haunting, Phrenology, Women singers, Fiction, Fiction, general"
Framley Parsonage,Anthony Trollope,1861,8288051.0,romance,/works/OL109880W,"*The Chronicles of Barsetshire*, Book 4: *Framley Parsonage* 

When young Mark Robarts was leaving college, his father might well declare that all men began to say all good things to him, and to extol his fortune in that he had a son blessed with an excellent disposition.  This father was a physician living at Exeter.  He was a gentleman possessed of no private means, but enjoying a lucrative practice, which had enabled him to maintain and educate a family with all the advantages which money can give in this country.","Fiction, Clergy, Social life and customs, Classic Literature, Romance, Clergy, fiction, Fiction, family life, British and irish fiction (fictional works by one author), English literature, Fiction, family life, general, Large type books, Barsetshire (England : Imaginary place), Manners and customs, Barsetshire (england : imaginary place), fiction, Fiction, general, Domestic fiction, Clergy -- Fiction, Barsetshire (England: Imaginary place) -- Fiction, Barchester (England : Imaginary place), Long now manual for civilization"
The Age of Innocence,Edith Wharton,1920,11196262.0,romance,/works/OL98491W,"Edith Wharton's most famous novel, written immediately after the end of the First World War, is a brilliantly realized anatomy of New York society in the 1870s, the world in which she grew up, and from which she spent her life escaping. Newland Archer, Wharton's protagonist, charming, tactful, enlightened, is a thorough product of this society; he accepts its standards and abides by its rules but he also recognizes its limitations. His engagement to the impeccable May Welland assures him of a safe and conventional future, until the arrival of May's cousin Ellen Olenska puts all his plans in jeopardy. Independent, free-thinking, scandalously separated from her husband, Ellen forces Archer to question the values and assumptions of his narrow world. As their love for each other grows, Archer has to decide where his ultimate loyalty lies. - Back cover.","Fiction, Triangles (Interpersonal relations), Upper class, Married people, Separated people, Social life and customs, Marriage, Separated women, Upper classes, Social norms, New York (N.Y.), Nobility, Love stories, Classic Literature, Literature, Drama, Romance, Pulitzer Prize Winner, award:pulitzer_prize=1921, award:pulitzer_prize=fiction"
Daisy Miller,Henry James,1877,6482238.0,romance,/works/OL276328W,"A beautiful American girl, Daisy Miller, is pursued by the sophisticated Winterbourne, who moves in fairly conservative circles. Their courtship is frowned upon by the other Americans they meet in Switzerland and Italy because Daisy is too vivacious and flirtatious and neither belongs to, nor follows the rules of, their society. The novella is a comment on American and European attitudes towards each other and on social and cultural prejudice.","Fiction, Americans, Young women, Americans in fiction, Young women in fiction, Europe in fiction, Drama, Social life and customs, United States in fiction, Women travelers, Motion picture plays, Travel, Classic Literature, Historical Fiction, Romance, History, Adventure and adventurers, Ghost stories, Horror tales, American National characteristics"
The Ambassadors,Henry James,1903,313610.0,romance,/works/OL276470W,"Chad Newsome has gone to Paris. He is charmed by Old World fascinations and caught up in the leisurely craft and bohemian direction of European worldliness. An older woman of rank and adventurous but subtle skill, Madame de Vionnet, strokes his ego and does her best to keep Chad in Paris indefinitely. Chad's mother lives in Woollett, Mass., and wants her son to return to run the family business. Mrs. Newsome is an invalid and cannot go to Paris to fetch her son herself, so she employs Lambert Strether and Sarah Pocock to return Chad to Massachusetts. Sarah has been to Paris before and is aware of its attractiveness, so her determination to succeed in this task is fixed and uncompromising. Strether is of later middle age, however, and inspired by the fairytale of a beautiful life in Europe. Mrs. Newsome has promised to marry Strether if he can bring Chad home. Strether is completely enamored by the Parisian character and its enchantments and has a difficult time completing his mission. The drama of reestablishing Chad in business in America and of coming to terms with the mythological romance of France leaves the reader unbalanced, trying to recover equilibrium in the real world. Those involved with Chad's rescue are compelled to recognize the deep intimacies of personal attachment and the accepted proprieties of direct consequence. The success and failures of such an undertaking are unpredictable. The result of every character's attempt to steer Chad rightly is a strange conglomeration of role reversal, fantasy, and truth.","Man-woman relationships, Fiction, Romance, Americans, Historical Fiction, Young men, Classic Literature, Ambassadors (James, Henry), James, henry, 1843-1916, American fiction (fictional works by one author), Paris (france), fiction, Man-woman relationships, fiction, Fiction, psychological, American fiction, LITERARY CRITICISM, American, General, Character, Social life and customs, Manners and customs"
Washington Square,Henry James,1880,8243278.0,romance,/works/OL276395W,"With a new afterword by Michael CunninghamWhat Catherine Sloper lacks in brains and beauty, she makes up for by being ""very good."" The handsome Morris Townsend would do anything to win her hand-even if it means pretending that he loves the homely ingenue, and cares nothing for her opulent wealth.


Throughout time, the women of the world always had limited rights when it came to anything. You could almost say they were being discriminated just because of their gender. However, this all changed because of one woman in particular: Deborah Sampson. Deborah Sampson was the first known American woman to impersonate a man in order to join the army and take part in combat. She was born in Plympton, Massachusetts on December 17, 1760 as the oldest of three daughters and three sons of Jonathan and Deborah Sampson. Her family descended from one of the original colonists, Priscilla Mullins Alden, who was John Alden’s wife and later immortalized in Longfellow's poem, ""The Courtship of Miles Standish."" ((Quote)…Near him was seated John Alden, his friend, and household companion…) Deborah's youth was spent in poverty. Her father abandoned the family we she was young and went off to sea. Her mother was of poor health and could not support the children, so she sent them off to live with various neighbors and relatives. At the young age of around 8-10, Deborah Sampson became an indentured servant in the household of Jeremiah and Susannah Thomas in Middleborough, Massachusetts. For ten years she helped with the housework and worked in the field. All the hard labor developed her physical strength. With the Thomas family, she gained a tremendous amount of knowledge. She often learned from the books that were lying around the house while she worked. Deborah became very interested in politics. In winter, when there wasn't as much farm work to be done, Jeremiah allowed her to attend school. When she turned 18, she could not serve the Thomas household. But she lived with them for 2 more years, and worked as a weaver and she was hired as a teacher in a Middleborough public school. On May 20, 1782, when she was twenty-one, Deborah Sampson enlisted in the Fourth Massachusetts Regiment of the Continental Army at Bellingham as a man named Robert Shurtleff (also listed as Shirtliff or Shirtlieff). On May 23rd, she was assembled into service at Worcester. Being 5 foot 7 inches tall, she looked tall for a woman with a male physique. Other soldiers teased her about not having to shave, but they assumed that this ""boy"" was just too young to grow facial hair. She performed her duties as well as any other man, in countless battles. Back home, rumors started to spread about her activities and she was excommunicated from the First Baptist Church of Middleborough, Massachusetts, because of a strong suspicion that she was ""dressing in man's clothes and enlisting as a Soldier in the Army."" At the time of her excommunication, her regiment had already left Massachusetts. Sampson was sent with her regiment to West Point, New York, where she was wounded in the thigh by a musket ball and cut in the forehead in a battle near Tarrytown. Knowing that people would know the truth if she got medical attention, she only got her forehead treated and tended her own wounds by removing the musket ball with a penknife and sewing the wound herself so that her gender would not be discovered. As a result, her leg never healed properly. However, in 1783, when she was later hospitalized for fever in Philadelphia, the physician Barnabas Binney attending her discovered that she was a woman and he took her to his home where his wife and daughters took care of Deborah. When the Treaty of Paris was signed in September 1783, Dr. Binney sent Deborah to George Washington with a note. Although her secret was found out, George Washington never said anything. Sampson was honorably discharged from the army at West Point on October 25, 1783 by General Henry Knox with money to cover her travel fee. Deborah Sampson returned home, married a farmer named Benjamin Gannett, and had three children: Earl, Mary and Patience. She also taught at a nearby school. In 1802, Sampson traveled throughout New England and New York giving lectures on her experiences in the military. During her lectures, she wore her military uniform. About nine years after her discharge from the army, she was awarded a pension from the state of Massachusetts in the amount of thirty-four pounds in a lump payment. But even with that kind of money, her financial problem continued on. She would often borrow money from friends and relatives, primarily from her friend Paul Revere. She did not get any pension from the army like the rest of the soldiers even though she had been honorably discharged, simply because she was a woman. After Paul Revere sent a letter to Congress on her behalf in 1804, she started receiving a U.S. pension in the amount of four dollars per month. In 1809, Deborah Sampson finally sent a petition to the Congress requesting that her pension as an invalid soldier would be from the start of 1783, to the time she was discharged. This would mean that her cumulative pension would amount to $960 which would give her $48 per month. This time, the Congress approved her request and granted her $76 per month as pension instead. With this money, she was able to pay off all her debts and take better care of her family. Deborah Sampson Gannett died April 29, 1827 in Sharon, Massachusetts, at age sixty-six. Her children were awarded compensation by a special act of Congress ""for the relief of the heirs of Deborah Gannett, a soldier of the Revolution, deceased."" She is now buried in the Rockridge Cemetery in Sharon, Massachusetts. Her actions of impersonating a man truly touched many people, showing that women can do anything just as good as men can and also telling women to pursue their dreams, no matter what others say. She may have been a significant person in history, but she changed the world’s way of thinking. She inspired women to gain their rights.","Romance, Man-woman relationships, Historical Fiction, Classic Literature, Fiction, Fathers and daughters, Children of the rich, Inheritance and succession, Young women, Courtship, Personal Beauty, Father-daughter relationship, American fiction (fictional works by one author), Fiction, general, Fathers and daughters, fiction, New york (n.y.), fiction, Fiction, romance, general, Young women, fiction, Fiction, family life, Large type books"
The Return of the Native,Thomas Hardy,1878,8162989.0,romance,/works/OL44994W,"The native of the title is Clym Yeobright, who returns to the area from the bright society of Paris and, as any reader of Hardy knows, all is not smooth. He is quickly taken by and marries the one woman he should not--Eustacia Vye. The suffering that follows is mitigated somewhat by the ending.","People with visual disabilities, fiction, Return of the native (Hardy, Thomas), Mothers and sons, fiction, Social conditions, Married people, fiction, Mate selection, fiction, Heathlands, fiction, Adultery, fiction, Wessex (England) -- Fiction, Social life and customs, Man-woman relationships, fiction, Country life, Manners and customs, Villages, British and irish fiction (fictional works by one author), Wessex (england), fiction), Fiction"", romance, general"""
Доктор Живаго,Boris Leonidovich Pasternak,1957,1045432.0,romance,/works/OL258301W,"***This epic tale about the effects of the Russian Revolution and its aftermath on a bourgeois family was not published in the Soviet Union until 1987.*** One of the results of its publication in the West was Pasternak's complete rejection by Soviet authorities; when he was awarded the Nobel Prize for Literature in 1958 he was compelled to decline it. ***The book quickly became an international best-seller.***

Dr. Yury Zhivago, Pasternak's alter ego, is a poet, philosopher, and physician whose life is disrupted by the war and by his love for Lara, the wife of a revolutionary. His artistic nature makes him vulnerable to the brutality and harshness of the Bolsheviks. ***The poems he writes constitute some of the most beautiful writing featured in the novel.***

\--------- ***Doctor Zhivago, Boris Pasternak's only novel, is set between the early 1900s and World War II*** and contains complex plot lines and themes, including criticisms of the role of the government in the lives of citizens, and criticisms of the October Revolution and its aftermath. The book had been submitted for publication to Novyi Mir in 1956 and had been initially accepted, but at the last moment its publication was revoked by the authorities.

However, a publisher in Milan had received a copy of the typescript from an Italian literary scout operating in Moscow and ***in 1957 the publisher, Giangiacomo Feltrinelli, released an Italian-language edition of Doctor Zhivago.*** The CIA, seeing the novel as a potent propaganda tool in the era of the Cold War, acquired a copy of the typescript in the original Russian in the summer of 1958. The agency promptly contacted the **Dutch intelligence services** which **facilitated printing of the novel in the Hague with CIA funds to cover the print run.** One thousand copies of the novel were published by Mouton Publishers but under Feltrinelli's imprint. The copies were **distributed among CIA headquarters and Frankfurt, Berlin, Munich, London, Paris, and Brussels.**

In 1958 the ***first post-war World's Fair was held in Brussels with Soviet Union and United States building large exhibitions as part of the event.*** As the role of the United States in the publication of the novel could not have been compromised, the CIA turned to the Vatican pavilion to help distribute the books during the fair. The CIA considered the operation to be a great success. However, since **a contract was never signed between the Dutch publisher and Feltrinelli, the latter was furious when he learned about the distribution of the novel in Brussels and threatened legal action**. Mouton issued an apology and agreed to an ""indemnity obligation"" to print an additional five thousand copies for Feltrinelli

Following the success of the first printing of the novel, the ***CIA decided to fund a second print run of seven thousand copies for individuals who would take them into the Soviet Union.*** Each of the copies was stamped as coming from the Societe d'Edition et d'Impression Mondiale, a ***nonexistent French publisher. Further deception was provided by a Russian emigre group in the distribution of the copies.***

***Even though the scandal sparked interest and rumors, the involvement of the CIA in the publication of the novel was not confirmed until April, 2014.***","Fiction, History, Continental european fiction (fictional works by one author), Fiction, historical, general, Soviet union, history, revolution, 1917-1921, fiction, 958, Prohibited book, Politics, Soviet Union, Revolution, 1917-1921, Historical, Classic, Literature, Books, Novels, Hardcovers, Paperbacks, e-books, audio-books"
Fifty Shades of Grey,E. L. James,2000,12648183.0,romance,/works/OL16336633W,"When literature student Anastasia Steele goes to interview young entrepreneur Christian Grey, she encounters a man who is beautiful, brilliant, and intimidating. The unworldly, innocent Ana is startled to realize she wants this man and, despite his enigmatic reserve, finds she is desperate to get close to him. Unable to resist Ana’s quiet beauty, wit, and independent spirit, Grey admits he wants her, too—but on his own terms.
 
Shocked yet thrilled by Grey’s singular erotic tastes, Ana hesitates. For all the trappings of success—his multinational businesses, his vast wealth, his loving family—Grey is a man tormented by demons and consumed by the need to control. When the couple embarks on a daring, passionately physical affair, Ana discovers Christian Grey’s secrets and explores her own dark desires.

Erotic, amusing, and deeply moving, the Fifty Shades Trilogy is a tale that will obsess you, possess you, and stay with you forever.

This book is intended for mature audiences.","Man-woman relationships, fiction, FICTION / Contemporary Women, Sexual dominance and submission, FICTION / Romance / Contemporary, Dominance (Psychology), College students, Businessmen, Adultery, Contemporary Women, Contemporary, Romance, Fiction, erotica, nyt:trade-fiction-paperback=2012-03-25, New York Times bestseller, Sexual attraction, Fiction, erotica, general, Large type books, Businesspeople, Erotic stories, Love stories"
Twilight,Stephenie Meyer,2005,12641977.0,romance,/works/OL5720023W,"About three things I was absolutely positive. First, Edward was a vampire. Second, there was a part of him -- and I didn't know how dominant that part might be -- that thirsted for my blood. And third, I was unconditionally and irrevocably in love with him. When Isabella Swan moves to the gloomy town of Forks and meets the mysterious, alluring Edward Cullen, her life takes a thrilling and terrifying turn. With his porcelain skin, golden eyes, mesmerizing voice, and supernatural gifts, Edward is both irresistible and impenetrable. Up until now, he has managed to keep his true identity hidden, but Bella is determined to uncover his dark secret. What Bella doesn't realize is the closer she gets to him, the more she is putting herself and those around her at risk. And, it might be too late to turn back. Deeply seductive and extraordinarily suspenseful, Twilight will have listeners riveted right until the end. -- Container.

Bella Swan and Edward Cullen, a pair of star-crossed lovers whose forbidden relationship ripens against the backdrop of small-town suspicion and a mysterious coven of vampires.","series:Luz_e_Escuridão, series:Twilight, New York Times bestseller, nyt:series_books=2008-03-15, School & Education, Vampires, Juvenile Fiction, Fiction, Children's Books - Young Adult Fiction, Science Fiction, Fantasy, & Magic, Children: Young Adult (Gr. 10-12), Schools, Love & Romance, Horror & Ghost Stories, Juvenile Fiction / Horror & Ghost Stories, High schools, Children's 12-Up - Fiction - Horror, High school students, First loves, Vampires, fiction"
El amor en los tiempos del cólera,Gabriel García Márquez,1985,10096404.0,romance,/works/OL274518W,"De jóvenes, Florentino Ariza y Fermina Daza se enamoran apasionadamente, pero Fermina eventualmente decide casarse con un médico rico y de muy buena familia. Florentino está anonadado, pero es un romántico. Su carrera en los negocios florece, y aunque sostiene 622 pequeños romances, su corazón todavía pertenece a Fermina. Cuando al fin el esposo de ella muere, Florentino acude al funeral con toda intención. A los cincuenta años, nueve meses y cuatro días de haberle profesado amor a Fermina, lo hará una vez más.
Con sagacidad humorística y depurado estilo, García Márquez traza la historia excepcional de un amor que no ha sido correspondido por medio siglo. Aunque nunca parece estar propiamente contenido, el amor fluye a través de la novela de mil maneras –alegre, melancólico, enriquecedor, siempre sorprendente-.","Vida familiar, Family life, Historias de amor, Love stories, Ficció histórica, Historical fiction, Novels, Novela, Courtship, Translations into English, Colombian fiction, Spanish fiction, Cuentos del amor, Reading Group Guide, Romance fiction, Novela española, Romance-language fiction, Spanish language materials, Amor no correspondido, Man-woman relationships, fiction"
Genji monogatari,Murasaki Shikibu,1900,6614001.0,romance,/works/OL2564006W,"**The most famous work of Japanese literature and the world's first novel—written a thousand years ago and one of the enduring classics of world literature.**

Written centuries before the time of Shakespeare and even Chaucer, The Tale of Genji marks the birth of the novel—and after more than a millennium, this seminal work continues to enchant readers throughout the world. Lady Murasaki Shikibu and her tale's hero, Prince Genji, have had an unmatched influence on Japanese culture. Prince Genji manifests what was to become an image of the ideal Heian era courtier; gentle and passionate. Genji is also a master poet, dancer, musician and painter. The Tale of Genji follows Prince Genji through his many loves, and varied passions. This book has influenced not only generations of courtiers and samurai of the distant past, but artists and painters even in modern times—episodes in the tale have been incorporated into the design of kimonos and handicrafts, and the four-line poems called waka which dance throughout this work have earned it a place as a classic text in the study of poetry.

This version by Kencho Suematsu was the first-ever translation in English. Condensed, it's a quarter length of the unabridged text, making it perfect for readers with limited time.

""Not speaking is the wiser part,
And words are sometimes vain,
But to completely close the heart
In silence, gives me pain.

—Prince Genji, in The Tale of Genji

About the Author: Lady Murasaki Shikibu, born in 978, was a member of the famed Fujiwara clan-one of the most influential families of the Heian period. After the death of her husband, Shikibu immersed herself in Buddhism, and the religion's influence permeates her writing.","Classic Literature, Concordances, Fiction, Illustrations, Japanese fiction, Literature, Social life and customs, Princes, Aristocracy (Social class), Manners and customs, Aristocracy (Political science), Man-woman relationships,  fiction, Translations into English, LITERATURA JAPONESA, Near and far eastern fiction (fictional works by one author), Japan, fiction, Fiction, general, Fiction, history and criticism, Fiction, historical, Fiction, historical, general"
Comus,John Milton,1738,5622287.0,romance,/works/OL810989W,"From what I have found it is about a woman who is kidnapped by a Greek god. Where she is tempted numerous times by him but decides to refrain from temptation. Her brothers who she was traveling with meet another being who tells them how to help their sister, but the question is will they be able to save her before she gives in.","Fiction, Librettos, Masques with music, Poetry, Romance, Scores, Values, Experience, Great britain, genealogy, Poetry (poetic works by one author), Fiction, romance, general, Large type books, Milton, john, 1608-1674, comus, Photoengraving, Specimens, Silhouettes"
The Godfather,Mario Puzo,1969,6507069.0,romance,/works/OL1673205W,"The Godfather is a crime novel by American author Mario Puzo. Originally published in 1969 by G. P. Putnam's Sons, the novel details the story of a fictional Mafia family in New York City (and Long Beach, New York), headed by Vito Corleone. Puzo's dedication for The Godfather is ""For Anthony Cleri"". The novel's epigraph is by the French author Honoré de Balzac: ""Behind every great fortune there is a crime."" The novel covers the years 1945 to 1955 and includes the back story of Vito Corleone from early childhood to adulthood.


----------
Also contained in:

 - [The Godfather / The Fortunate Pilgrim](https://openlibrary.org/works/OL7920005W)
 - [The Godfather / The Last Don](https://openlibrary.org/works/OL1673242W)","Detective and mystery stories, Organized crime, Criminals, Italian Americans, Mafia, Fiction, Criminals in fiction, Drama, Italian Americans in fiction, Mafia in fiction, Organized crime in fiction, Romance, Corleone family (Fictitious characters), English fiction, Crime, fiction, Criminals, fiction, Italian americans, fiction, New york (n.y.), fiction, Fiction, mystery & detective, general, Corleone family (Personajes literarios)"
Pelham,"Edward Bulwer Lytton, Baron Lytton",1828,8974809.0,romance,/works/OL8088746W,"This is the tale of Henry Pelham. He falls in love with his best friend’s sister, and then learns that his friend is accused of murder. He must find the real killer in order to marry his love. The book really illustrates the manners, habits and lifestyles of the rich and famous in the first half of the 19th century. This is a very entertaining read!Please Note:  This book is easy to read in true text, not scanned images that can sometimes be difficult to decipher.  This eBook has bookmarks at chapter headings and is printable up to two full copies per year.","Wainwright, Thomas Griffiths, in fiction, Fiction, Classic Literature, Drama, Romance, Adventure stories, Fiction, historical, general, British and irish fiction (fictional works by one author), Fiction, action & adventure, Fiction, romance, general, Large type books, English fiction, Fiction, mystery & detective, general"
Abel Sánchez,Miguel de Unamuno,1917,4902483.0,romance,/works/OL503503W,,"Spanish language, Readers, Continental european fiction (fictional works by one author), Criticism and interpretation, Male friendship, Fiction, Unamuno, miguel de, 1864-1936, ROMANCE, Fiction, general, Interpersonal relations"
The Eustace diamonds,Anthony Trollope,1872,8242844.0,romance,/works/OL109873W,"*The Palliser Novels*, book 3: *The Eustace Diamonds*","Fiction, Jewelry theft, Socialites, Courtship, Poor women, Plantagenet Palliser (Fictitious character), Romance, Politics and government, Social life and customs, British and irish fiction (fictional works by one author), London (england), fiction, England, fiction, Great britain, fiction, Palliser, plantagenet (fictitious character), fiction, Fiction, general, Political fiction, Long now manual for civilization, English fiction, Satire, London (England) -- Fiction"
Jamaica Inn,Daphne du Maurier,1936,8765960.0,romance,/works/OL36632W,"Her mother's dying request takes Mary Yellan on a sad journey across the bleak moorland of Cornwall to reach Jamaica Inn, the home of her Aunt Patience. With the coachman's warning echoing in her memory, Mary arrives at a dismal place to find Patience a changed woman, cowering from her overbearing husband, Joss Merlyn.

Affected by the Inn's brooding power, Mary is thwarted in her attention to reform her aunt, and unwillingly drawn into the dark deeds of Joss and his accomplices. And, as she struggles with events beyond her control, Mary is further thrown by her feelings for a man she dare not trust....","Fiction, Smugglers, Detective and mystery stories, Romance fiction, Roman, Contrebande, Love stories, Fiction, mystery & detective, general, Fiction, general, Romance, Suspense, Gothic, Romance-language fiction, English literature, Fiction, romance, suspense, Cornwall (england : county), fiction"
The Last Chronicle of Barset,Anthony Trollope,1867,7334887.0,romance,/works/OL109876W,"*The Chronicles of Barsetshire, Book 6: The Last Chronicle of Barset*","Clergy in fiction, Social life and customs, Romance, Classic Literature, British and irish fiction (fictional works by one author), Fiction, historical, general, Fiction, family life, general, Fiction, psychological, Fiction, romance, general, Clergy, fiction, Manners and customs, England, fiction, Barchester (England : Imaginary place), Fiction, Clergy, Long now manual for civilization, England -- Social life and customs -- 19th century -- Fiction, Clergy -- England -- Fiction, Psychological fiction, Love stories"
Eclipse,Stephenie Meyer,2006,12643410.0,romance,/works/OL5720025W,"Edward's soft voice came from behind me. I turned to see him spring lightly up the porch steps, his hair windblown from running. He pulled me into his arms at once, just like he had in the parking lot, and kissed me again. This kiss frightened me. There was too much tension, too strong an edge to the way his lips crushed mine -- like he was afraid we had only so much time left to us. As Seattle is ravaged by a string of mysterious killings and a malicious vampire continues her quest for revenge, Bella once again finds herself surrounded by danger. In the midst of it all, she is forced to choose between her love for Edward and her friendship with Jacob -- knowing that her decision has the potential to ignite the ageless struggle between vampire and werewolf. With her graduation quickly approaching, Bella has one more decision to make: life or death. But which is which? -- Container.

A beautifully written book by Stephanie Meyer. This book will take you on an adventure like no other, the epic romance of a 110 year old vampire frozen in the body of a 17 year old, an 18 year old human named Isabella Swan. Join Edward Cullen and Bella Swan on this action packed romance.","New York Times bestseller, Werewolves, Interpersonal relations, Vampires, High schools, Schools, Fiction, nyt:series_books=2008-03-15, Novela de misterio, Vampiros, Hombres lobo, Relaciones humanas, Escuelas, Novela de terror, Ficción, Escuelas secundarias, Young adult fiction, Schools in fiction, Vampires in fiction, Interpersonal relations in fiction"
The Custom of the Country,Edith Wharton,1900,9329535.0,romance,/works/OL98585W,"Edith Wharton's satiric anatomy of American society in the first decade of the twentieth century appeared in 1913; it both appalled and fascinated its first reviewers, and established her as a major novelist. It follows the career of Undine Spragg, recently arrived in New York from the Midwest and determined to conquer high society. Glamorous, selfish, mercenary, and manipulative, her principal assets are her striking beauty, her tenacity, and her father's money. With her sights set on an advantageous marriage, Undine pursues her schemes in a world of shifting values, where triumph is swiftly followed by disillusion. Wharton was re-creating an environment she knew intimately, and Undine's education for social success is chronicled in meticulous detail. The novel superbly captures the world of post-Civil War Ameria, as ruthless in its social ambitions as in its business and politics. - Back cover.","Fiction, Divorced women, Upper class, Remarried people, Americans, Social life and customs, Classic Literature, Literature, Romance, American fiction (fictional works by one author), Fiction, humorous, Divorced people, fiction, New york (n.y.), fiction, Paris (france), fiction, Fiction, general, Fiction, family life, Fiction, humorous, general, Long Now Manual for Civilization, American literature"
Der Vorleser,Bernhard Schlink,1995,998445.0,romance,/works/OL14871157W,"Sie ist reizbar, rätselhaft und viel älter als er … und sie wird seine erste Leidenschaft. Sie hütet verzweifelt ein Geheimnis. Eines Tages ist sie spurlos verschwunden. Erst Jahre später sieht er sie wieder. Die fast kriminalistische Erforschung einer sonderbaren Liebe und bedrängenden Vergangenheit.

Auf dem Nachhauseweg gerät der fünfzehnjährige Michael Berg in eine heikle Situation. Eine Frau, Mitte dreißig, kümmert sich um ihn. Später kommt der Junge mit einem Blumenstrauß, um sich zu bedanken. Und er kommt wieder. Hanna ist die erste Frau, die er begehrt. Eine heimliche Liebe beginnt. Doch es ist etwas Düsteres, Reizbares um Hanna. Seine Fragen, wer sie war und ist, weist sie schroff zurück. Eines Tages ist sie verschwunden. Aus Michaels Leben, nicht aus seinem Gedächtnis. Als Jurastudent sieht er Hanna im Gerichtssaal wieder. Der junge Mann erleidet einen Schock. Er hat eine Verbrecherin geliebt. Vieles an Hannas Verhalten im Prozess ergibt keinen Reim. Bis es ihm wie Schuppen von den Augen fällt: Sie hat nicht nur eine grauenhafte Tat zu verantworten, sie hat auch ihr verzweifelt gehütetes Geheimnis. Die Vergangenheit bricht auf – die seiner Liebe und die deutsche Vergangenheit. Michael muss erleben, dass er von beiden Vergangenheiten nicht loskommt. Eine Frauengestalt, mit der man auch als Leser nicht einfach fertig wird. Und das Dilemma einer Generation.","Fiction, Romance, Germany, World War 2, Holocaust, war crimes, Atrocities, World War, 1939-1945, War crime trials, History, Man-woman relationship, Nazis, Fiction, psychological, Fiction, historical, Germany, fiction, World war, 1939-1945, fiction, Activities, Large type books, nyt:trade-fiction-paperback=2008-12-21, New York Times bestseller"
New Moon,Stephenie Meyer,2006,12643406.0,romance,/works/OL5720027W,"I felt like I was trapped in one of those terrifying nightmares. For Bella Swan, there is one thing more important than life itself: Edward Cullen. But being in love with a vampire is even more dangerous than Bella ever could have imagined. Edward has already rescued Bella from the clutches of one evil vampire, but now, as their daring relationship threatens all that is near and dear to them, they realize their troubles may be just beginning. Legions of readers entranced by the New York Times bestseller Twilight are hungry for the continuing story of star-crossed lovers Bella and Edward. In New Moon, Stephenie Meyer delivers another irresistible combination of romance and suspense with a supernatural spin. Passionate, riveting, and full of surprising twists and turns, this vampire love saga is well on its way to literary immortality. -- Container.

Love stories. Horror fiction. Now in a Special Trade Demy Paperback Edition. The dramatic sequel to TWILIGHT, following the tale of Bella, a teenage girl whose love for a vampire gets her into trouble. I stuck my finger under the edge of the paper and jerked it under the tape. 'Shoot, ' I muttered when the paper sliced my finger. A single drop of blood oozed from the tiny cut. It all happened very quickly then. 'No!' Edward roared ... Dazed and disorientated, I looked up from the bright red blood pulsing out of my arm - and into the fevered eyes of the six suddenly ravenous vampires. For Bella Swan, there is one thing more important than life itself: Edward Cullen. But being in love with a vampire is more dangerous than Bella ever could have imagined. Edward has already rescued Bella from the clutches of an evil vampire but now, as their daring relationship threatens all that is near and dear to them, they realise their troubles may just be beginning.","series: Twilight, series:Luz_e_Escuridão, Vampires, Juvenile fiction, Werewolves, High schools, Schools, Vampiros, Hombres lobo, Fiction, Ficción, Escuelas secundarias, Washington (State), nyt:series_books=2008-03-15, New York Times bestseller, Vampires -- Fiction, Werewolves -- Fiction, High schools -- Fiction, Schools -- Fiction, Vampires -- Juvenile fiction"
Les Dieux Ont Soif,Anatole France,1900,1994527.0,romance,/works/OL989065W,,"Continental european fiction (fictional works by one author), French literature, Fiction, History, French language, Readers, Histoire, Literatura, Romance, Literatura francesa"
Sad Cypress,Agatha Christie,1939,6559532.0,romance,/works/OL471870W,"Cousins by marriage and lovers by inclination, Roddy and Elinor were the ideal match. He loathed any display of emotion, while she was composed at all times. Then they got an anonymous letter warning that their rich Aunt Laura was thinking of cutting them off, and their perfect world vanished. Roddy did the unthinkable, and fell in love. And Elinor found herself charged with murder. When Hercule Poirot is hired to uncover the truth, even the inimitable Belgian detective is stumped. For a time.","Fiction, Hercule Poirot (Fictitious character), Private investigators, Detective and mystery stories, Historical Fiction, Mystery, Romance, Fiction, mystery & detective, general, Poirot, hercule (fictitious character), fiction, Private investigators, fiction, England, fiction, Fiction, mystery & detective, traditional, Triangles (Interpersonal relations), Inheritance and succession, Poisoning, Large type books, English literature"
Fifty Shades Darker,E. L. James,2011,14566702.0,romance,/works/OL16550681W,"Daunted by the singular tastes and dark secrets of the beautiful, tormented young entrepreneur Christian Grey, Anastasia Steele has broken off their relationship to start a new career with a Seattle publishing house.
But, desire for Christian still dominates her every waking thought, and when he proposes a new arrangement, Ana cannot resist. They rekindle their searing sensual affair, and Ana learns more about the barrowing past of her damaged, driven, and demanding Fifty Shades.
While Christian wrestles with his inner demons, Ana, must confront the anger and envy of the woman who came before her, and make the most important decision of her life.","Sexual dominance and submission, fiction, Man-woman relationships, fiction, Relaciones hombre-mujer, Ficción, Sadomasoquismo, Cuentos eróticos, Contemporary Women, Businesspeople, Romance, Erotic fiction, Novela, Erotica, Choice (Psychology), Love stories, Fiction, erotica, general, Fiction, erotica, nyt:trade-fiction-paperback=2012-03-25, New York Times bestseller, Ana Steele (Fictitious character), Christian Grey (Fictitious character)"
Frenchman's Creek,Daphne du Maurier,1940,893834.0,romance,/works/OL7917284W,"Jaded by the numbing politeness of Restoration London, Lady Dona St. Columb revolts against high society. She rides into the countryside, guided only by her restlessness and her longing to escape.

But when chance leads her to meet a French pirate, hidden within Cornwall's shadowy forests, Dona discovers that her passions and thirst for adventure have never been more aroused. Together, they embark upon a quest rife with danger and glory, one which bestows upon Dona the ultimate choice: sacrifice her lover to certain death or risk her own life to save him.

Frenchman's Creek is the breathtaking story of a woman searching for love and adventure who embraces the dangerous life of a fugitive on the seas.","Fiction, Romance, Gothic, Suspense, Pirates, Fiction, general, Pirates in fiction, English literature"
The Fault in Our Stars,John Green,2010,7418786.0,romance,/works/OL16444438W,"Despite the tumor-shrinking medical miracle that has bought her a few years, Hazel has never been anything but terminal, her final chapter inscribed upon diagnosis. But when a gorgeous plot twist named Augustus Waters suddenly appears at Cancer Kid Support Group, Hazel's story is about to be completely rewritten.
([source][1])


  [1]: http://www.johngreenbooks.com/the-fault-in-our-stars","Young Adult Fiction, Cancer—Fiction, Terminally ill—Fiction, Love—Fiction, Cancer, Fiction, Terminally ill, Love, Children's fiction, Cancer, fiction, Love, fiction, Cancer in adolescence, Terminally ill children, Young women, Conduct of life, Friendship, Sick, Physicians, Youth, Death"
The Thorn Birds,"Colleen McCullough, Colleen McCullough",1977,8293225.0,romance,/works/OL1882556W,"The Thorn Birds is a 1977 best-selling novel by Australian author Colleen McCullough. Set primarily on Drogheda – a fictional sheep station in the Australian Outback named after Drogheda, Ireland – the story focuses on the Cleary family and spans the years 1915 to 1969.","Fiction, Romance, Clergy, Catholic Church, Catholics, Clergy in fiction, Catholics in fiction, Catholic Church in fiction, Australia, fiction, Man-woman relationships, fiction, American Love stories, Australian fiction, epic fiction, religious fiction, romantic fiction, love stories, Fiction, sagas, Fiction, romance, historical, Catholic church, clergy, fiction, English fiction, Priests"
Fifty Shades Freed,E. L. James,2011,14566669.0,romance,/works/OL16550682W,"Cuando la inexperta estudiante Anastasia Steele conocio al joven, seductor y exitoso empresario Christian Grey, nacio entre ellos una sensual relacion que cambio sus vidas para siempre.Sin embargo, desconcertada y llevada al limite por las peculiares practicas eroticas de Christian, la joven lucha por conseguir un mayor com promiso por parte de Grey. Y Christian accede con tal de no perderla.Ahora, Ana y Christian lo tienen todo: amor, pasion, intimidad, bienestar y un mundo de infinitas posibilidades. Pero cuando parece que la fuerza de su relacion puede superar cualquier obstaculo, la fatalidad, el rencor y el destino se conjuran para hacer realidad los peores temores de Ana.""Cincuenta sombras: la exitosa combinacion de historia romantica y juego erotico de alto voltaje que ha tocado la fibra de muchas mujeres.","Sexual dominance and submission, Fiction, Relaciones hombre-mujer, Ficción, Sadomasoquismo, Cuentos eróticos, Fiction, erotica, general, Adult & contemporary romance, Man-woman relationships, Psychological fiction, Contemporary Women, Businesspeople, Romance, Adult, Erotica, Sadomasochism, College students, Ana Steele (Fictitious character), Christian Grey (Fictitious character), Fiction, erotica"
The Talisman,Sir Walter Scott,1800,8239488.0,romance,/works/OL863795W,"***Through a series of adventures, a poor but doughty Scottish crusader known as Sir Kenneth proves his honor and discovers his destiny in Sir Walter Scott's tale of chivalry, violence, virtue, romance, and deceit.*** 

**Sir Walter Scott writes wonderfully enjoyable historical fiction.** He first ventured into this realm in 1814 with the novel, ***Waverley*** which was published anonymously as Scott's first venture into prose fiction and possibly the first-ever historical novel. His subsequent novels came to be called Waverley novels, including this story. The Talisman is the middle in the trilogy about one of England's most popular kings ~~ King Richard I (the Lion-Hearted), which begins with The Betrothed and concludes with Ivanhoe.

**There are many times Scott (through his characters) gets a bit carried away in song and verse, but if you can overlook (or skim through!) these, it's a fine adventure story about the Third Crusade.** Some might say the history is a bit fanciful, some might even say it's more fantasy than history. Well, never mind, standards were different then. Indeed, Scott rather set the standard as it were. It is true he was a staunch Protestant and thought most of the problems with the period had to do with Roman Catholicism, and could be cured by the Reformation, but we're all entitled to our opinions, especially when it's your book.

**All that said, if you haven't read it, it's worth the reading from the perspective of Scott's perspective, even if it weren't a rollicking good tale, which it is!*--booklady (goodreads)***","Christian, Sir Walter Scott, Protestant, History, Reformation, Catholicism, Crusades, Third, 1189-1192, Historical, Adventure, Fiction, Classic, Literature, Novel, Story, Knights, Knighthood, Romance, Open Library Staff Picks, LibraryThing Recommendation"
Novels (Emma / Mansfield Park / Northanger Abbey / Persuasion / Pride and Prejudice / Sense and Sensibility),Jane Austen,1818,9276728.0,romance,/works/OL66512W,"Emma
Mansfield Park
Northanger Abbey
Persuasion
[Pride and Prejudice](https://openlibrary.org/works/OL66554W)
Sense and Sensibility","British and irish fiction (fictional works by one author), Brothers and sisters, Children's fiction, Courtship, Drama, English fiction, English literature, Families, Family, Family life, Family relations, Fiction, Fiction Classics, History, Interpersonal relations, Juvenile fiction, Literary Fiction, love stories, manners, Manners and customs"
The Horse Whisperer,Nicholas Evans,1995,14621022.0,romance,/works/OL1850341W,"A forty-ton truck hurtles out of control on a snowy country road, a teenage girl on horseback in its path.  In a few terrible seconds the life of a family is shattered.  And a mother's quest begins -- to save her maimed daughter and a horse driven mad by pain.  It is an odyssey that will bring her to...The Horse WhispererHe is the stuff of legend.  His voice can calm wild horses and his touch heal broken spirits.  For secrets uttered softly into pricked and troubled ears, such men were once called Whisperers.  Now Tom Booker, the inheritor of this ancient gift, is to meet his greatest challenge.Annie Graves has traveled across a continent with her daughter, Grace, and their wounded horse, Pilgrim, to the Booker ranch in Montana.  Annie has risked everything -- her career, her marriage, her comfortable life--in her desperate belief that the Whisperer can help them.  The accident has turned Pilgrim savage.  He is now so demented and dangerous that everyone says he should be destroyed.  But Annie won't give up on him, for she feels his fate is inextricably entwined with that of her daughter, who has retreated into a heartrending, hostile silence.  Annie knows that if the horse dies, something in Grace will die too.In the weeks to come, under the massive sky of the Rocky Mountain Front, all their lives--including Tom Booker's--will be transformed forever in a way none could have foretold.  At once an epic love story and a gripping adventure, The Horse Whisperer weaves an extraordinary tale of healing and redemption--a magnificent emotional journey that explores our ancient bonds with earth and sky and hearts untamed.  It is a stirring elegy to the power of belief and self-discovery, to hopes lost and found again.From the Paperback edition.","Caballos, Curadores, Ficción, Fiction, Healers, Healers in fiction, Healing, Horses, Horses in fiction, Man-woman relationships, Man-woman relationships in fiction, Montana in fiction, Psychology, Relaciones hombre-mujer, Romance, Teenage girls, Traffic accident victims, Domestic fiction, English fiction, Montana, fiction"
The Price of Salt,Patricia Highsmith,1952,250778.0,romance,/works/OL59448W,"THE PRICE OF SALT is the famous lesbian love story by Patricia Highsmith, written under the pseudonym Claire Morgan. The author became notorious due to the story's latent lesbian content and happy ending, the latter having been unprecedented in homosexual fiction. Highsmith recalled that the novel was inspired by a mysterious woman she happened across in a shop and briefly stalked. Because of the happy ending (or at least an ending with the possibility of happiness) which defied the lesbian pulp formula and because of the unconventional characters that defied stereotypes about homosexuality, THE PRICE OF SALT was popular among lesbians in the 1950s. The book fell out of print but was re-issued and lives on today as a pioneering work of lesbian romance.","collectionID:Sleazy_pulp, Fiction, Lesbians, Lesbian romance novel, Lesbian love story, Divorce, Child custody, Road trip, Fiction, action & adventure, Social conditions, Family relationships, Mothers, Automobile travel, Nineteen fifties, Custody of children, Lesbians, fiction, Fiction, romance, general, Fiction, lesbian, Fiction, romance, fantasy, Romance"
The well-beloved,Thomas Hardy,1897,8242184.0,romance,/works/OL44989W,"Jocelyn Pierston, a sculptor of growing fame, is determined to find his ideal in womanhood, a quest that has led to many fruitless encounters. For just as it seems he has found his heart's desire, disillusionment sets in and his burning love turns to ashes. Returning to Portland, his birthplace, he meets young, innocent Avice Caro. They are betrothed until a fateful meeting with the self-assured Marcia Bencomb changes the course of his life yet again. Please Note:  This book is easy to read in true text, not scanned images that can sometimes be difficult to decipher.  The Microsoft eBook has a contents page linked to the chapter headings for easy navigation. The Adobe eBook has bookmarks at chapter headings and is printable up to two full copies per year.  Both versions are text searchable.","Fiction, Man-woman relationships, Sculptors, Mothers and daughters, English fiction, Historical Fiction, Romance, British and irish fiction (fictional works by one author), England, fiction, Fiction, general, Man-woman relationships, fiction, Fiction, psychological, Mothers and daughters, fiction, Wessex (england), fiction, Fiction, romance, general"
A Torre Negra,Stephen King,1991,8443630.0,romance,/works/OL81625W,"Junto com Roland estão dois companheiros que ele levou consigo para esse universo: Eddie Dean, um ex-dependente químico, e Susannah, nova identidade da mulher que combina no mesmo corpo duas personalidades distintas. À sua frente estão as extraordinárias revelações sobre quem ele é e o que motiva sua busca. E contra Roland se perfila uma legião cada vez mais numerosa de inimigos, humanos ou não. À medida que o ritmo da ação, da descoberta e do perigo se acelera, o leitor é irremediavelmente absorvido por um drama espetacular, ao mesmo tempo assustador como um pesadelo... e estranhamente familiar.","thrillers, supernatural, dark fantasy, riddles, monorails, artificial intelligence, Velcro Fly, paradoxes, ka-tet, cyborgs, Fiction, Fantasy fiction, Long Now Manual for Civilization, Fantasy, Dark Tower Series, Roland (Fictitious character : King), Fiction, fantasy, epic, Dark tower (imaginary place), fiction, Roland (fictitious character : king), fiction, American literature"
Can you forgive her?,Anthony Trollope,1800,8245499.0,romance,/works/OL109868W,"*The Palliser Novels*, book 1: *Can You Forgive Her?*

Alice Vavasor cannot decide whether to marry her ambitious but violent cousin George or the upright and gentlemanly John Grey - and finds herself accepting and rejecting each of them in turn. Increasingly confused about her own feelings and unable to forgive herself for such vacillation, her situation is contrasted with that of her friend Lady Glencora - forced to marry the rising politician Plantagenet Palliser in order to prevent the worthless Burgo Fitzgerald from wasting her vast fortune. In asking his readers to pardon Alice for her transgression of the Victorian moral code, Trollope created a telling and wide-ranging account of the social world of his day.","Fiction, Plantagenet Palliser (Fictitious character), Social life and customs, Classic Literature, Romance, British and irish fiction (fictional works by one author), England, fiction, London (england), fiction, Palliser, plantagenet (fictitious character), fiction, Fiction, general, Manners and customs, Fiction, romance, general, English fiction, Long now manual for civilization, London (England) -- Fiction, Love stories, Great Britain -- Social life and customs -- 19th century -- Fiction, Political fiction, Palliser, Plantagenet (Fictitious character) -- Fiction, Man-woman relationships"
High Fidelity,Nick Hornby,1995,824359.0,romance,/works/OL1916907W,"Nick Hornby's first novel, an international bestseller and instantly recognized by critics and readers alike as a classic, helps to explain men to women, and men to men. Rob is good on music: he owns a small record shop and has strong views on what's decent and what isn't. But he's much less good on relationships. In fact, he's not at all sure that he wants to commit himself to anyone. So it's hardly surprising that his girlfriend decides that enough is enough.","Sound recordings, Man-woman relationships, Fiction, Man-woman relationships, fiction, England, fiction, Fiction, coming of age, Fiction, humorous, general, Young men, Popular music fans, Literature, English fiction, Relaciones hombre-mujer, Jóvenes (Varones), Ficción, Popular music, English literature, Fiction, humorous, Fiction, women, Men, Psychology"
The God of Small Things,Arundhati Roy,1997,10513792.0,romance,/works/OL1052133W,"The God of Small Things is the debut novel of Indian writer Arundhati Roy. It is a story about the childhood experiences of fraternal twins whose lives are destroyed by the ""Love Laws"" that lay down ""who should be loved, and how. And how much."" The book explores how the small things affect people's behavior and their lives. The book also reflects its irony against casteism, which is a major discrimination that prevails in India. It won the Booker Prize in 1997.","Literary Fiction, Women's Fiction, dalit, Catholicism, fraternal twins, Psychological fiction, Domestic fiction, award:man_booker_prize=1997, Fiction, Romance, Twins, Gemelos, Twins in fiction, Literatura de expressão inglesa, Romans, Downing, Cousins, Romans, nouvelles, Man Booker Prize Winner, Classes sociales"
My Secret Life,"Walter, Anonymous",1966,6685979.0,romance,/works/OL264676W,"A rare look at the hidden side of Victorian lifeFrom his precocious childhood to the end of what he calls his ""amatory career,"" an adventurous Victorian known only as ""Walter"" records a breathtaking carnal epic through hundreds of sexual encounters during an era of notorious repression.","Classic Literature, Fiction, Erotic literature, Sex customs, English Erotic literature, Sex, Pornography, Sex addiction, Fiction, erotica, general, Sex addicts, Biography, Fiction, erotica, Great britain, fiction, General, Poetry, Biography/Autobiography, Erotica, Fiction - Adult, Immoral Literature, Literature, Immoral"
Potterism,Rose Macaulay,1920,14830396.0,romance,/works/OL261828W,"Others in the Potter newspaper empire are drawn into Jane’s destructive little ways. Mrs Potter is a well-known romantic novelist, whose cheap novelettes appear in the shop-girls’ magazines. She has become unable to distinguish fact from fiction, and her success gives her an unhealthy estimation of her own influence. When she visits a medium to try to find the truth about the murder of her son-in-law, she wreaks terrible damage.

Arthur Gideon works for Mr Potter as an editor. He respects his employer’s honesty while he despises the populist newspapers he has to produce. His turbulent campaigning spirit, and his furious resistance to anti-Semitic attacks, make him unpopular, and becomes an unwitting target of malice.

Subtitled ‘A Tragi-Farcical Tract’, Potterism is satirical, tragic and heart-breaking. It will outrage you, and fill you with sympathy for the victims who suffer under the Potter women’s urge to write.","General & Literary Fiction, General, Fiction / General, Fiction - General, Fiction, humorous, general, romance, novelist, heart-breaking, murder, Fiction, general"
The Wings of the Dove,Henry James,1902,8241379.0,romance,/works/OL276397W,"Beautiful Kate Croy may have been left penniless by her relatives, but her bold, ambitious nature ensures she will not succumb meekly to a life of poverty. If the financial circumstances of Merton Densher, the man she is passionately in love with, are not sufficient to secure her future, perhaps her cunning will. So when Milly Theale arrives in Europe from America, laden with wealth but also gravely ill, Kate sees an opportunity to exploit her vulnerability and devises a plan that will see her and Merton financially provided for. Her scheming is flawed though, for it fails to take into account the inconstancies of the human heart.John Bayley's introduction examines the novel in the context of James's other late, great works.","Fiction, Americans in fiction, Americans, Triangles (Interpersonal relations), Terminally ill, Young women in fiction, Young women, Terminally ill in fiction, Social life and customs, Classic Literature, Historical Fiction, Romance, Travel, Women, Triangles (Interpersonal relations) -- Fiction., England, fiction, London (england), fiction, Italy, fiction, American fiction (fictional works by one author), James, henry, 1843-1916"
O mandarim,Eça de Queiroz,1889,3221009.0,romance,/works/OL846543W,,"Fiction, short stories (single author), Translations into English, Portuguese fiction, Romance, Literatura portuguesa, Fiction"
Maurice,E. M. Forster,1971,1364882.0,romance,/works/OL88877W,"Maurice is a novel by E. M. Forster. A tale of homosexual love in early 20th-century England, it follows Maurice Hall from his schooldays through university and beyond. It was written in 1913–1914, and revised in 1932 and 1959–1960.","Fiction, Gay men, Gay men in fiction, England in fiction, University of Cambridge, University of Cambridge in fiction, Fiction in English, Criticism and interpretation, Coming of age, Homosexuality, Gay men, fiction, England, fiction, Fiction, gay, British and irish fiction (fictional works by one author), English literature, LGBTQ fiction before Stonewall, LGBTQ+, Classics, LGBT, Queer"
Americanah,Chimamanda Ngozi Adichie,1969,8474037.0,romance,/works/OL16805415W,"Americanah is a 2013 novel by the Nigerian author Chimamanda Ngozi Adichie, for which Adichie won the 2013 U.S. National Book Critics Circle Award for fiction. Americanah tells the story of a young Nigerian woman, Ifemelu, who immigrates to the United States to attend university. The novel traces Ifemelu's life in both countries, threaded by her love story with high school classmate Obinze.","Nigerians, Immigrants, Refugees, African-Americans, literary fiction, African-American fiction, cultural heritage, Fiction, blogging, romance, corruption, award:national_book_critics_circle_award=fiction, National Book Critics Circle Award Winner, Reading Level-Grade 7, Reading Level-Grade 9, Reading Level-Grade 8, Reading Level-Grade 11, Reading Level-Grade 10, Reading Level-Grade 12, 1000blackgirlbooks"
The Minister's Wooing,"Harriet Beecher Stowe, Hablot Knight Browne",1800,1471330.0,romance,/works/OL152226W,"From the author of Uncle Tom's Cabin, a domestic comedy that examines slavery, Protestant theology, and gender differences in early America.First published in 1859, Harriet Beecher Stowe's third novel is set in eighteenth-century Newport, Rhode Island, a community known for its engagement in both religious piety and the slave trade. Mary Scudder lives in a modest farmhouse with her widowed mother an their boarder, Samuel Hopkins, a famous Calvinist theologian who preaches against slavery. Mary is in love with the passionate James Marvyn, but Mary is devout and James is a skeptic, and Mary's mother opposes the union. James goes to sea, and when he is reportedly drowned, Mary is persuaded to become engaged to Dr. Hopkins.With colorful characters, including many based on real figures, and a plot that hinges on romance, The Minister's Wooing combines comedy with regional history to show the convergence of daily life, slavery, and religion in post-Revolutionary New England.","Fiction, Calvinism, Slavery and the church, Clergy, Classic Literature, Romance, Sociology, Love stories, Large type books, History, American fiction (fictional works by one author), Fiction, historical, New england, fiction, Fiction, historical, general, Clergy, fiction, Rhode island, fiction, African Americans, Slave trade, Slavery, Social life and customs"
Night Over Water,Ken Follett,1981,8231779.0,romance,/works/OL1914085W,"On a bright September morning in 1939, two days after Britain declares war on Germany, a group of privileged but desperate people gather in Southhampton to board the largest, most luxurious airliner ever built, the Pan American Clipper bound for New York.","Fiction, Romance, Transatlantic flights, Mystery fiction, Fiction, suspense, Fiction, mystery & detective, historical, English literature, Aventures, Romans, nouvelles, Fiction, thrillers, suspense, Large type books, Inc Pan American World Airways"
Cidade e as serras,Eça de Queiroz,1900,8097148.0,romance,/works/OL846552W,"""Born in Paris, Jacinto - the hero of The City and the Mountains - is the heir to a vast estate in the Alentejo in Portugal, which he has never visited. Jacinto lives in a beautiful mansion crammed with books and the latest gadgets. He mixes with the creme de la creme of Paris society, but is monumentally bored. One by one, his gadgets let him down. And then he receives a letter from the estate manager in Portugal: the bones of his ancestors are to be moved to the new chapel - would he like to be there? With great trepidation, Jacinto sets off with his best friend, the narrator, on a mammoth train journey. When they arrive, the huge old house is a wreck, all Jacinto's luggage has been lost, but for the first time in ages he eats a hearty meal and sleeps the sleep of the just on a straw mattress on the floor. Jacinto has the house renovated, sets about improving conditions for his farm workers, and what he discovers in simple country life upends his expectations deliciously.""--book jacket.","Fiction, Fiction, general, Portugal, fiction, Fiction, humorous, general, Paris (france), fiction, Fiction, men's adventure, Country life, City and town life, Literatura brasileira, Romance, Portuguese fiction, Translations into English"
Nichts ist stärker als die Liebe,Danielle Steel,1981,3197725.0,romance,/works/OL19613W,"Een jonge vrouw die door het vergaan van de Titanic in 1912 ouders en verloofde verliest, neemt de zorg voor haar broertjes en zusjes op zich.","Fiction, Literature, Shipwrecks, Titanic (Steamship), Romance, Fiction, romance, historical, Fiction, family life, Fiction, sea stories, Brothers and sisters, Orphans, Titanic (Steamship) Fiction, Shipwreck victims Fiction, First-born daughters Fiction, Domestic fiction, Fiction, general, Titanic, Belletristische Darstellung, Schiffsuntergang, Junge Frau, Überleben"
Seta,Alessandro Baricco,1920,8345075.0,romance,/works/OL876504W,"France, 1861. When an epidemic threatens to wipe out the silk trade in France, silkworm breeder Herve Joncour has to travel overland to distant Japan, out of bounds to foreigners, to smuggle out healthy silkworms. In the course of his secret negotiations with the local baron, Joncour's attention is arrested by the man's concubine, a girl who does not have oriental eyes. Although they are unable to exchange so much as a word, love blossoms between them.","Novela italiana, Fiction, Travel, French, Italian, History, Romance, Self-discovery, Silk industry, Fiction, romance, historical, Japan, fiction, Fiction, romance, general, Literature, Cuentos de amor, Industria y comercio, Historia, Seda, Ficción, Cuentos eróticos, Comerciantes"
The Notebook,Nicholas Sparks,1996,7382153.0,romance,/works/OL54797W,"A man with a faded, well-worn notebook open in his lap. A woman experiencing a morning ritual she doesn't understand. Until he begins to read to her. An achingly tender story about the enduring power of love.

A man with a faded, well-worn notebook open in his lap. A woman experiencing a morning ritual she doesn't understand. Until he begins to read to her. The Notebook is an achingly tender story about the enduring power of love, a story of miracles that will stay with you forever. 

Set amid the austere beauty of coastal North Carolina in 1946, The Notebook begins with the story of Noah Calhoun, a rural Southerner returned home from World War II. Noah, thirty-one, is restoring a plantation home to its former glory, and he is haunted by images of the beautiful girl he met fourteen years earlier, a girl he loved like no other. Unable to find her, yet unwilling to forget the summer they spent together, Noah is content to live with only memories...until she unexpectedly returns to his town to see him once again. 

Allie Nelson, twenty-nine, is now engaged to another man, but realizes that the original passion she felt for Noah has not dimmed with the passage of time. Still, the obstacles that once ended their previous relationship remain, and the gulf between their worlds is too vast to ignore. With her impending marriage only weeks away, Allie is forced to confront her hopes and dreams for the future, a future that only she can shape. 

Like a puzzle within a puzzle, the story of Noah and Allie is just the beginning. As it unfolds, their tale miraculously becomes something different, with much higher stakes. The result is a deeply moving portrait of love itself, the tender moments and the fundamental changes that affect us all. Shining with a beauty that is rarely found in current literature, The Notebook establishes Nicholas Sparks as a classic storyteller with a unique insight into the only emotion that really matters. 

""I am nothing special, of this I am sure. I am a common man with common thoughts and I've led a common life. There are no monuments dedicated to me and my name will soon be forgotten, but I've loved another with all my heart and soul, and to me, this has always been enough."" 

And so begins one of the most poignant and compelling love stories you will ever read...The Notebook","Man-woman relationships, fiction, Oral reading, Older people, Ancianos, Novela, Relaciones hombre-mujer, Open Library Staff Picks, American fiction, Aged, Love stories, Oral reading -- Fiction, Older people -- Fiction, North Carolina -- Fiction, Reading Level-Grade 9, Reading Level-Grade 8, Reading Level-Grade 11, Reading Level-Grade 10, Reading Level-Grade 12, Fiction, romance, historical, North Carolina, fiction"
The Vampire Lestat,Anne Rice,1986,8579529.0,romance,/works/OL77813W,"The Vampire Lestat (1985) is a vampire novel by American writer Anne Rice, the second in her Vampire Chronicles, following Interview with the Vampire (1976). The story is told from the point of view of the vampire Lestat de Lioncourt as narrator, while Interview is narrated by Louis de Pointe du Lac. Several events in the two books appear to contradict each other, allowing the reader to decide which version of events they believe to be accurate.","nobility, vampire novels, Fiction, Vampires, Romance, Literatura norte-americana, Vampires -- Fiction, horror tales, Fiction, thrillers, general, France, fiction, Lestat (Personaje literario), Novela, Vampiros, Lestat (fictitious character), fiction, Fiction, horror, Vampires, fiction, Italy, fiction, Comics & graphic novels, general, Children's fiction, Horror stories"
The Duke's Children,Anthony Trollope,1880,8246240.0,romance,/works/OL109872W,"*The Palliser Novels*, book 6: *The Duke's Children* 

Plantagenet Palliser, the Duke of Omnium and former Prime Minister of England, is widowed and wracked by grief. Struggling to adapt to life without his beloved Lady Glencora, he works hard to guide and support his three adult children. Palliser soon discovers, however, that his own plans for them are very different from their desires. Sent down from university in disgrace, his two sons quickly begin to run up gambling debts. His only daughter, meanwhile, longs passionately to marry the poor son of a county squire against her father's will. But while the Duke's dearest wishes for the three are thwarted one by one, he ultimately comes to understand that parents can learn from their own children. The final volume in the Palliser novels, *The Duke's Children* (1880) is a compelling exploration of wealth, pride and ultimately the strength of love.","Social life and customs, Widowers, Literature, Romance, Parent and adult child, Fiction in English, Fiction, Conflict of generations, Family relationships, Prime ministers, Classic Literature, Nobility, British and irish fiction (fictional works by one author), England, fiction, Plantagenet Palliser (Fictitious character), London (England) -- Fiction, Domestic fiction, Political fiction, Palliser, Plantagenet (Fictitious character) -- Fiction, Prime ministers -- Family relationships -- Fiction"
The Perks of Being a Wallflower,Stephen Chbosky,1999,14315052.0,romance,/works/OL875437W,"The Perks of Being a Wallflower is a young adult coming-of-age epistolary novel by American writer Stephen Chbosky, which was first published on February 1, 1999, by Pocket Books. Set in the early 1990s, the novel follows Charlie, an introverted observing teenager, through his freshman year of high school in a Pittsburgh suburb. The novel details Charlie's unconventional style of thinking as he navigates between the worlds of adolescence and adulthood, and attempts to deal with poignant questions spurred by his interactions with both his friends and family.","Young adult fiction, Bildungsroman, Epistolary fiction, Bildungsromans, Diary novels, Fiction, Juvenile works, Young adult works, Juvenile fiction, high school students, social conditions, teenagers, letters, diary fiction, adolescence, coming of age, fiction classics, literary fiction, introversion, sexuality"
Paper Towns,John Green,2008,5731773.0,romance,/works/OL11822690W,"One month before graduating from his Central Florida high school, Quentin ""Q"" Jacobsen basks in the predictable boringness of his life until the beautiful and exciting Margo Roth Spiegelman, Q's neighbor and classmate, takes him on a midnight adventure and then mysteriously disappears.","Fiction, Coming of age, Missing persons, Mystery and detective stories, Juvenile fiction, High school students, Revenge, nyt:chapter-books=2008-11-02, New York Times bestseller, Bildungsromans, Neighbors, Teenage boy/girl relations, High school seniors, Missing persons investigation, Determination in teenage boys, YOUNG ADULT FICTION, Romance, Contemporary, Social Themes, Friendship"
Outlander,Diana Gabaldon,1991,14428230.0,romance,/works/OL3261155W,"Unrivaled storytelling. Unforgettable characters. Rich historical detail. These are the hallmarks of Diana Gabaldon’s work. Her New York Times bestselling Outlander novels have earned the praise of critics and captured the hearts of millions of fans. Here is the story that started it all, introducing two remarkable characters, Claire Beauchamp Randall and Jamie Fraser, in a spellbinding novel of passion and history that combines exhilarating adventure with a love story for the ages.

One of the top ten best-loved novels in America, as seen on PBS’s The Great American Read!

Scottish Highlands, 1945. Claire Randall, a former British combat nurse, is just back from the war and reunited with her husband on a second honeymoon when she walks through a standing stone in one of the ancient circles that dot the British Isles. Suddenly she is a Sassenach—an “outlander”—in a Scotland torn by war and raiding clans in the year of Our Lord . . . 1743.

Claire is catapulted into the intrigues of a world that threatens her life, and may shatter her heart. Marooned amid danger, passion, and violence, Claire learns her only chance of safety lies in Jamie Fraser, a gallant young Scots warrior. What begins in compulsion becomes urgent need, and Claire finds herself torn betw","Man-woman relationships, fiction, Historical fiction, Culloden, Battle of, Scotland, 1746, Jacobite Rebellion, 1745-1746 in fiction, History, Scotland in fiction, Fiction, Jacobite Rebellion, 1745-1746, Culloden, Battle of Scotland, 1746, Time travel in fiction, Culloden, Battle of, Scotland, 1746 in fiction, Man-woman relationships in fiction, Love stories, Time travel, Jacobite Rebellion (1745-1746) fast (OCoLC)fst00981043, War stories, Historical, Culloden, Battle of (Scotland : 1746) fast (OCoLC)fst00884970, Fantastic fiction, Romance"
Ken Ward in the Jungle,Zane Grey,1912,6160786.0,romance,/works/OL485457W,Ken Ward and his younger brother Hal have many adventures as they try to follow the course of the Santa Rosa River through uncharted jungles in Mexico.,"Fiction, men's adventure, Mexico, fiction, Fiction, Brothers, Adventure and adventurers, Jungles, Large type books, Zane Grey, Adult & Juvenile, Literature, Books, Stories, Novels, Hardcovers, Paperbacks, Western, Frontier, Pioneer life, Women Pioneers, Indians of North America"
Il était une fois l'amour,Danielle Steel,1981,11650648.0,romance,/works/OL19590W,"Millions adored Daphne Fields, for she shared their passion, their pain, their joy, and their sorrow. But America's most popular novelist remained a closed book to the world -- guarding her life with a fierce privacy no reporter could crack. Her life hides a myriad of secrets. The husband and daughter she lost in a fire. The son who barely survived it and would be deaf forever. The victories, the defeats, the challenges of facing life as a woman alone and helping her son meet the challenges of his handicap. A strong woman, she would not accept defeat, or help from anyone ... until she found she could no longer face it alone.","Fiction, Drama, Romance, Impossible love stories, Fire, Family, Tragedy, Deaf son, Modern, Contemporary Romance, Love story, Women authors, Families, Large type books, Écrivaines, Romans, nouvelles, Familles, Fiction, romance, contemporary, Man-woman relationships, fiction, Open Library Staff Picks"
Oryx and Crake,Margaret Atwood,2002,12507658.0,romance,/works/OL675722W,"Oryx and Crake is at once an unforgettable love story and a compelling vision of the future. Snowman, known as Jimmy before mankind was overwhelmed by a plague, is struggling to survive in a world where he may be the last human, and mourning the loss of his best friend, Crake, and the beautiful and elusive Oryx whom they both loved. In search of answers, Snowman embarks on a journey–with the help of the green-eyed Children of Crake–through the lush wilderness that was so recently a great city, until powerful corporations took mankind on an uncontrolled genetic engineering ride. Margaret Atwood projects us into a near future that is both all too familiar and beyond our imagining.","Literary Fiction, friendship, fantasy, genetic engineering, fiction, science fiction, Triangles (Interpersonal relations), Open Syllabus Project, Long Now Manual for Civilization, romance, relationships, New York Times reviewed, Male friendship, Fiction, science fiction, general, Fiction, romance, general, Friendship, fiction, New york (state), fiction, Man-woman relationships, fiction, British and irish fiction (fictional works by one author), Fiction, fantasy, general"
Light a Penny Candle,Maeve Binchy,1970,5229439.0,romance,/works/OL56770W,"As a child, Elizabeth White was sent from her war-torn London home to a safer life in the small Irish town of Kilgarret. It was there, in the crowded, chaotic O'Connor household, that she met Aisling-who would become her very best friend, sharing her pet kitten and secretly teaching her the intricacies of Catholicism. Aisling's boldness brought Elizabeth out of her proper shell; later, her support carried Elizabeth through the painful end of her parents' chilly marriage. In return, Elizabeth's friendship helped Aisling endure her own unsatisfying marriage to a raging alcoholic. Through the years, they always believed they could survive anything, as long as they had each other. Now they're about to find out if they were right...","Fiction, Friendship, Domestic fiction, Romance, Women, Young women, Juvenile fiction, Fiction, general, Ireland, fiction, Large type books, Female friendship, English literature, Jeunes femmes, Romans, nouvelles, Amitié, Romans, nouvelles, etc. pour la jeunesse, Fiction, romance, regional, Friendship, fiction, Fiction, family life, general, Femmes"
Royal Escape,Georgette Heyer,1938,14338940.0,romance,/works/OL4092591W,"In 1650, dispossessed of Crown and kingdom, crushed and routed at the grim Battle of Worcester, the young Charles II is forced to flee for his life. Out of the heat of battle, the outlaw King and his tiny party must journey across Cromwell's England to a Channel port and a ship bound for France.  For six weeks, Charles' life was in danger as he hid in the English countryside, disguised as a servant, unable to find a way across heavily guarded borders. His loyal courtiers were appalled by the ease and glee with which he adopted his new humble identity, insisting on chatting and even drinking with ostlers and houseboys. Two young women were instrumental in his eventual escape and one of them became a lifelong friend of the exiled king.

Miss Juliana Coningsby was the most well brought-up of young ladies--a beautiful innocent sheltered from the wiles of men and the ways of the world. But a stranger had invaded the aristocratic household where Juliana was a guest--and he had turned her tranquil life upside-down. This man was Charles, the rightful king of England, hunted by vengeful enemies, protected by loyal followers, and desperately needing a disguise to make good his escape. But the King, with his love for adventure, his irrepressible humour and his unmistakable looks, is no easy man to hide. What better disguise than to play the part of a bridegroom on his wedding journey? But for that Charles needed a bride--a role only Juliana could fill... if she dared risk capture by men who knew no mercy. And then there was the even more pressing peril of being alone with this man who knew all too well how to capture a woman's heart...","1930s, Fiction, Historical, Historical Fiction, History, Kings and rulers, Romance, Fiction, historical, Great britain, fiction, Fiction, historical, general, Fiction, biographical, Large type books, Fiction, general"
Me Before You,Jojo Moyes,2012,14419339.0,romance,/works/OL28353073W,"Louisa Clark is an ordinary young woman living an exceedingly ordinary life—steady boyfriend, close family—who has never been farther afield than their tiny village. She takes a badly needed job working for ex-Master of the Universe Will Traynor, who is wheelchair-bound after an accident. Will has always lived a huge life—big deals, extreme sports, worldwide travel—and now he’s pretty sure he cannot live the way he is.

Will is acerbic, moody, bossy—but Lou refuses to treat him with kid gloves, and soon his happiness means more to her than she expected. When she learns that Will has shocking plans of his own, she sets out to show him that life is still worth living.

A love story for this generation, Me Before You brings to life two people who couldn’t have less in common—a heartbreakingly romantic novel that asks, What do you do when making the person you love happy also means breaking your own heart?","Young women, FICTION / Contemporary Women, FICTION / Romance / Contemporary, Fiction, Paraplegics, Fiction, women, Fiction, romance, contemporary, Young women, fiction, People with disabilities, fiction, Contemporary Women, Entrepreneurship, Paralysis, Contemporary, Emotions, Caregivers, Romance, Business enterprises, People with disabilities, Wheelchairs, Love stories"
Mistress of Mellyn,Eleanor Burford,1960,2310666.0,romance,/works/OL3931421W,"Mount Mellyn stood as proud and magnificent as she had envisioned...But what about its master--Connan TreMellyn? Was Martha Leigh's new employer as romantic as his name sounded? As she approached the sprawling mansion towering above the cliffs of Cornwall, an odd chill of apprehension overcame her. TreMellyn's young daughter, Alvean, proved as spoiled and difficult as the three governesses before Martha had discovered. But it was the girl's father whose cool, arrogant demeanor unleashed unfamiliar sensations and turmoil--even as whispers of past tragedy and present danger begin to insinuate themselves into Martha's life. Powerless against her growing desire for the enigmatic Connan, she is drawn deeper into family secrets--as passion overpowers reason, sending her head and heart spinning. But though evil lurks in the shadows, so does love--and the freedom to find a golden promise forever.","Fiction, Family secrets, Widowers, Governesses in fiction, Family secrets in fiction, Governesses, Widowers in fiction, Fiction in English, Mansions, Romance, Gothic novels, Fiction, gothic, Leigh, martha (fictitious character), fiction, Cornwall (england : county), fiction, Fiction, romance, historical, Cornish history, old mansions, governess"
"Landfall, a channel story","Nevil Shute, Rob Spence",1940,9406145.0,romance,/works/OL2779743W,"***Against the grim background of England at war, the romance of Jery Chambers and Mona Stevens stands out like an unexpected spring day in the midst of a brutal winter.*** Jerry is a flying officer in the RAF. At the hotel which is the hangout for officers he sees Mona. She has taken the job of barmaid at the Royal Clarence because it is more exciting than anything else she can find to do. ***They are both young, both lonely.***

It might have turned out to be just another wartime romance, but ***Jerry's job got him into serious trouble from which there might have been no escape if it hadn't been for the loyalty and wisdom of Mona.***","Nevil Shute [pseud], History, Historical, War, War Pilot, WWII, Fiction, Adult, Classic, Literature, Book, Story, Stories, Novel, Hardcover, Paperback, Audiobook, e-book, Adventure, Danger"
The Glimpses of the Moon,Edith Wharton,1922,8277208.0,romance,/works/OL98580W,"“The Glimpses of the Moon” is a romance story. Nick and Susy are the main characters and have no money. They belong to a society of wealthy people, and they plan to get married to better themselves financially from the wedding with the gifts they will receive.Please Note:  This book is easy to read in true text, not scanned images that can sometimes be difficult to decipher.  The Microsoft eBook has a contents page linked to the chapter headings for easy navigation. The Adobe eBook has bookmarks at chapter headings and is printable up to two full copies per year.  Both versions are text searchable.","Fiction, Socialites, Married people, Americans, Marriage, Social life and customs, Love stories, Romance, United States, Officials and employees, Appropriations and expenditures, Periodicals, United States. Congress. House, Large type books, American fiction (fictional works by one author), Fiction, romance, general, Marriage, fiction, Married people, fiction, American literature, English Short stories"
Echoes,Maeve Binchy,1985,3344527.0,romance,/works/OL56768W,"Having grown up in small Irish seaside town in the 1950s, Clare and David meet again years later as students in Dublin. But eventually their home town will draw them back, and it is there that this Maeve Binchy drama of ambition, betrayal and love reaches its turbulent conclusion.","Fiction, Community life, Ireland in fiction, Community life in fiction, Women, Man-woman relationships, Villages, Romance, Social conditions, Love stories, Ireland, fiction, Fiction, romance, contemporary, Romance fiction, Romans, Spanish fiction, Communauté, Romans, nouvelles"
Bible,Bible,1200,12707846.0,history,/works/OL17732W,"The purpose of The Original African Heritage Study Bible is to interpret the Bible as it relates specifically to persons of African descent and thereby to foster an appreciation of the multiculturalism inherent in the Bible. The Original African Heritage Study Bible offers a number of unique features which reveal the African/Edenic contribution to Judaism and Christianity, including: 1) Highlighted verses about Africa and Biblical characters of African descent; 2) 48 pages of reference to African/Edenic persons, places and events; 3) Original art reproductions taken from the Mafa tribe collection of Cameroon, Africa; 4) Full-color maps showing where important African/Edenic events and places occurred in the ancient world; 5) 101 favorite Bible verses from people of the African diaspora; 6) Specially selected articles by outstanding national Bible scholars; and 7) Words and music to famous slave songs.","Bible, Religion, Bibles, Theology, Scripture, General, Bibles - King James, Bible, theology, Christianity - Theology - General, Study skills, Study and teaching, Shorthand, Texts, Wahhābīyah, History, Black people in the Bible, Blacks in the bible, Bible, concordances, American Bible Society, Encyclopedias and dictionaries"
The Taming of the Shrew,William Shakespeare,1631,7889534.0,history,/works/OL362690W,"This play within a play is a delightful farce about a fortune hunter who marries and tames"" the town shrew. The comedy, often produced today because of its accessibility, is one of the plays Shakespeare intended for the general public rather than for the nobility.


CliffsComplete combines the full original text of The Taming of the Shrew with a helpful glossary and CliffsNotes-quality commentary into one volume. You will find:A unique pedagogical approach that combines the complete original text with expert commentary following each sceneA descriptive bibliography and historical background on the author, the times, and the work itselfAn improved character map that graphically illustrates the relationships among the charactersSidebar glossaries""","Drama, Married people, Sex role, Man-woman relationships, Juvenile drama, Plays, Problems, exercises, English Young adult drama, English drama, Criticism and interpretation, Drama in Spanish, Stage history, Dramatic production, Children's plays, English, Sources, Marriage, History, open_syllabus_project, Auffu hrung, Concordances"
Narrative of the life of Frederick Douglass,Frederick Douglass,1845,8247724.0,history,/works/OL69178W,This book is an autobiographical account by runaway slave Frederick Douglass that chronicles his experiences with his owners and overseers and discusses how slavery affected both slaves and slaveholders.,"Douglass, frederick, 1818-1895, Biography, African American abolitionists, Abolitionists, Slaves, Slavery, History, African Americans, Slaves, united states, Biographies &amp; autobiographies, General, Personal narratives, African americans, biography, Dictionaries, English language, Historical, BIOGRAPHY & AUTOBIOGRAPHY, Korean, Antislavery movements, united states, United states, history, 19th century"
Twelve years a slave,Solomon Northup,1853,14856045.0,history,/works/OL78871W,"Twelve Years a Slave is a harrowing memoir about one of the darkest periods in American history. It recounts how Solomon Northup, born a free man in New York, was lured to Washington, D.C., in 1841 with the promise of fast money, then drugged and beaten and sold into slavery. He spent the next twelve years of his life in captivity on a Louisiana cotton plantation.","Slavery, Plantation life, History, Biography, African Americans, Slaves, Slaves' writings, American, Personal narratives, Kidnapping victims, Slaves, united states, Louisiana, history, African americans, biography, Slaves' writings, Slavery, united states, history, Enslaved persons, united states, Enslaved persons' writings, Abuse of, Large type books, Northup, Solomon, 1808-1863?, Slaves' writing, American"
Leaves of Grass,Walt Whitman,1855,9000447.0,history,/works/OL16333W,"**Leaves of Grass** is a poetry collection by American poet Walt Whitman. First published in 1855, Whitman spent most of his professional life writing and rewriting *Leaves of Grass*, revising it multiple times until his death. There have been held to be either six or nine individual editions of Leaves of Grass, the count varying depending on how they are distinguished.[2] This resulted in vastly different editions over four decades—the first edition being a small book of twelve poems, and the last, a compilation of over 400. 

(Source: [Wikipedia](https://en.wikipedia.org/wiki/Leaves_of_Grass))","Manuscripts, United States Civil War, 1861-1865, Gay poets, Presidents, Poetry, American Poets, Fiction, English poetry, American poetry, Mysticism, Classic Literature, Biography, History, American Epic poetry, Poems, Poetry (poetic works by one author), Whitman, Walt, 1819-1892. Leaves of grass, Leaves of grass (Whitman, Walt), Mysticism, poetry, LGBTQ poetry"
Metamorfosi,"Ovid, William S. Anderson, Mary Frederick, Rolfe Humphries, John Dryden, Samuel Garth, Jack Shapiro, Ovid, Robert Squillace, Frank Justus Miller, Ovidio, Julius Ziehen, Banier (Antoine, M L'Abbe), Niklas Holzberg, Lee Fratantuono, A D Melville, Emeritus Kennedy Professor of Latin Fellow E J Kenney, Ovide, William Scovil Anderson, Stephanie McCarter, Gerhard Fink, Alexander Pope, Joseph Addison, William Congreve, Gottlieb Erdmann Gierig, Jan Minell, Pieter Rabus, Alexander Pope, Sir Samuel Garth, John Godwin, OVIDIO, Publio Nasone Ovidio, Ovidi, Xavier Mata Oroval, Claude-Pierre Goujet, Claude-Pierre Banier, Publius Ovidius Naso, Edward Brooks, Edward Ovid, Ovidius, Ernest Ensor Publius Ovidius Naso, Ovídio, Pierre Du Ryer, Publio Ovidio Nason, Johannes Minellius, Nathan Bailey, J., F., and C. Rivington (Firm), G. G. J. and J. Robinson (Paternoster-Row, London, England), Scatcherd and Whitaker, Publius Ovidius Naso, Mathieu Guillaume Thérès de Villenave, Rudolf Merkel, Ovid Giovanni Andrea Dell' Anguillara, C. Luke Soucy, Publius Ovidius Naso, Joseph Gaspard Dubois-Fontanelle, Villenave, Moriz Haupt, Otto Korn, Otto Ovid, J. J. J.J. Howard, Henry Riley, Théodose Burette, Etienne Gros, John Clarke, John Ovid, William Thane Peck, Moriz Haupt, Hermann Johannes Müller, Otto Korn, Henry T. Riley, Banier M. l'abbé, Bernard Picart, Arthur Golding, William White, William Seres, J. H. Haydon, Maximus Planudes, Jean François Boissonade, Garth, Samuel Sir, Joseph Addison, Laurence Eusden, Arthur Maynwaring, Samuel Croxall, Nahum Tate, John Gay, Freigius, Moritz Haupt, Otto Korn, Ovide Ovide, George Sewell, Ovid Vergil, Ovide (Ovid) ; Georges Lafaye, Rolfe (Translated by) Ovid and Humphries, Ernst Karl Christian Bach, Rudolf Ehwald, Ovidb C -17 or 18 a D, Daniel Crespin, Anton Zingerle, Heinrich Stefan Sedlmayer, José Carlos Fernández Corte, María Josefa Cantó Llorca, Charles Martin, Emily R. Wilson, Ovide, Henry T. Riley, translated by frank jsutus miller Ovid, Moriz Haupt P. Ovidius Naso, 43 B. C. -17 or 18 A. D. Ovid, N. C. (Nathan Covington) 180 Brooks, José-Román Bravo Díaz, Publio Ovidio Nasón, Antonio Ruiz de Elvira Prieto, Bartolomé Segura Ramos, OVIDIO; BONIFAZ NU;O, RUBEN INTRODUCION, VERSION, OVIDIO; BONIFAZ NU;O, RUBEN INTRODUCION, VERSION, Publius Ovidius Naso Ovide, OVIDE, 43 B. C. -17 A. D. or 18 A. D. Ovid, Stamperia del Seminario (Padua), Publius Ovidius Publius Ovidius Naso, Henry Thomas Riley, Publi Ovidi Nasó, Donald E. Hill, J. R. Jenkinson, K. Sara Myers, Ovid Poet, John Laney, Hermann Breitenbach, Rudolf Merkel, Rudolf Ehwald, Ange-François Fariau de Saint-Ange, Pablo Picasso, Jean Gaspard Dubois-Fontanelle, Giuseppe Zocchi, Joseph Chamonard, Diedrich Ernest Bosselaar, Thomas Farnaby, Friedrich Polle, Johannes Siebelis, Bernardino Stagnino, Carolus Vivianus, Ovide (Ovid) ,  Georges Lafaye, Garth, Samuel Sir, George Sandys, Richard Badger, Johann Raener, Henricus Glareanus, Thomas Purfoot, Charles Simmons, Lodovico Dolce, Jakob Moltzer, Ercole Ciofani, Daniel Heinsius, Nicolaas Heinsius, Pieter Burman, Johann Wilhelm Capoferrius, Charles de Massac, Raymond de Massac, George Sewell, Jakob Moltzer, Raffaele Regio, Giovanni de Buonsignore, Luca-Antonio Giunta, William Caxton, George Hibbert, Roxburghe Club, Erich Rösch, Joseph Davidson, Claude-Pierre Goujet, N. Bailey, Johannes Minellius, Banier (Antoine), Jean Matheus, Isaac Briot, Pierre Firens, Michael Faulte, Gerard Jean-Baptiste Scotin, Antoine Humblot, Virgil Solis, Vasiliĭ Maĭkov, Gerhard Lorich, Marguerite Carnec, Olivier Sers, SparkNotes, Georges Lafaye, Raphaello Regius, Josse Badius, Gottlieb Erdmann Gierig, Almeno pseud, Ēlias Tsirinkakēs, Jordi Parramon Blasco, John Clarke, Jacobus Rubeus, Henry N. Heale, William Scovil Anderson, Gianpiero Rosati, Giovanna Faranda Villa, Rossella Corti, Nicolas Renouard, Publius Vergilius Maro, Henry King, Karl Hermann Weise, Jorge de Bustamante, Pierre Bellère, Fitzwilliam, William Charles de Meuron Earl, Edward Glaser, Giovanni de' Buonsignori, Gregor Bersmann, Josse Badius, Pieter Rabus, 'Introductiones' Printer of Nebrissensis, Hannibal Gamon, Clifden, Arthur Victor Agar-Robartes Viscount, England) Lanhydrock House (Cornwall, Giovanni Andrea dell' Anguillara, Francesco Turchi, Clarke, John, Lodovico Dolce, Ovid, Banier (Antoine), Claude-Pierre Goujet, Karl Paul Otto Korn, H. J. Müller, Otto Korn, Johann Balthasar Sedkezki, Stephen Gaselee, H. F. B. Brett-Smith, Pepys Library, Raphaello Regius, Paul Brandt, Thomas Farnaby, Pierre Du Ryer, Gwilym Aneurin Tudor Davies, Ovid, 43 BCE-18, 43 BCE-18",1474,5701612.0,history,/works/OL97727W,"Ovid’s sensuous and witty poem. In Metamophoses, Ovid brings together a dazzling array of mythological tales, ingeniously linked by the idea of transformation—often as a result of love or lust—where men and women find themselves magically changed into new and sometimes extraordinary beings. Beginning with the creation of the world and ending with the deification of Augustus, Ovid interweaves many of the best-known myths and legends of ancient Greece and Rome, including Daedalus and Icarus, Pyramus and Thisbe, Pygmalion, Perseus and Andromeda, and the fall of Troy.","Poetry, Mythology, Metamorphosis, Latin Fables, Classical Mythology, Translations into Italian, Poesia lirica latina, Translations into English, Latin Epistolary poetry, Women, Love poetry, Latin, Love-letters, Latin language, Readers, Language teaching & learning material & coursework, Latin, Foreign Language - Dictionaries / Phrase Books, Latin language, readers, Poetry (poetic works by one author), Metric system"
Aeneis,Publius Vergilius Maro,1592,5273998.0,history,/works/OL47087W,"""Virgil's masterpiece  of Latin poetry, a lively, dramatic poem of daring and adventure, of love and loss, of devotion and death. ""","Aeneas (Legendary character) in literature, Classical literature, History and criticism, Latin Epic poetry, Rome in literature, Virgil. Aeneis, Legends, Latin Didactic poetry, Country life, Agriculture, Translations into English, Latin Pastoral poetry, Poetry, Translations into Scots, Aeneas (Legendary character), Latin poetry, Translations into French, Literatura Latina, Drama, Translations into Spanish"
King Henry VIII,"William Shakespeare, John Fletcher",1670,7897086.0,history,/works/OL361246W,"""This is the first fully annotated and comprehensive modern-spelling edition of King Henry VIII - known in its early performances as All is True - for over ten years. It makes full use of current scholarship on the dating, authorship, printing, and sources of the play, as well as critical interpretations, and includes an up-to-date survey of the play in performance.

It is the first edition to make frequent use of Cavendish's life of Cardinal Wolsey, which seems likely to have influenced certain aspects of the play, as well as the other recognized sources in Holinshed, Hall, and Foxe."" ""On authorship, the editor concludes that Shakespeare and his younger colleague John Fletcher worked on the script together but that Shakespeare was probably the guiding spirit, as well as the principal author of several major scenes."".

""A fully detailed commentary and a selective collation of major variant readings appear immediately beneath the text. Special attention has been given to the frequent allusion to scripture and proverb lore. An index to all words glossed and authorities cited appears at the end of the volume.""--BOOK JACKET.","Drama, Kings and rulers, History, English drama, Fiction, Théâtre, British and irish drama (dramatic works by one author), Shakespeare, william, 1564-1616, king henry viii, Henry viii, king of england, 1491-1547, drama, English literature, English, Irish, Scottish, Welsh, Great britain, history, Great britain, kings and rulers, Henry viii, king of england, 1491-1547, Great Britain -- Kings and rulers -- Drama, Henry, VIII, King of England, 1491-1547 -- Drama, Historical drama, Great Britain -- History -- Henry VIII, 1509-1547 -- Drama, Translations into Japanese, Drama (dramatic works by one author)"
The Comedy of Errors,William Shakespeare,1734,5561040.0,history,/works/OL362679W,"""I feel that I have spent half my career with one or another Pelican Shakespeare in my back pocket. Convenience, however, is the least important aspect of the new Pelican Shakespeare series. Here is an elegant and clear text for either the study or the rehearsal room, notes where you need them and the distinguished scholarship of the general editors, Stephen Orgel and A. R. Braunmuller who understand that these are plays for performance as well as great texts for contemplation."" (Patrick Stewart)The distinguished Pelican Shakespeare series, which has sold more than four million copies, is now completely revised and repackaged.Each volume features:* Authoritative, reliable texts* High quality introductions and notes* New, more readable trade trim size* An essay on the theatrical world of Shakespeare and essays on Shakespeare's life and the selection of texts","Drama, Brothers, Mistaken identity, Twins, Shipwreck victims, Juvenile drama, Survival after airplane accidents, shipwrecks, English Young adult drama, Plays, English literature, History and criticism, Criticism and interpretation, Problems, exercises, Fiction, English drama (Comedy), Shipwreck survival, English drama, Stage history, Concordances, British and irish drama (dramatic works by one author)"
Decamerone,Giovanni Boccaccio,1516,6073528.0,history,/works/OL7180368W,"Decameron, collection of tales by Giovanni Boccaccio, probably composed between 1349 and 1353. The work is regarded as a masterpiece of classical Italian prose. While romantic in tone and form, it breaks from medieval sensibility in its insistence on the human ability to overcome, even exploit, fortune.

The Decameron comprises a group of stories united by a frame story. As the frame narrative opens, 10 young people (seven women and three men) flee plague-stricken Florence to a delightful villa in nearby Fiesole. Each member of the party rules for a day and sets stipulations for the daily tales to be told by all participants, resulting in a collection of 100 pieces. This storytelling occupies 10 days of a fortnight (the rest being set aside for personal adornment or for religious devotions); hence, the title of the book, Decameron, or “Ten Days’ Work.” Each day ends with a canzone (song), some of which represent Boccaccio’s finest poetry.
–Britannica","Fiction, historical, general, Europe, fiction, Fiction, Plague, Storytelling, History, Ficción, Italian literature, Middle Ages, Peste bubónica, Narración de cuentos, Historia, Translations from Italian, Illumination of books and manuscripts, Glossaries, Hebrew literature, DIllustrations, Illustration of books, Italian Short stories, Language"
The Autobiography of Benjamin Franklin,Benjamin Franklin,1791,5647361.0,history,/works/OL26492W,"Few men could compare to Benjamin Franklin. Virtually self-taught, he excelled as an athlete, a man of letters, a printer, a scientist, a wit, an inventor, an editor, and a writer, and he was probably the most successful diplomat in American history. David Hume hailed him as the first great philosopher and great man of letters in the New World.

Written initially to guide his son, Franklin's autobiography is a lively, spellbinding account of his unique and eventful life. Stylistically his best work, it has become a classic in world literature, one to inspire and delight readers everywhere.","Wills, Scientists, Printers, American Maxims, Inventors, Correspondence, Philosophers, Politics and government, Statesman, Open Library Staff Picks, Maxims, Will, History, Portraits, Sources, Quakers, Education, Childhood and youth, Biography, Statesmen"
The Jungle,Upton Sinclair,1791,8231790.0,history,/works/OL114967W,"Upton Sinclair's dramatic and deeply moving story exposed the brutal conditions in the Chicago stockyards at the turn of the nineteenth century and brought into sharp moral focus the appalling odds against which immigrants and other working people struggled for their share of the American dream. Denounced by the conservative press as an un-American libel on the meatpacking industry, the book was championed by more progressive thinkers, including then President Theodore Roosevelt, and was a major catalyst to the passing of the Pure Food and Meat Inspection act, which has tremendous impact to this day.","Slaughtering and slaughter-houses, Sociology, Lithuanian Americans, Fiction, Historical Fiction, Emigration and immigration, Packing-houses, Stockyards, Meat industry and trade, Corrupt practices, Open Library Staff Picks, Classic Literature, Working class, Political corruption, Beef industry, Immigrants, Meat industry, Capitalism, Trade unions, Lithuanians in the United States"
The Story of the Treasure Seekers,Edith Nesbit,1899,13241364.0,history,/works/OL99522W,"The six Bastable children try to restore their family's fortune using a variety of schemes taken from books, including finding buried treasure, rescuing someone from bandits, and starting a newspaper.","Fiction, Brothers and sisters, Imagination, Moneymaking projects in fiction, Imagination in fiction, Family life, Family life in fiction, Brothers and sisters in fiction, Great Britain in fiction, Moneymaking projects, History, Children's fiction, Adventure and adventurers, fiction, Fantasy fiction, Juvenile fiction, Children's adventure fiction, Buried treasure -- Juvenile fiction, Children's stories, Family life -- England -- Juvenile fiction, Imagination -- Juvenile fiction"
The Woman in White,Wilkie Collins,1859,4684227.0,history,/works/OL176045W,"The Woman in White famously opens with Walter Hartright's eerie encounter on a moonlit London road. Engaged as a drawing master to the beautiful Laura Fairlie, Walter is drawn into the sinister intrigues of Sir Percival Glyde and his 'charming' friend Count Fosco, who has a taste for white mice, vanilla bonbons and poison. Pursuing questions of identity and insanity along the paths and corridors of English country houses and the madhouse, The Woman in White is the first and most influential of the Victorian genre that combined Gothic horror with psychological realism.","Fiction, mystery & detective, general, Apparitions, Social life and customs, Manners and customs, Psychiatric hospital patients, Inheritance and succession, Country homes, Art teachers, Deception, Nobility, Study and teaching (Secondary), English Detective and mystery stories, Fraud, English language, Young women, Readers (Secondary), Foreign speakers, England"
"Henry VI, Part 3",William Shakespeare,1600,7182904.0,history,/works/OL258713W,"AKA Richard, Duke of York","Drama, Fiction, History, Henry vi, king of england, 1421-1471, drama, British and irish drama (dramatic works by one author), Shakespeare, william, 1564-1616, king henry vi, Historical drama, English Historical drama, Great Britain, Shakespeare, william, 1564-1616, king henry iv, English literature, Fiction, general, Fiction, mystery & detective, general, Literary criticism, Mongols, Secret history of the Mongols, American literature, Henry VI, King of England, 1421-1471 -- Drama, Great Britain -- Kings and rulers -- Drama, Great Britain -- History -- Henry VI, 1422-1461 -- Drama"
War and Peace,Лев Толстой,1845,12621906.0,history,/works/OL267171W,"War and Peace delineates in graphic detail events surrounding the French invasion of Russia, and the impact of the Napoleonic era on Tsarist society, as seen through the eyes of five Russian aristocratic families.
The novel begins in the year 1805 during the reign of Tsar Alexander I and leads up to the 1812 French invasion of Russia by Napoleon. The era of Catherine the Great (1762–1796), when the royal court in Paris was the centre of western European civilization,[16] is still fresh in the minds of older people. Catherine, fluent in French and wishing to reshape Russia into a great European nation, made French the language of her royal court. For the next one hundred years, it became a social requirement for members of the Russian nobility to speak French and understand French culture.[16] This historical and cultural context in the aristocracy is reflected in War and Peace. Catherine's grandson, Alexander I, came to the throne in 1801 at the age of 24. In the novel, his mother, Marya Feodorovna, is the most powerful woman in the Russian court.

War and Peace tells the story of five aristocratic families — the Bezukhovs, the Bolkonskys, the Rostovs, the Kuragins and the Drubetskoys—and the entanglements of their personal lives with the history of 1805–1813, principally Napoleon's invasion of Russia in 1812. The Bezukhovs, while very rich, are a fragmented family as the old Count, Kirill Vladimirovich, has fathered dozens of illegitimate sons. The Bolkonskys are an old established and wealthy family based at Bald Hills. Old Prince Bolkonsky, Nikolai Andreevich, served as a general under Catherine the Great, in earlier wars. The Moscow Rostovs have many estates, but never enough cash. They are a closely knit, loving family who live for the moment regardless of their financial situation. The Kuragin family has three children, who are all of questionable character. The Drubetskoy family is of impoverished nobility, and consists of an elderly mother and her only son, Boris, whom she wishes to push up the career ladder.","Classic, History, Russian Empire, Fiction, Russia, Russia (federation), fiction, Fiction, historical, Classic Literature, Historical Fiction, Napoleon I, Emperor of the French, 1769-1821 in fiction, Textual Criticism, Campaigns, Napoléan in fiction, Military campaigns, Open Library Staff Picks, Invasion of Russia, 1812, Napoleonic Wars, 1800-1814 in fiction, English fiction, Napoleonic Wars, 1800-1815 in fiction, open_syllabus_project"
The Red Badge of Courage,Stephen Crane,1855,8236915.0,history,/works/OL20844W,"The Red Badge of Courage is a war novel by American author Stephen Crane (1871–1900). Taking place during the American Civil War, the story is about a young private of the Union Army, Henry Fleming, who flees from the field of battle. Overcome with shame, he longs for a wound, a ""red badge of courage,"" to counteract his cowardice. When his regiment once again faces the enemy, Henry acts as standard-bearer.

Although Crane was born after the war, and had not at the time experienced battle first-hand, the novel is known for its realism. He began writing what would become his second novel in 1893, using various contemporary and written accounts (such as those published previously by Century Magazine) as inspiration. It is believed that he based the fictional battle on that of Chancellorsville; he may also have interviewed veterans of the124th New York Volunteer Infantry Regiment, commonly known as the Orange Blossoms. Initially shortened and serialized in newspapers in December 1894, the novel was published in full in October 1895. A longer version of the work, based on Crane's original manuscript, was published in 1982.

The novel is known for its distinctive style, which includes realistic battle sequences as well as the repeated use of color imagery, and ironic tone. Separating itself from a traditional war narrative, Crane's story reflects the inner experience of its protagonist (a soldier fleeing from combat) rather than the external world around him. Also notable for its use of what Crane called a ""psychological portrayal of fear"", the novel's allegorical and symbolic qualities are often debated by critics. Several of the themes that the story explores are maturation, heroism, cowardice, and the indifference of nature. The Red Badge of Courage garnered widespread acclaim, what H. G. Wells called ""an orgy of praise"", shortly after its publication, making Crane an instant celebrity at the age of twenty-four. The novel and its author did have their initial detractors, however, including author and veteran Ambrose Bierce. Adapted several times for the screen, the novel became a bestseller. It has never been out of print and is now thought to be Crane's most important work and a major American text.
(Wikipedia)","1783-1865, American Manuscripts, Cartoons and comics, Chancellorsville, Battle of, Chancellorsville, Va., 1863, Civil War, 1861-1865, Civil war, Classic Literature, Coming of age, Criticism and interpretation, Facsimiles, Fiction, Histoire, History, Juvenile fiction, Literature and the war, Manuscripts, Psychological aspects, Readers, Roman, Soldiers"
Henry V,William Shakespeare,1600,7420215.0,history,/works/OL361466W,"Introducing this edition, Gary Taylor shows how Shakespeare shaped his historical material, examines controversial critical interpretations, discusses the play's fluctuating fortunes in performance, and analyses the range and variety of Shakespeare's characterization. The first Folio text is radically rethought, making original use of the First Quarto (1600).","Drama, open_syllabus_project, History, Sources, Stage history, In motion pictures, In literature, English Young adult drama, Kings and rulers, Film and video adaptations, Problems, exercises, Plays, English drama, Henry V (Motion picture : 1944), Bibliography, Film adaptations, Quartos, Shakespeare, William, 1564-1616. Henry V., History and criticism, Henry V (Shakespeare, William)"
Silas Marner,"George Eliot, John O'Connor, Mary Anne Evans, Hugh Thomson, Julius Frese",1800,9286405.0,history,/works/OL20874W,"Eliot's touching novel of a miser and a little child combines the charm of a fairy tale with the humor and pathos of realistic fiction. The gentle linen weaver, Silas Marner, exiles himself to the town of Raveloe after being falsely accused of a heinous theft. There he begins to find redemption and spiritual rebirth through his unselfish love for an abandoned child he discovers in his isolated cottage.","Weavers, Social life and customs, Conduct of life, Foundlings, Open Library Staff Picks, Fiction, Fathers and daughters, Country life, Interpersonal relations, Pastoral fiction, Adopted children, Happiness, English fiction, Classic fiction, Literature: Texts, Literature: Classics, Literature - Classics / Criticism, Classics, Fiction / Classics, England, fiction"
O Pioneers!,Willa Cather,1913,8242999.0,history,/works/OL12795W,"""Alexandra, daughter of a Swedish immigrant farmer in Nebraska, inherits the family farm and finds love with an old friend."" ""The heroic battle for survival of simple pioneer folk in the Nebraska country of the 1880s. John Bergson, a Swedish farmer, struggles desperately with the soil but dies unsatisfied. His daughter Alexandra resolves to vindicate his faith, and her strong character carries her weak older brothers and her mother alng to a new zest for life. Years of privation are rewarded on the farm. But when Alexandra falls in love with Carl Linstrum, and her family objects because he is poor, he leaves to seek a different career. After Alexandra's younger brother Emil is killed by the jealous husband of the French girl Marie Shabata, however, Carl gives up his plans to go to he Klondike, returns to marry Alexandra and take up the life of the farm."" Haydn. Thesaurus of Book Dig.","Fiction, Women pioneers, Women farmers, Farm life, Swedish Americans, Women immigrants, Brothers and sisters, Frontier and pioneer life, History, Immigrants, Swedes, Classic Literature, American fiction (fictional works by one author), Large type books, Nebraska, fiction, Fiction, general, Brothers and sisters, fiction, Fiction, historical, general, Fiction, family life, Frontier and pioneer life, fiction"
Ulysses,James Joyce,1914,13136548.0,history,/works/OL86318W,"Written over a seven-year period, from 1914 to 1921, this book has survived bowdlerization, legal action and controversy. The novel deals with the events of one day in Dublin, 16th June 1904, now known as ""Bloomsday"". The principal characters are Stephen Dedalus, Leopold Bloom and his wife Molly. Ulysses has been labelled dirty, blasphemous and unreadable. In a famous 1933 court decision, Judge John M. Woolsey declared it an emetic book-although he found it not quite obscene enough to disallow its importation into the United States-and Virginia Woolf was moved to decry James Joyce's ""cloacal obsession"". None of these descriptions, however, do the slightest justice to the novel. To this day it remains the modernist masterpiece, in which the author takes both Celtic lyricism and vulgarity to splendid extremes. It is funny, sorrowful, and even (in its own way) suspenseful. And despite the exegetical industry that has sprung up in the last 75 years, Ulysses is also a compulsively readable book.","Married people, Male friendship, Fiction, Historical Fiction, Psychological fiction, Alienation (Social psychology), Textual Criticism, Molly Bloom (Fictitious character), Bloom, Molly (Personaje literario), Men, Facsimiles, Jewish men, Leopold Bloom (Fictitious character), English Manuscripts, Classic Literature, Domestic fiction, Proofs (Printing), Prohibited books, Bloom, Leopold (Personaje literario), Open Library Staff Picks"
Goldsmith's The vicar of Wakefield,Oliver Goldsmith,1111,6720851.0,history,/works/OL890896W,Book digitized by Google from the library of the New York Public Library and uploaded to the Internet Archive by user tpb.,"Abduction, Children of clergy, Clergy, Fiction, Poor families, Prisoners, Shorthand, Texts, British and irish fiction (fictional works by one author), Conduct of life, England in fiction, Prisoners in fiction, Children of clergy in fiction, Abduction in fiction, Classic Literature, Parochial Vicars, Poor families in fiction, Social life and customs, Family, Clergy in fiction"
The Scarlet Pimpernel,Emma Orczy,1900,479102.0,history,/works/OL1253285W,The Scarlet Pimpernel (1905) is a play and adventure novel by Baroness Emmuska Orczy set during the Reign of Terror following the start of the French Revolution.,"Classic Literature, Adventure and adventurers, Open Library Staff Picks, British, Fiction, Text-books for foreigners, English language, Historical Fiction, Sir Blakeney, Percy (Fictitious character), Refugees, Nobility, History, France, history, revolution, 1789-1799, fiction, France, fiction, Blakeney, percy, sir (fictitious character), fiction, Continental european fiction (fictional works by one author), Great britain, fiction, France, history, fiction, Adventure and adventurers, fiction, Large type books"
"Henry IV, Part 2",William Shakespeare,1600,7339581.0,history,/works/OL362697W,"Shakespeare Memorial Theatre, Stratford-upon-Avon, Summer festival, June 27th to September 10th, 1932. ""The Second Part of Henry the Fourth, containing his death, and the coronation of King Henry the Fifth,"" by William Shakespeare. The prologue will be spoken by Eugene Wellesley and the epilogue by Hilda Coxhead.","Drama, History, Historical drama, English Young adult drama, In literature, English drama, History and criticism, Sources, English literature, Bibliography, English Historical drama, Kings and rulers, Plays, Quartos, Criticism and interpretation, Outlines, syllabi, Sir Falstaff, John (Fictitious character), Fiction, open_syllabus_project, Nationalism"
The Blithedale Romance,Nathaniel Hawthorne,1852,8245179.0,history,/works/OL455512W,"A superb depiction of a utopian community that cannot survive the individual passions of its members. In language that is suggestive and often erotic, Nathaniel Hawthorne tells a tale of failed possibilities and multiple personal betrayals as he explores the contrasts between what his characters espouse and what they actually experience in an 'ideal' community. A theme of unrealized sexual possibilities serves as a counterpoint to the other failures at Blithedale: class and sex distinctions are not eradicated, and communal work on the farm proves personally unrewarding and economically disastrous. Based in part on Hawthorne's own experiences at Brook Farm, an experimental socialist community, The Blithedale Romance is especially timely in light of renewed interest in self-sufficient and other cooperative societies.","Fiction, Communal living, Farm life, Collective farms, History, Utopias, Sources, Collective settlements, Classic Literature, Literature, Psychological fiction, open_syllabus_project, Blithedale romance (Hawthorne, Nathaniel), American fiction (fictional works by one author), Fiction, psychological, Massachusetts, fiction, Large type books, Criticism and interpretation, Fiction, general, Critique et interprétation"
Ab urbe condita,Titus Livius,1481,6657951.0,history,/works/OL1261147W,"""Romulus and Remus, the rape of Lucretia, Horatius at the bridge, the saga of Coriolanus, Cincinnatus called from his farm to save the state - these and many more stories immortalized by Livy in his history of Rome have become part of our cultural heritage."" ""The historian's huge work consisted of 142 books which trace Rome's history from its foundation in 753 BC to events in Livy's own lifetime (9 BC). Only 35 books survive in their entirety. These first five books cover the period from Rome's beginnings and her first great foreign conquest, the capture of the Etruscan city of Veii, to her first major defeat, the sack of the city by the Gauls in 390 BC. This new translation is based on R.M. Ogilvie's Oxford Classical Text, the best to date.""--Jacket.","Antiquities, Bibliography, Biography, Campaigns, Crossing of the Alps, 218 B.C., Early works to 1800, Histoire, Historiography, History, Latin language, Patricians (Rome), Plebs (Rome), Politics and government, Problems, exercises, Punic War, 2d, Punic War, 2d, 218-201 B.C., Punic War, 2nd, 218-201 B.C., Readers, Republic, 510-265 B.C., Roman law"
Lorna Doone,R. D. Blackmore,1656,11673413.0,history,/works/OL3686133W,"This work is called a 'romance,' because the incidents, characters, time, and scenery, are alike romantic. And in shaping this old tale, the Writer neither dares, nor desires, to claim for it the dignity or cumber it with the difficulty of an historic novel.","Readers, Fiction, Monmouth's Rebellion, 1685, Fiction, romance, historical, general, England, fiction, Adventure and adventurers, Fict, History, Juvenile fiction, Kidnapping victims, Murder victims' families, Outlaws, Robbers and outlaws, Monmouth's Rebellion (1685) fast (OCoLC)fst01025515, Fiction, romance, historical, Criminals, fiction, Crime, fiction, Children's fiction, Girls, fiction, Scotland, fiction"
La chartreuse de Parme,Stendhal,1800,104382.0,history,/works/OL733285W,"Headstrong and naive, the young Italian aristocrat Fabrizio del Dongo is determined to defy the wrath of his right-wing father and go to war to fight for Napoleon. He stumbles on the Battle of Waterloo, ill-prepared, yet filled with enthusiasm for war and glory. Finally heeding advice, Fabrizio sneaks back to Milan, only to become embroiled in a series of amorous exploits, fuelled by his impetuous nature and the political chicanery of his aunt Gina and her wily lover. Judged by Balzac to be the most important French novel of its time, *The Charterhouse of Parma* is a compelling novel of extravagance and daring, blending the intrigues of the Italian court with the romance and excitement of youth.","Young men, Fiction, Social life and customs, Italy, fiction, Fiction, general, Manners and customs, French fiction, Stendhal (Henri Beyle, dit). Textes, Young men in fiction, Italy in fiction, French literature, Textual Criticism, Translated into English, Italy, French language, Social conditions, Northern italy in fiction, Classic Literature, Literature, Constitutional history"
Pollyanna,"Eleanor Hodgman Porter, Porter, Neil Reed, Lee Giles",1912,902113.0,history,/works/OL2775807W,"An abridged version of the tale of orphaned, eleven-year-old Pollyanna, who comes to live with austere and wealthy Aunt Polly, bringing happiness to her aunt and other members of the community through her philosophy of gladness. Pollyanna knows the secret to finding a smile -- even when really bad things happen. From the moment she arrives in Beldingsville, she shares her Glad Game with everyone around her. But the person who needs Pollyanna's help the most doesn't want it. - Publisher.","Aunts, Cheerfulness, Classic Literature, Conduct of life, Family, Fiction, History, Interpersonal relations, Juvenile Literature, Juvenile fiction, Orphans, Vermont, Families, Children: Grades 3-4, Large type books, Children's fiction, Orphans, fiction, Conduct of life, fiction, Family life, fiction, Fiction, historical, general"
Orthodoxy,Gilbert Keith Chesterton,1874,6268135.0,history,/works/OL76350W,"<p><i>Orthodoxy</i> is <a href=""https://standardebooks.org/ebooks/g-k-chesterton"">G. K. Chesterton’s</a> response to his critics’ assertion that his earlier collection of essays, <i><a href=""https://standardebooks.org/ebooks/g-k-chesterton/heretics"">Heretics</a></i>, had “merely criticised current philosophies without offering any alternative philosophy.” In his intellectual journey from pagan to agnostic to positivist philosopher, he had attempted to build a philosophy “some ten minutes in advance of the truth.” But when he compared his modern philosophy with Christian theology, he realized that he was “the man who with the utmost daring discovered what had been discovered before.” Thus, <i>Orthodoxy</i> is a work of Christian apologetics, where Chesterton tries to show that Christianity is a universal answer to the everyday needs of humanity, and not just an arbitrary philosophy handed down from on high.</p>","Apologetics, Christianity, History, Essence, genius, nature, Evidence, Nonfiction, Religion & Spirituality, Essays, Christendom, Christianisme, Apologetiek, Apologetics, history, 20th century, Chesterton, g. k. (gilbert keith), 1874-1936, Christianity, essence, genius, nature, Aplogetics, Filosofia e religiao, Apologetica, Theology, Philosophy and religion, Christianity -- Essence, genius, nature"
Saint Francis of Assisi,Gilbert Keith Chesterton,1923,502618.0,history,/works/OL76399W,"G.K. Chesterton lends his witty, astute and sardonic prose to the much loved figure of Saint Francis of Assis. Grounding the man behind the myth he states ""however wild and romantic his gyrations might appear to many, [Francis] always hung on to reason by one invisible and indestructible hair....The great saint was sane....He was not a mere eccentric because he was always turning towards the center and heart of the maze; he took the queerest and most zigzag shortcuts through the wood, but he was always going home.""Review: ""his opinions shine from every page. The reader is rewarded with many fresh perspectives on Francis..."" -- Franciscan, May 2002","Biography & Autobiography, Nonfiction, Philosophy, Religion & Spirituality, Francis, of assisi, saint, 1182-1226, Psychology, Christianity, Christian saints, Biography, SANTOS, BIOGRAFIAS, Religion and politics, Saints, Sermons, Catholic church, Middle ages, Personal memoirs, Religion, Christianity - Catholic, Christianity - Catholicism"
Book of common prayer,"Church of England, J. A. Maurault",1537,5720552.0,history,/works/OL769120W,"Book of rites and prayers for use during worship. Includes Holy Communion and Evening Prayer, weddings (Holy Matrimony), Holy Baptism, funerals, ordinations of deacons, priests and bishops, dedications for churches, prayers for special occasions, and the book of Psalms. Meant for use by the priests with the congregation. The Catechism may also be included.","Anglican Communion, Bible, Book of Common Prayer, Books of hours, Catechisms, Chipewyan language, Church history, Church of England, Church of England Book of Common Prayer, Church of Ireland, Church of Scotland, Church ofIreland, Church officers, Collects, Cree language, Criticism, interpretation, Customs and practices, Dakota language, Doctrines, Early works to 1800"
De rerum natura,Titus Lucretius Carus,1486,566208.0,history,/works/OL1548597W,"This is regarded as a seminal text of Epicurean science and philosophy. Epicurians discarded both the idea of immortality and the superstitious worship of wilful gods for a life of serene contentment in the available pleasures of nature. Lucretius (c100-c55BC), in elucidating this belief, steers the reader through an extraordinary breadth of subject matter, ranging from the indestructibility of atoms and the discovery of fire to the folly of romantic love and the phenomena of clouds and rainstorms.","Latin Didactic poetry, Ancient Philosophy, Poetry, Translations into English, Translations into Italian, Philosophy, Early works to 1800, Translations into Spanish, Translations into French, Criticism and interpretation, Nature, Microbiology, Classical literature, Physics, History, Atomic theory, Philosophy of nature, Latin poetry, Greek literature, Long Now Manual for Civilization"
The Jungle Book,Rudyard Kipling,1893,3344204.0,history,/works/OL19870W,"The adventures of Mowgli, a man-child raised by wolves in the jungle, have captured the imaginations not just of children, but of all readers, for generations.","Jungles, Fiction, Juvenile fiction, Animals, Romans, nouvelles, etc. pour la jeunesse, Novela juvenil, Selvas, Animales, Jungle animals, Mowgli (Fictitious character), Boys, Short stories, Feral children, English Adventure stories, Children's stories, English, Folklore, Legends and stories of Animals, Legends, India, Wild children"
The Canterbury Tales,"Geoffrey Chaucer, John E. Cunningham, Peter Ackroyd, Ted Stearn, V. A. Kolve, Glending Olson",1478,5767180.0,philosophy,/works/OL531767W,"A collection of stories written in Middle English by Geoffrey Chaucer at the end of the 14th century. The tales (mostly in verse, although some are in prose) are told as part of a story-telling contest by a group of pilgrims as they travel together on a journey from Southwark to the shrine of Saint Thomas Becket at Canterbury Cathedral. In a long list of works, including Troilus and Criseyde, House of Fame, and Parliament of Fowls, The Canterbury Tales was Chaucer's magnum opus. He uses the tales and the descriptions of the characters to paint an ironic and critical portrait of English society at the time, and particularly of the Church. Structurally, the collection bears the influence of The Decameron, which Chaucer is said to have come across during his first diplomatic mission to Italy in 1372. However, Chaucer peoples his tales with 'sondry folk' rather than Boccaccio's fleeing nobles.","Death, English Narrative poetry, Juvenile poetry, Christian pilgrims and pilgrimages in literature, great_books_of_the_western_world, Fiction, Pilgrims and pilgrimages in literature, Storytelling in fiction, Textual Criticism, Storytelling in literature, English literature, Criticism and interpretation, Facsimiles, Water, Treasure troves, English Manuscripts, English poetry, Manuscripts, Middle Ages, Medieval Civilization"
As a man thinketh,James Allen,1902,6268048.0,philosophy,/works/OL43024W,On new thought.,"New Thought, Conduct of life, Miniature books, Specimens, Inspirational, Body, Mind & Spirit, Fiction, New Age, Inspirational - General, Self-actualization (Psychology), Thought and thinking, Philosophy, Nonfiction, Ethics, Religion & Spirituality, Self-Improvement, Self-help techniques, Psychology, Success in business, Success"
Tao te Ching,老子,1842,662232.0,philosophy,/works/OL45499W,"""Within ancient Chinese, a sole character possesses a broad, and sometimes contradictory, range of meanings. Moreover, the Tao Te Ching is rife with terms and expressions that have no exact counterpart in English. So while the Tao Te Ching ranks behind only the Bible as the most widely translated book in the world, it remains one of the least understood."".

""Jonathan Star's Tao Te Ching: The Definitive Edition helps remedy this situation. The distinction of this new edition is that it supplies readers with the first comprehensive verbatim translation, which can be used to explore the multiple meanings contained in the Chinese characters. This unique tool gives readers direct access to the text and a way to understand the different interpretations put forth by modern-day translators.

Perhaps most important, the verbatim translation gives each reader the ability to penetrate the inner meaning of the text and come up with his or her own personal interpretation.""--BOOK JACKET.","Chinese Philosophy, Chinese language materials, Peace, Tao, Taoism, Ouvrages avant 1800, Taoïsme, Religion, Asian Philosophy, Philosophy, New Age, General, Religion / Eastern, Mind, body, spirit: disciplines & techniques, Body, Mind & Spirit, Religion - World Religions, Spiritualism - General, BG-JUVENILE PROP - BG-JUVY ACTIVITY, Body, Mind & Spirit / Spiritualism, Religion - Commentaries / Reference"
Meditations,Marcus Aurelius,1626,211529.0,philosophy,/works/OL1317211W,"Meditations is a collection of personal reflections and notes by the Roman Emperor Marcus Aurelius (reigned 161 to 180 AD), offering a profound look into the philosophy of Stoicism. It was never intended for publication, making it a raw and intimate self-help manual for the emperor during his campaigns and rule. The central theme revolves around living a good, rational, and virtuous life in harmony with nature and the cosmos.
Aurelius continually reminds himself that everything in the universe is constantly changing and fleeting, urging the reader to accept the impermanence of life and the inevitability of death. He stresses the importance of focusing on what one can control—namely, their own thoughts and actions—and accepting everything else with tranquility, including the behavior of others and external events. This inner fortress of the mind is the only true source of peace.
The book emphasizes duty and service to the greater community. As a rational being, one's purpose is to act justly and benevolently towards fellow humans. Aurelius encourages practicing humility, rising above petty insults, and viewing difficulties as opportunities for growth and the exercise of virtue. He advocates for an objective, detached perspective on all things, stripping away subjective judgment to see the world as it truly is. Ultimately, Meditations is a powerful, timeless guide on how to face adversity, manage emotions, maintain personal integrity, and find contentment through disciplined, rational self-examination and adherence to virtue.","Philosophy, Nonfiction, Classics, Self-Help, Ethics, Early works to 1800, Conduct of life, Ancient Philosophy, Stoics, Life"
Also sprach Zarathustra,Friedrich Nietzsche,1883,1017466.0,philosophy,/works/OL98130W,"A landmark work of philosophy and of literature, Thus Spoke Zarathustra is the fullest expression of Nietzche's belief that ""the object of mankind should lie in its highest individuals."" In his thirtieth year Zarathustra - the archetypal Ubermensch representative of supreme passion and creativity - abandons his home for the mountains, where he lives, literally and figuratively, on a level of experience far above the conventional standards of good and evil. The exuberant, poetic testimony of Nietzche's great messianic hero (and alter ego) is a vivid demonstration of the philosopher's genius. Walter Kaufmann's celebrated translation - hailed by Newsweek for its ""incandescent splendor of language""--Has gained general recognition as the most authoritative version of Zarathustra existing in English.","Classic Literature, Fiction, Filosofie, Filosofía, German Philosophy, German language, Philosophy, Superhombre (Concepto filosófico), Superman, Superman (Philosophical concept), Classic, Filosofia contemporanea, Nietzche, friedrich wilhelm, Nietzsche, friedrich wilhelm, 1844-1900, German language, conversation and phrase books, Philosophy, german, Also sprach Zarathustra (Nietzsche, Friedrich Wilhelm), Filosofía alemana, Antropologia filozoficzna, Filozofia"
La Poetica,Aristotle,1479,129771.0,philosophy,/works/OL151515W,"Few, if any, writers in history have made major contributions to as many fields of knowledge as Aristotle...

'If there are two definitive features of ancient Greek civilization,' writes Hugh Lawson-Tancred in his wide-ranging Introduction, 'they are articulacy and competition.' In the city-states oratorical competence was an essential asset for politicians in the Assemblies and Councils and even for ordinary citizens in the courts of law. In response, the technique of rhetoric rapidly developed, bringing virtuoso performances and a host of practical manuals for the layman. Yet if many of these were little more than collections of debaters' tricks, the hugely influential Art of Rhetoric has a far deeper purpose. It is here that Aristotle (384-322 B.C.) establishes the methods of informal reasoning, provides the first aesthetic evaluation of prose style and offers detailed observations on character and the emotions. 'Persuasiveness,' suggests Lawson-Tancred, 'becomes for the first time a systematic and even scientific exercise; it can indeed be taught, but only by a deep grasp of some of the most central features of human nature.' His fine translation makes freshly available an epoch-making work of literary criticism.","Metaphysics, Early works to 1800, Metaphysica (Aristoteles), Rhetoric, ancient, Ethics, greece, Athens (greece), politics and government, Meteorology, early works to 1800, Aristotle, Philosophers, greece, Astronomy, early works to 1800, Animal locomotion, Philosophy, ancient, Rhetoric, Poetry, early works to 1800, Aesthetics, early works to 1800, Ancient Rhetoric, Poetry, Aesthetics, Esztétika, Irodalomelmélet"
The Book of Tea,Okakura Kakuzō,1900,8245415.0,philosophy,/works/OL7095112W,"Tea began as a medicine and grew into a beverage. In China, in the eighth century, it entered the realm of poetry as one of the polite amusements. The fifteenth century saw Japan ennoble it into a religion of aestheticism - Teaism. Teaism is a cult founded on the adoration of the beautiful among the sordid facts of everyday existence. It inculcates purity and harmony, the mystery of mutual charity, the romanticism of the social order.","Japanese tea ceremony, Social life and customs, Tea, Philosophy, Chadō, Fiction, Cooking & Food, New Age, Classic Literature, Nonfiction, Manners and customs, Theeceremonie, Japan, social life and customs, Eastern, Culture traditionnelle, Philosophie, Thé, Cérémonie japonaise du thé, Cérémonie du thé, Mœurs et coutumes"
On Liberty,John Stuart Mill,1859,966821.0,philosophy,/works/OL1068091W,Book digitized by Google from the library of the New York Public Library and uploaded to the Internet Archive by user tpb.,"Liberté, Morale, Politique, Liberty, Women's rights, Women, Social and moral questions, Representative government and representation, Utilitarianism, Nature, Social conditions, Nonfiction, Philosophy, Politics, Democracy, Woman, Mill, John Stuart, 1806-1873, Libéralisme, Théorie politique, Political science"
Confessions,Augustine of Hippo,1482,9022521.0,philosophy,/works/OL137872W,"Garry Wills’s complete translation of Saint Augustine’s spiritual masterpiece—available now for the first time Garry Wills is an exceptionally gifted translator and one of our best writers on religion today. His bestselling translations of individual chapters of Saint Augustine’s Confessions have received widespread and glowing reviews. Now for the first time, Wills’s translation of the entire work is being published as a Penguin Classics Deluxe Edition. Removed by time and place but not by spiritual relevance, Augustine’s Confessions continues to influence contemporary religion, language, and thought. Reading with fresh, keen eyes, Wills brings his superb gifts of analysis and insight to this ambitious translation of the entire book. “[Wills] renders Augustine’s famous and influential text in direct language with all the spirited wordplay and poetic strength intact.”—Los Angeles Times“[Wills’s] translations . . . are meant to bring Augustine straight into our own minds; and they succeed. Well-known passages, over which my eyes have often gazed, spring to life again from Wills’s pages.”—Peter Brown, The New York Review of Books“Augustine flourishes in Wills’s hand.”—James Wood“A masterful synthesis of classical philosophy and scriptural erudition.”—Chicago Tribune","Religious aspects of Truth, Christian saints, Christianity, Spiritual life, Religion & Spirituality, Bishop of Hippo, Hippo, Collected works, Christian life, Early church, Inspiration, Bishops, Theology, Mass, Truth, Time, Extinct city, Catholic Church, Early works to 1800, Nonfiction"
Nicomachean Ethics,Aristotle,1558,12593945.0,philosophy,/works/OL8273964W,"An detailed examination of what the best life might be for human beings.  In order to anwer this question, Aristotle finds he also has to examine what virtue itself is and all of the various virtues that might make up the best life.","Ethics, Early works to 1800, Morale ancienne, Ouvrages avant 1800, Filosofia grega, Filosofia antiga, Ética, Views on friendship, Aristotle, Éthique, Ancient Ethics, Friendship, great_books_of_the_western_world, Virtue, Political science, History, Auction bridge, Ethics., open_syllabus_project, Greek Ethics"
Jenseits von Gut und Böse,Friedrich Nietzsche,1885,8245356.0,philosophy,/works/OL98174W,"Since the French Revolution the influence of woman in Europe has DECLINED in proportion as she has increased her rights and claims; and the ""emancipation of woman,"" insofar as it is desired and demanded by women themselves (and not only by masculine shallow-pates), thus proves to be a remarkable symptom of the increased weakening and deadening of the most womanly instincts.","Ethics, Philosophy, Translations into English, Good and evil., German Philosophy, Asceticism, Good and evil, Nonfiction, open_syllabus_project, Continental european drama (dramatic works by one author), Philosophy, German, Morale, Philosophie, Ethics (philosophy), History & Surveys, Modern, Good & evil, Modern Philosophy"
Pensées,"Blaise Pascal, Philippe Sellier, William Finlayson Trotter, T. S. Eliot, Blaise Perier, Margival Henri, H. F. Stewart",1670,6550324.0,philosophy,/works/OL1262495W,"""Blaise Pascal, the precociously brilliant contemporary of Descartes, was a gifted mathematician and physicist, but it is his unfinished apologia for the Christian religion upon which his reputation now rests. The Pensees is a collection of philosophical fragments, notes and essays in which he explores the contradictions of human nature in psychological, social, metaphysical and, above all, theological terms. Mankind emerges from Pascal's analysis as a wretched and desolate creature within an impersonal universe, but also as a being whose existence can be transformed through faith in God's grace. This masterly translation conveys Pascal's disarmingly personal tone and captures all the fire and passion of the original. Also contained in this volume are a comparison between different editions, appendices and a bibliography."". - Back Cover.","Apologetic works, Apologetics, Apologétique, Auteurs catholiques, Catholic Church, Catholic Church - Apologetic works, Catholic Church - Doctrinal and controversial works, Catholic Church - Doctrines, Catholic authors, Christianity, Controversial literature, Controversial works, Crypts, Doctrinal and controversial works, Doctrines, Early works to 1800, Grace (Theology), History, Human beings, Jansenists"
Der Antichrist,Friedrich Nietzsche,1895,1759313.0,philosophy,/works/OL15692719W,"""Here is Friedrich Nietzsche's great masterpiece The Anti-Christ, wherein Nietzsche attacks Christianity as a blight on humanity. This classic is essential reading for anyone wishing to understand Nietzsche and his place within the history of philosophy ...""--Description from www.amazon.com","Christianity, Controversial literature, Antichrist, Christianity, controversial literature, Philosophy, Religion, Large type books, Aesthetics, Biografía, Biography, Biography & Autobiography, Ethics, Filósofos, Greek drama (Tragedy), History and criticism, Music, Nonfiction, Philosophers, Philosophy and aesthetics, Psychology"
The Golden Bough,James George Frazer,1890,8876695.0,philosophy,/works/OL1159648W,"Wikipedia - ""The Golden Bough: A Study in Comparative Religion (retitled The Golden Bough: A Study in Magic and Religion in its second edition) is a wide-ranging, comparative study of mythology and religion, written by the Scottish anthropologist Sir James George Frazer. The Golden Bough was first published in two volumes in 1890; in three volumes in 1900; and in twelve volumes in the third edition, published 1906–1915. It has also been published in several different one-volume abridgments. The work was for a wide literate audience raised on tales as told in such publications as Thomas Bulfinch's The Age of Fable, or Stories of Gods and Heroes (1855). The influence of The Golden Bough on contemporary European literature and thought has been substantial.""","Mythology, Magic, Superstition, Religion, Primitive Religion, Magie, Literature and anthropology, Mythologie, Mythology in literature, Folklore, Superstitions, History, Classic Literature, open_syllabus_project, Magia, Superstición, Primary Health Care, Athletic Injuries, Sports Medicine, Religión primitiva"
Συμπόσιον,Plato,1559,14398918.0,philosophy,/works/OL51815W,"One of the most famous works of literature in the Western world, Plato's Symposium is also one of the most entertaining. The scene is a dinner party in Athens in 416 B.C. at which the guests - including the comic poet Aristophanes and Plato's mentor, Socrates - playfully discuss the nature of eros, or love. By turns earthly and sublime, the dialogue culminates with Socrates's famous account of the ""ladder of love,"" an extended analysis of the many forms of eros.

The evening ends with a speech by the drunken Alcibiades, the most popular and powerful Athenian of the day, who insists on praising Socrates rather than love, offering up a brilliant character sketch of the enigmatic philosopher.

This Modern Library edition is the authoritative translation by Benjamin Jowett, substantially revised by Dr. Hayden Pelliccia, associate professor of classics at Cornell University. This revised translation takes into account advances in scholarship since Jowett's day and modernizes the Victorian English where it is coy or archaic. The result is a translation neither too colloquial nor too literal, one that is faithful to both Jowett's superb prose and Plato's matchless original.","Love, Early works to 1800, Soul, Rhetoric, Religious aspects of Love, Christianity, Platonic love, Influence, Ancient Rhetoric, Immortality (Philosophy), Philosophy, Theory of Knowledge, Socrate, Mythology, Amour, Imaginary conversations, American drama (dramatic works by one author), Socrates, drama, Ouvrages avant 1800, Filosofia antiga"
Dialogues Concerning Natural Religion,David Hume,1779,5704676.0,philosophy,/works/OL93568W,"Dialogues Concerning Natural Religion is a philosophical work by the Scottish philosopher David Hume. Through dialogue, three fictional characters named Demea, Philo, and Cleanthes debate the nature of God's existence. While all three agree that a god exists, they differ sharply in opinion on God's nature or attributes and how, or if, humankind can come to knowledge of a deity.

In the Dialogues, Hume's characters debate a number of arguments for the existence of God, and arguments through which we may come to know the nature of God. Such topics debated include the argument from design -- for which Hume uses the example of a house -- and whether there is more suffering or good in the world.","Natural theology, Early works to 1800, Early works to 1900, Religion, Intellectual life, Philosophy, Théologie naturelle, Scottish Philosophy, Enlightenment, History, open_syllabus_project, Natural theology -- Early works to 1800, Hume, david, 1711-1776"
An essay on man,Alexander Pope,1733,14538511.0,philosophy,/works/OL79353W,"""Voltaire called it ""the most sublime didactic poem ever written in any language."" Rousseau rhapsodized about its intellectual consolations. Kant recited long passages of it from memory during his lectures. And Adam Smith and David Hume drew inspiration from it in their writings. This was Alexander Pope's Essay on Man (1733-34), a masterpiece of philosophical poetry, one of the most important and controversial works of the Enlightenment, and one of the most widely read, imitated, and discussed poems of eighteenth-century Europe and America. This volume, which presents the first major new edition of the poem in more than fifty years, introduces this essential work to a new generation of readers, recapturing the excitement and illuminating the debates it provoked from the moment of its publication. Echoing Milton's purpose in Paradise Lost, Pope says his aim in An Essay on Man is to ""vindicate the ways of God to man""--To explain the existence of evil and explore man's place in the universe. In a comprehensive introduction, Tom Jones describes the poem as an investigation of the fundamental question of how people should behave in a world they experience as chaotic, but which they suspect to be orderly from some higher point of view. The introduction provides a thorough discussion of the poem's attitudes, themes, composition, context, and reception, and reassesses the work's place in history. Extensive annotations to the text explain references and allusions. The result is the most accessible, informative, and reader-friendly edition of the poem in decades and an invaluable book for students and scholars of eighteenth-century literature and thought.""--","Poetry, Human beings, English Philosophy, Theological anthropology, Christianity, Facsimiles, English Manuscripts, Man (Christian theology), Translations from English, German poetry, English poetry, 18th century, Translations into German, Manuscripts, Philosophy, british, Poetry (poetic works by one author), Philosophical anthropology, Philosophie anglaise, Poésie, Homme"
Anthem,"Ayn Rand, classics jifara, Spectrum Spectrum Classics",1936,802982.0,philosophy,/works/OL731737W,"Anthem is a tale of a future dark age of the great “we” – a world that deprives individuals of name, independence, and values.

He lived in the dark ages of the future. In a loveless world he dared to love the woman of his choice. In an age that had lost all traces of science and civilization he had the courage to seek and find knowledge. But these were not the crimes for which he would be hunted He was marked for death because he had committed the unpardonable sin: He had stood forth from the mindless human herd. He was alone.","Fiction, Individuality, Time travel in fiction, Individuality in fiction, collectivism, Time travel, Psychology, Men, Men in fiction, Man-woman relationships, Man-woman relationships in fiction, American fiction (fictional works by one author), Fiction, psychological, Fiction, science fiction, general, Fiction, dystopian, Fiction, historical, general, Individualism, FICTION / Classics, FICTION / Literary, FICTION / Political"
A Room of One's Own,Virginia Woolf,1929,6559057.0,philosophy,/works/OL39379W,"A Room of One's Own is an extended essay by Virginia Woolf. First published on 24 October 1929, the essay was based on a series of lectures she delivered at Newnham College and Girton College, two women's colleges at Cambridge University in October 1928. While this extended essay in fact employs a fictional narrator and narrative to explore women both as writers of and characters in fiction, the manuscript for the delivery of the series of lectures, titled ""Women and Fiction"", and hence the essay, are considered non-fiction. The essay is generally seen as a feminist text, and is noted in its argument for both a literal and figural space for women writers within a literary tradition dominated by patriarchy.","Authorship, Economic conditions, Feminism, Feminist theory, Femmes, Femmes dans la littérature, Femmes écrivains, Histoire, Histoire et critique, History, History and condition of women, History and criticism, Literature, Peace, Roman anglais, Sex differences, Social conditions, Theory, War, Women"
Essais,"Montaigne, Michel de",1600,104154.0,philosophy,/works/OL1086528W,"The complete essays of Michel de Montaigne, 1533-1592.","Translations into Chinese, Philosophy, French essays, Translations into English, Montaigne, Michel de, 1533-1592, great_books_of_the_western_world, Philosophers, Education, great_books, Marriage, History and criticism, Humanity, Christianity, Littérature française, Manuels d'enseignement secondaire, Deuxième cycle, Cannibalisme, Civilisation, Correspondence, Personal correspondence"
Φαίδων,Plato,1713,14400104.0,philosophy,/works/OL51805W,"After an interval of some months or years, and at Phlius, a town of Peloponnesus, the tale of the last hours of Socrates is narrated to Echecrates and other Phliasians by Phaedo the 'beloved disciple.'  The Dialogue necessarily takes the form of a narrative, because Socrates has to be described acting as well as speaking.  The minutest particulars of the event are interesting to distant friends, and the narrator has an equal interest in them.","Immortality, Immortality (Philosophy), Early works to 1800, Biblioteca Nacional (Spain), Ouvrages avant 1800, Immortalité (Philosophie), Phaedo (Plato), Classic Literature, Fiction, Philosophy, ancient, Nonfiction, Philosophy, Criticism and interpretation, Immortality., Ancient Philosophy, Soul, History & surveys, Immortality (philosophy)--early works to 1800, Pa4279.p3 p39 1993, 184"
The Problems of Philosophy,Bertrand Russell,1900,6947403.0,philosophy,/works/OL1088577W,"In the following pages I have confined myself in the main to those problems of philosophy in regard to which I thought it possible to say something positive and constructive, since merely negative criticism seemed out of place. For this reason, theory of knowledge occupies a larger space than metaphysics in the present volume, and some topics much discussed by philosophers are treated very briefly, if at all.","Philosophy, Introductions, Theory of Knowledge, Metaphysics, Nonfiction, Métaphysique, Philosophie, open_syllabus_project, Philosophy, modern, 20th century, Philosophy, introductions, Knowledge, theory of, Philosophy, british, Conocimiento, Teoría del, Metafísica, Political science, General, Psychology"
Summa Theologica,"Thomas Aquinas, Kennedy, Daniel Joseph, 1862-1930",1467,8236222.0,philosophy,/works/OL15314568W,"Thomas's magnum opus, comprising a systematic integration of Aristotelian philosophy with Christianity. Covers topics such as the nature and existence of God, human nature, law and morality and the relationship of God, world and humans.","Anthropology, Attributes, Catholic Church, Catholic Theology, Catholic authors, Christian ethics, Christianity, Christianity and law, Christianity and law., Collected works, Controversial literature, Creation, Doctrinal Theology, Doctrinal and controversial works, Doctrines, Dominicans, Dominicans. English Province, Early works to 1800, Early works to 1900, Earlyworks to 1800"
Civil Disobedience,Henry David Thoreau,1800,12679584.0,philosophy,/works/OL55631W,"Written with the motto ""that government is best that governs least"", when men are ready for it, that will be the kind of government we will have. This book tries to tell us to think for ourselves. This is a Must Read for anyone anti-government. Please note: This book is in easy to read true text, not scanned images that can sometimes be difficult to decipher. This e-Book is printable.","Résistance au gouvernement, Resistance to Government, Désobéissance civile, [document], Abolitionnisme, Gouvernement, Résistance au, Document, American Authors, Biography, Civil disobedience, Government, Resistance to., Homes and haunts, Natural history, Social life and customs, Solitude, Wilderness areas, Civil rights, Nonfiction, Politics, Essays"
Bushidō,"Inazo Nitobe, Stefano Daniel, Alberto Ragagnin, Gonzalo JIMENEZ DE LA ESPADA, Peter R. Prifti, Daniel Herwitz, José Javier Fuente del Pilar, Ricard Vela Pàmies, Z. Ferri",1899,3354324.0,philosophy,/works/OL1154715W,"RELIGION: GENERAL. Bushido is the chivalric code of moral principles that the Samurai followed. Influenced by Confucianism, Shinto and Zen Buddhism, it tempers the violence of a warrior with wisdom and serenity. This book has become influential among military and corporate leaders looking for ways to manage their people and  overcome their opponents. Beautifully produced in traditional Chinese binding and with a timeless design, this book includes the classic Inazo text with a new introduction.","Bushido, Nonfiction, Philosophy, Vida social y costumbres, Military History, Samurai, Bj971.b8 n57 2004, 170/.44/0952, Christ, Japanese morality, Social life and customs, Civilization, Japanese Philosophy, Ethics, Manners and customs, History, Japan, history, Japan, social life and customs, Ethics, japan, Conduct of life"
Poetics,Aristotle,1536,6528920.0,philosophy,/works/OL13703833W,"One of the first books written on what is now called aesthetics. Although parts are lost (e.g., comedy), it has been very influential in western thought, such as the part on tragedy.","Early works to 1800, Aesthetics, Poetry, Poetics, Philosophy and esthetics, Style, Ancient Rhetoric, Greek language, Technique, Drama, Greek literature, Philosophy and aesthetics, Theory, Literary form, History and criticism, Translations into English, Early works to1800, Ancient Aesthetics, The Sublime, Spurious and doubtful works"
The Seven Lamps of Architecture,John Ruskin,1800,5790382.0,philosophy,/works/OL88638W,"Beauty, life, memory, obedience, power, sacrifice, and truth – these are the seven lamps of architecture. In this illustrated edition, Ruskin explains that the value of architecture hinges on both “the image it bears of the natural creation” and “the impression it receives from human power.”First published in 1880, The Seven Lamps of Architecture remains a primary reference on design at the turn of the nineteenth century while also establishing in print key elements of architecture that continue to be relevant today.","Architecture, Athena (Greek deity), Conduct of life, Crystallography, Greek Art, Painting, Philosophy, Pre-Raphaelitism, Art, Nonfiction, Essays (single author)"
Les confessions,Jean-Jacques Rousseau,1782,6371045.0,philosophy,/works/OL80592W,"Je forme une entreprise qui n'eut jamais d'exemple, et dont l'execution n'aura point d'imitateur. Je veux montrer a mes semblables un homme dans toute la verite de la nature; et cet homme, ce sera moi. Moi seul. Je sens mon coeur, et je connais les hommes. Je ne suis fait comme aucun de ceux que j'ai vus; j'ose croire n'etre fait comme aucun de ceux qui existent. Si je ne vaux pas mieux, au moins je suis autre. Si la nature a bien ou mal fait de briser le moule dans lequel elle m'a jete, c'est ce dont on ne peut juger qu'apres m'avoir lu. Que la trompette du jugement dernier sonne quand elle voudra, je viendrai, ce livre a la main, me presenter devant le souverain juge. Je dirai hautement: Voila ce que j'ai fait, ce que j'ai pense, ce que je fus. J'ai dit le bien et le mal avec la meme franchise. Je n'ai rien tu de mauvais, rien ajoute de bon; et s'il m'est arrive d'employer quelque ornement indifferent, ce n'a jamais ete que pour remplir un vide occasionne par mon defaut de memoire. J'ai pu supposer vrai ce que je savais avoir pu l'etre, jamais ce que je savais etre faux. Je me suis montre tel que je fus: meprisable et vil quand je l'ai ete; bon, genereux, sublime, quand je l'ai ete: j'ai devoile mon interieur tel que tu l'as vu toi-meme. Etre eternel, rassemble autour de moi l'innombrable foule de mes semblables; qu'ils ecoutent mes confessions, qu'ils gemissent de mes indignites, qu'ils rougissent de mes miseres. Que chacun d'eux decouvre a son tour son coeur au pied de ton trone avec la meme sincerite, et puis qu'un seul te dise, s'il l'ose: je fus meilleur que cet homme-la.","French Authors, Biography, Correspondence, Critique et interprétation, Childhood and youth, Jacques, 1712-1778. Les confessions, Jean Rousseau, Rousseau, Jean Jacques, 1712-1778, Classic Literature, Fiction, Philosophers, Autobiography, Authors, French, Enfance et jeunesse, [manuel], Manuel, Lehrmittel, Französischunterricht, Rousseau, Jean-Jacques, Les confessions 1,1-4"
Picasso,"Pablo Picasso, Jean-Louis Andral, Pierre Daix",1926,2238306.0,philosophy,/works/OL145191W,"In 1946, when Picasso received the offer to use one of the great rooms in the castle at Antibes as a studio, he exclaimed enthusiastically: “I'm not only going to paint, I'll decorate the museum too.” The result was a series of paintings and drawings that reflected the jubilant spirit, the joie de vivre, of a country that was free once more. Picasso later added sculptures, graphic works, and ceramics to this collection, forming the basis for what would be France's first museum dedicated to him, inaugurated in 1966 as Musée Picasso, Antibes.This catalog, published in conjunction with the exhibition of Palazzo Grassi, comprises a great selection of the most outstanding works from the Musée Picasso of Antibes, a large number of which have never been shown beyond the museum's walls. These include the murals La Joie de Vivre, 1946, The Sea Urchin Eater, 1946, and the impressive sculpture Head of Woman with Chignon, 1932. Featuring paintings, drawings, sculptures, and ceramics, the works illustrate a splendid period in Picasso's artistic career. The volume also includes a selection of photographs of Picasso by Polish artist Michel Sima, which portray the context in which Picasso created the works.","20th century, Amsterdam (Netherlands), Amsterdam (Netherlands). Stedelijk Museum, Animals, Animals in art, Anniversaries, Art, Art collections, Avant-garde (Aesthetics), Ballet, Bullfighters in art, Bullfights in art, Bulls in art, Catalogs, Ceramic sculpture, Ceramics, Contributions in theater, Costume, Crawford Municipal Art Gallery, Criticism and interpretation"
Gorin no sho,Miyamoto Musashi,1963,6621293.0,philosophy,/works/OL3946622W,"A psychological guide to strategy applicable to business, philosophy, or martial arts, written by sixteenth-century warrior Miyamoto Musashi as a means of explaining his success as a practitioner of Japanese swordfighting, or Kendo.","Biography, Bushido, Ciencia militar, Early works to 1800, Kendo, Management, Martial arts, Military art and science, Military science, Obras anteriores a 1800, Swordplay, Swordsmen, Art et science militaires, Ouvrages avant 1800, Literary Collections, New Age / Body, Mind & Spirit, Spanish: Adult Nonfiction, Occultism, Cults, Religion - General"
The Theory of the Leisure Class,Thorstein Veblen,1899,5815298.0,philosophy,/works/OL1868441W,"Considered the first in-depth critique of consumerism, economist Thorstein Veblen's 1899 book The Theory of the Leisure Class has come to be regarded as one of the great works of economic theory. Using contemporary and anthropological accounts, Veblen held that our economic and social norms are driven by traces of our early tribal life, rather than ideas of utility.","Leisure class, Philosophy, Economics, Business, Nonfiction, Sociology, Classe oisive, Classes sociales, Soziologie, Prestige, Gesellschaftskritik, Economia, Consommation (Économie politique), Richesse, Aspect moral, SOCIAL SCIENCE, Social Classes, Sociale klassen, Consumentisme, Economische ontwikkeling"
Ἀπολογία Σωκράτους,Plato,1675,14407561.0,philosophy,/works/OL51948W,"There is a well-known saying that the whole of Western Philosophy is footnotes of Plato. This is because his writings have set the schema that philosophy can be said to have followed ever since. Following the teachings of Socrates, Plato's works are among the world's greatest literature. The Apology is the speech made by Socrates in his own defence at his trail, and his justification for his life.Please Note:  This book is easy to read in true text, not scanned images that can sometimes be difficult to decipher.  The Microsoft eBook has a contents page linked to the chapter headings for easy navigation. The Adobe eBook has bookmarks at chapter headings and is printable up to two full copies per year","Nonfiction, Philosophy, Sophists (Greek philosophy), Filosofía griega, History & Surveys, Ancient & Classical, Philosophie, Fiction, historical, general, Socrates., Language and languages, study and teaching, Plato, Socrates, Spirituality, Philosophy, ancient, Criticism and interpretation, Immortality, Trials, litigation"
Πολιτικά (Politiká),Aristotle,1492,1277085.0,philosophy,/works/OL16247898W,"""This new translation of one of the fundamental texts of Western political thought combines strict fidelity to Aristotle's Greek with a contemporary English prose style. Lord's intention throughout is to retain Aristotle's distinctive style. The accompanying notes provide literary and historical references, call attention to textual problems, and supply other essential information and interpretation. A glossary supplies working definitions of key terms in Aristotle's philosophical-political vocabulary as well as a guide to linguistic relationships that are not always reflected in equivalent English terms. Lord's extensive introduction presents a detailed account of Aristotle's life in relation to the political situation and events of his time and then discusses the problematic character and history of Aristotle's writings in general and of the Politics in particular. Lord also outlines Aristotle's conception of political science, tracing its relation to theoretical science on the one hand and to ethics on the other. In conclusion, he briefly traces the subsequent history and influence of the Politics up to modern times.""--Publisher's description.","Politics and government, Incunabula, Aesthetics, Économie politique, Theory, Literary form, History and criticism, Poetry, great_books_of_the_western_world, Constitution of Athens, Early works to 1800, Early works to 1700, Political science, Aspect sociologique, Greek literature, Long Now Manual for Civilization, Greek language materials, Science politique, Ouvrages avant 1700, Politieke theorieen"
Γοργίας,Plato,1827,14372952.0,philosophy,/works/OL51785W,"There is a well-known saying that the whole of Western Philosophy is footnotes of Plato. This is because his writings have set the schema that philosophy can be said to have followed ever since. Following under the teachings of Socrates, Plato's works are among the world's greatest literature. In the Gorgias, as in nearly all the other dialogues of Plato, we are made aware that formal logic has as yet no existence. The dialogue naturally falls into three divisions, to which the three characters of Gorgias, Polus, and Callicles respectively correspond; and the form and manner change with the stages of the argument.Please Note:  This book is easy to read in true text, not scanned images that can sometimes be difficult to decipher.  The Microsoft eBook has a contents page linked to the chapter headings for easy navigation. The Adobe eBook has bookmarks at chapter headings and is printable up to two full copies per year.","Classic Literature, Fiction, Early works to 1800, Ethics, Political science, Ancient Philosophy, great_books_of_the_western_world, open_syllabus_project, Love, Greek language materials, Political science, early works to 1800, Rhetoric, Morale, Ouvrages avant 1800, Science politique, Gorgias (Plato), Philosophy, ancient, Plato, Ethics, ancient, Rhetoric, ancient"
Gitanjali (song offerings),"Rabindranath Tagore, Marie Luise Gothein, William Butler Yeats",1910,8246100.0,philosophy,/works/OL308575W,Verse rendering in Sanskrit with English translation.,"Bengali poetry, Translations into English, Translations from Bengali, English poetry, Translations into Vietnamese, Bengali Prose poems, Translations into Telugu, Poetry (poetic works by one author), Bengali poetry, translations into english, Songs, Children's songs, Translations into German, Bengali literature, Fiction, Poetry, Criticism and interpretation, Indic poetry, Yeats, W. B. (William Butler), 1865-1939, Philosophy, Poetry, collections"
Du contrat social,Jean-Jacques Rousseau,1762,6581958.0,philosophy,/works/OL80609W,"*The Social Contract*, originally published as *On the Social Contract; or, Principles of Political Right* (French: *Du contrat social; ou, Principes du droit politique*), is a 1762 French-language book by the Genevan philosopher Jean-Jacques Rousseau. The book theorizes about the best way to establish a political community in the face of the problems of commercial society, which Rousseau had already identified in his *Discourse on Inequality* (1755).

*The Social Contract* helped inspire political reforms or revolutions in Europe, especially in France. *The Social Contract* argued against the idea that monarchs were divinely empowered to legislate. Rousseau asserts that only the people, who are sovereign, have that all-powerful right. (Source: [Wikipedia](https://en.wikipedia.org/wiki/The_Social_Contract))","Peace, The State, Science politique, Economics, Early works to 1800, Fiction, Social contract, Civilization, Ciencias políticas, Political science, Obras anteriores a 1800, Contrato social, Classic Literature, Contrat social, Rousseau, Jean Jacques, 1712-1778, Political sciene, Political science, early works to 1800, Philosophy, french, Political sociology, Liberty"
Tractatus logico-philosophicus,"Ludwig Wittgenstein, Isidoro Reguera Pérez, Ivo Hernández, Spanish, Charles Ogden, David Francis Pears, Brian McGuinness, Luis Manuel Valdés Villanueva, Bertrand Russell",1921,5415771.0,philosophy,/works/OL1410381W,Wittgenstein's book about the problems of language and his attempt of describing the world and an philosophical accurate and most of all logical language.,"Analysis (Philosophy), Language, Language and languages, Language and logic, Languages, Logic, Philosophy, Semantics (Philosophy), Symbolic and mathematical Logic, Logic, symbolic and mathematical, Language and languages, philosophy, Philosophy, german, Logique symbolique et mathématique, Langage et langues, Philosophie, History & Surveys, Modern, Logica, Taalfilosofie, Wittgenstein, ludwig, 1889-1951"
Moralia,Plutarch,1500,5788251.0,philosophy,/works/OL723491W,"The Moralia of the 1st-century Greek scholar Plutarch of Chaeronea is an eclectic collection of 78 essays and transcribed speeches. They provide insights into Roman and Greek life, but often are also timeless observations in their own right.","Ancient Ethics, Ancient Philosophy, Animals (Philosophy), Biography, Early works to 1800, Ethics, Greek Oracles, Greek essays, Greek literature, Intellectual life, Latin American literature, Medieval and modern Latin literature, Oracles, Philosophy, Political science, Science, Stoics, Syriac language, Texts and translations, Translations into English"
Niebla,Miguel de Unamuno,1914,147489.0,philosophy,/works/OL503589W,"ix, 178 pages ; 20 cm","Spanish language, Readers, Fiction, Niebla (Unamuno, Miguel de), Fiction, general, NOVELAS ESPAN OLAS, NOVELAS ESPAÑOLAS, Unrequited love, Spain, fiction, Fiction, historical, Europe, fiction, Unrequited love -- Spain -- Fiction, Unamuno, miguel de, 1864-1936, Chronology, Pictorial works, Philosophy, Experimental fiction, Spanish fiction, Translations into English"
Der Zauberberg,Thomas Mann,1924,2056242.0,philosophy,/works/OL14866824W,"One of the most influential and celebrated German works of the 20th century has been newly rendered in English by Woods, twice winner of the PEN Translation Prize. First published in 1929, Mann's novel tells the story of Hans Castorp, a modern everyman who spends seven years in an Alpine sanatorium for tuberculosis patients, finally leaving to become a soldier in World War I. Isolated from the concerns of the everyday world, he is exposed to the wide range of ideas that shaped a world on the verge of explosion. Considering what was to follow, the most poignant moment comes when Naphta, a Jewish-born Jesuit, defends the use of terror and the taking of life for the sake of an all-encompassing idea. Woods's work reads more naturally than the original translation, which, while faithful to the German, was stiff and forbidding. A necessary addition to any fiction collection.","Fiction, Sanatoriums, German fiction, Translations into English, Philosophy, Civilization, Special Hospitals, Fictional Works, Tuberculosis, Continental european fiction (fictional works by one author), Fiction, coming of age, Germany, fiction, Fiction, general, Literature, Ficción, Sanatorios, German language materials, Criticism and interpretation, Health Resorts, Bildungsromans"
Essays,Francis Bacon,1618,8236351.0,philosophy,/works/OL69382W,"""Bacon's Essays have attracted an eager readership since their publication in 1625. They sum up a lifetime's observations on the whole range of human activity, by one of the keenest minds of the Renaissance. In their third and final revision Bacon designed the Essays to fill some of the gaps he had diagnosed in the study of mankind, such as the formative influences on individual behaviour of birth and temperament, of environment, social exchange, leisure, business, and politics.

Bacon's approach varies greatly from essay to essay, juxtaposing systematic analysis with brilliant apercus, in styles ranging from the detached and laconic to the passionately engaged, especially when expressing his moral beliefs.""--BOOK JACKET. ""This closely annotated edition is based on Brian Vickers's Oxford Authors text and includes appendices containing extracts from the Essays (1597), the Essays (1612) and 'Antitheses of Things' (1623).""--BOOK JACKET.","Aphorisms and apothegms, Classical Mythology, Early works to 1800, English essays, Good and evil, Logic, Methodology, Modern Philosophy, Renaissance Philosophy, Science, Translations into French, Translations into Italian, Translations into Latin (Medieval and Modern Latin), Utopias, Early modern, Philosophy, English literature, Fiction, Essays, Essays (single author)"
How to Win Friends and Influence People,Dale Carnegie,1936,13314878.0,philosophy,/works/OL1063267W,"Available for the first time ever in trade paperback, Dale Carnegie's enduring classic, the inspirational personal development guide that shows how to achieve lifelong success. One of the top-selling books of all time, ""How to Win Friends & Influence People"" has sold more than 15 million copies in all its editions.","Succès, Psychologie appliquée, Psychologie applique e., Applied Psychology, Succe  s., Success, Conduct of life, Persuasion (Psychology), Leadership, Interpersonal relations, Interpersonal communication, Éxito, Conducta (Ética), Cheng gong fa, Ren ji guan xi, Xiu shen, Succes, Psychologie appliquee, Relations humaines, Tong su du wu"
"Sesame and Lilies, three lectures","John Ruskin, Jhon Rusin",1800,526624.0,philosophy,/works/OL88547W,,"Books and reading, Conduct of life, Conduct of life., Social problems, Women, Early works to 1800, Education, Art, English literature, Decorative arts, Education of women, Femininity, Sex role, Masculinity, Economics, Greek Mythology, Early works to 1900, Ruskin, john, 1819-1900, Clouds, Essays (single author)"
"Familiar quotations; a collection of passages, phrases, and proverbs traced to their sources in ancient and modern literature",John Bartlett,1855,4991649.0,philosophy,/works/OL4095472W,"Accurate • Modern • Reliable • Convenient

♦

THE FIRST AND ONLY HANDY POCKET EDITION OF THE WORLD-FAMOUS TREASURY OF QUOTATIONS

""Everyone who puts words on paper for others to reod, everyone who ever speaks to an audience, even though it be an audience of three, needs 'Bartlett.'""

THE SHORTER BARTLETT'S FAMILIAR QUOTATIONS is a compact new edition based on one of the most treasured books in American life — BARTLETT'S FAMILIAR QUOTATIONS. As a rich and varied storehouse of the wit and wisdom of mankind Bartlett is unique. As a definitive guide and reference volume Bartlett is unsurpassed.

We can live without dictionaries or without encyclopaedias but where is the writer who can live without Bartlett's 'Familiar Quotations'? Whoever has it possesses a sure shunch' to the memory.""

The Chicago Tribune","English Quotations, Quotations, Aphorisms and apothegms, American Quotations, Nonfiction, Reference, Literature, Citations, Citations anglaises, Aphorisms and Proverbs, Engels, Zitatensammlung, Quotations,, DICTIONARY, Philosophy, English language, English literature, Reference Books, Technique, Painting"
Democracy and Education,John Dewey,1916,6738842.0,philosophy,/works/OL111359W,"Publisher description: John Dewey (1859-1952) believed that learning was active and schooling unnecessarily long and restrictive. His idea was that children came to school to do things and live in a community which gave them real, guided experiences which fostered their capacity to contribute to society. For example, Dewey believed that students should be involved in real-life tasks and challenges: maths could be learnt via learning proportions in cooking or figuring out how long it would take to get from one place to another by mule history could be learnt by experiencing how people lived, geography, what the climate was like, and how plants and animals grew, were important subjects Dewey had a gift for suggesting activities that captured the center of what his classes were studying. Dewey's education philosophy helped forward the ""progressive education"" movement, and spawned the development of ""experiential education"" programs and experiments.","Education, Philosophy, Social aspects, Social aspects of Education, Demokratische Erziehung, Democracy, Education, philosophy, Education, social aspects, Democracy and education, General"
Prince,Niccolò Machiavelli,1998,13345917.0,philosophy,/works/OL21456413W,"""The Prince"" is the most controversial book about winning power - and holding on to it - ever written. Machiavelli's tough-minded, pragmatic argument that sometimes it is necessary to abandon ethics to succeed made his name notorious. Yet his book has been read by strategists, politicians and business people ever since as the ultimate guide to realpolitik. How can a leader be strong and decisive, yet still inspire loyalty in his followers? How do you keep your enemies in check? Is it better to be feared than loved? When is it necessary to break the rules? This shrewd handbook on how power really works answers all these questions by examining regimes and their rulers around the world and throughout history, from Roman emperors to renaissance Popes, from the savagely cruel Hannibal to the utterly devious Cesare di Borgia. Tim Parks' gripping contemporary translation delivers Machiavelli's no-nonsense original straight, making it as alarming and enlightening as when it was first written.","Political science, philosophy, Political ethics, Political leadership, Political science, early works to 1800, Political science, Philosophy, Republicanism, Early works to 1800"
Walking,Henry David Thoreau,1914,10044618.0,philosophy,/works/OL55719W,"If you are ready to leave father and mother, and brother and sister, and wife and child and friends, and never see them again, - if you have paid your debts, and made your will, and settled all your affairs, and are a free man, then you are ready for a walk.Walking is an essay by American writer, naturalist and philosopher David Thoreau (1817 - 1862). Thoreau's work has made a lasting contribution to modern environmental practice, and also influenced the non-violent resistance practiced by great civilians such as Gandhi and Martin Luther King Jr.","Walking, Nature, Philosophy, Fiction, Nonfiction, Classic Literature, Fiction, historical, Iran, fiction, United states, fiction, Transportation, environmental aspects, Poetry (poetic works by one author), American literature, Thoreau, henry david, 1817-1862, Natural history, north america, Aesthetic realism, Philosophy, american"
Emile or Education,"Jean-Jacques Rousseau, Barbara Foxley, William Harold Wayne",1762,989104.0,philosophy,/works/OL80613W,"Rousseau wrote about the difficulty of being a good individual within an inherently corrupting collectivity: society. Emile deals specifically with education, and outlines a system which would allow for human goodness. He uses the fictional story of Emile and his tutor to outline his ideas. The book was banned and publicly burned on its publication, but became a European bestseller and provided a basis for new education systems.","Education, Early works to 1800, Education, early works to 1800, Collections, Philosophy, Classic Literature, Essays, Fiction, Nonfiction, Éducation, Ouvrages avant 1800, ÂEducation, Philosophy, french, Periodicals, History, Education--early works to 1800, Lb512 .e5 1979"
Mutual Aid,Peter Kropotkin,1891,10128573.0,philosophy,/works/OL1105375W,"**Mutual Aid: A Factor of Evolution** is a 1902 collection of anthropological essays by Russian naturalist and anarchist philosopher Peter Kropotkin. The essays, initially published in the English periodical The Nineteenth Century between 1890 and 1896, explore the role of mutually-beneficial cooperation and reciprocity (or ""mutual aid"") in the animal kingdom and human societies both past and present. It is an argument against theories of social Darwinism that emphasize competition and survival of the fittest, and against the romantic depictions by writers such as Jean-Jacques Rousseau, who thought that cooperation was motivated by universal love. Instead Kropotkin argues that mutual aid has pragmatic advantages for the survival of human and animal communities and, along with the conscience, has been promoted through natural selection.

*Mutual Aid* is considered a fundamental text in anarchist communism. It presents a scientific basis for communism as an alternative to the historical materialism of the Marxists. Kropotkin considers the importance of mutual aid for prosperity and survival in the animal kingdom, in indigenous and early European societies, in the Medieval free cities (especially through the guilds), and in the late 19th century village, labor movement, and poor folk. He criticizes the State for destroying historically important mutual aid institutions, particularly through the imposition of private property.

Many biologists also consider it an important catalyst in the scientific study of cooperation.

(Source: [Wikipedia](https://en.wikipedia.org/wiki/Mutual_Aid:_A_Factor_of_Evolution))","Social institutions, Cooperation, Social groups, Sociology, Common good, Consensus (Social sciences), Mutualism, Sociologie, Groupes sociaux, Coopération, Associations, institutions, Evolution, Association and associations, Public welfare, History, Social evolution, Social justice, Mutualisme (Économie politique), Cooperative Behavior, Cultural Anthropology"
Principles of internal medicine,"Tinsley Randolph Harrison, Kurt J. Isselbacher, Eugene Braunwald, T. R. Harrison, Robert G. Petersdorf, Joseph B. Martin, Annie Ernaux, Marc Marie, Alison L. Strayer, Anthony S. Fauci, Jean D. Wilson MD, Dennis L. Kasper, Stephen L. Hauser, Dan L. Longo, J. Larry Jameson, Joseph Loscalzo, Richard M. Stone, Stephen Hauser, Jean D. Wilson, Richard K. Root, J. Jameson, Cynthia Brown, Charles M. Wiener, Robert Groysman, Groysman",1950,4945297.0,philosophy,/works/OL280577W,"This book is a treatise on all disorders & treatments in medicine. It is an authoritative & exhaustive book..basically a Bible for students of medicine. Each topic is authored by an expert in the field.It was first written & edited by Dr Harrison & Later By Dr Eugene Brunwald,Dr Isselbacher, Dr Fausi, Dr Kasper & other luminaries in the medical field. The more recent editions have been supplimented by a CD ROM with videos of examination & various test procedures which helps a physician to arrive at a diagnosis & treat the patient.","Internal medicine, Internal medicine,, Medicine, Practice, Handbooks, manuals, Interne geneeskunde, Innere Medizin, Einführung, Handbooks, medical textbook, Examination questions, Examinations, questions, Reference, Information and Interdisciplinary Subjects, Reference, Medical / Nursing, Medecine interne, Examens, questions, Mdecine interne, Philosophy, Photographic Images"
Common Sense,"Thomas Paine, Thomas Paine",1776,5921030.0,philosophy,/works/OL60358W,"Throughout history, some books have changed the world. They have transformed the way we see ourselves – and each other. They have inspired debate, dissent, war and revolution. They have enlightened, outraged, provoked and comforted. They have enriched lives – and destroyed them. Now Penguin brings you the works of the great thinkers, pioneers, radicals and visionaries whose ideas shook civilization, and helped make us who we are.","Political science, Politics and government, Monarchy, Early works to 1800, Society of Friends, Philadelphia Yearly Meeting of the Religious Society of Friends. Meeting for Sufferings, Philadelphia Yearly Meeting of the Religious Society of Friends, Society of Friends. Philadelphia Yearly Meeting, History, Society of Friends. Philadelphia Yearly Meeting. Meeting for Sufferings, Radicalism, Philosophy, Causes, Nonfiction, Politics, Classic Literature, Fiction, Quakers, open_syllabus_project, Political science, early works to 1800"
Πρωταγόρας,Plato,1828,14400094.0,philosophy,/works/OL51938W,,"Sophists (Greek philosophy), Philosophy, ancient, Plato, Early works to 1800, Ethics, Philosophy, Virtue, Fiction (fictional works by one author), Sophistes grecs, Ancient Philosophy, Platonists, E tica poli tica, Filosofi a., Filosofi a poli tica, Socrates"
"The ""genius""",Theodore Dreiser,1915,8369941.0,philosophy,/works/OL100196W,"Dreiser's semi-autobiographical novel about a young man's unhappy marriage, adulterous relationships, and struggle to retain his artistic integrity.","American fiction, Translations into Russian, Romance Norte Americano, American fiction (fictional works by one author), Philosophy, American literature, Fiction, Romans, nouvelles, Married people, Man-woman relationships, Triangles (Interpersonal relations), Art, Couples mariés, Relations entre hommes et femmes, Triangle (Relations humaines), Roman américain, Victorian Society, Painters, Artists, Relations with women"
Dei delitte e delle pene,Cesare Beccaria,1764,8553099.0,philosophy,/works/OL1223677W,Book digitized by Google from the library of Oxford University and uploaded to the Internet Archive by user tpb.,"Punishment, Crime and criminals, Capital punishment, Torture, Criminal law, Early works to 1800, Administration of Criminal justice, Criminal justice, Administration of, Philosophy, Crime, Law reform, Criminology, History, Lawyers, Sources, Biography, Criminal_Law_and_Procedure, Political science, Dueling, Politics and government"
Τίμαιος,Plato,1520,14406434.0,philosophy,/works/OL51823W,"Latin translation and commentary by Calcidius of a metaphysical dialogue of Plato, the Timaeus. For 800 years the only extensive text of Plato known in the Latin West.","Metaphysics, Early works to 1800, Cosmology, Ancient Philosophy, Philosophy, ancient, Ancient Cosmology, Philosophy, Cosmology, ancient, Political science, General, Cosmology--early works to 1800, B387.a5 k25 2001, 113, Commentaries, Nature"
Discours de la méthode,René Descartes,1644,8236442.0,philosophy,/works/OL1151518W,"By an almost universal agreement among philosophers and historians, Rene' Descartes is considered the originator of modern philosophy, or at least the first important philosopher of our times. If we add to this the common belief that philosophy points the way for developments in all other fields, it will be evident that to Descartes is ascribed an importance comparable to that of the beginnings of intellectual culture in Greece or of the origin and spread of Christianity in the Mediterranean regions, and surpassing all other events in history. The study of Descartes can start in no more appropriate way than by inquiring into his reputation, and deciding in what sense and to what extent it is justified. Discourse on Method was originally published in 1637.","Methodology, Science, Modern Philosophy, Early works to 1800, Méthodologie, Sciences, Refraction, Meteors, Geometry, First philosophy, Method (philosophical), Metodología, French Philosophy, Theory of Knowledge, Metaphysics, Meteorology, Optique, Ciencia, French language, Philosophy"
Θεαίτητος,Plato,1861,14400092.0,philosophy,/works/OL51854W,"Some dialogues of Plato are of so various a character that their relation to the other dialogues cannot be determined with any degree of certainty. The Theaetetus, like the Parmenides, has points of similarity both with his earlier and his later writings.  The perfection of style, the humour, the dramatic interest, the complexity of structure, the fertility of illustration, the shifting of the points of view, are characteristic of his best period of authorship.","Theory of Knowledge, Ancient Philosophy, Early works to 1800, Collected works, Philosophy, Classic Literature, Fiction, Knowledge, theory of, Epistemology, Fluid dynamic measurement, Congresses"
Philosophical essays concerning human understanding,David Hume,1900,314112.0,philosophy,/works/OL93547W,"""Over a series of elegantly written, engaging essays, the Enquiry examines the experiential and psychological sources of meaning and knowledge, the foundations of reasoning about matters that lie beyond the scope of our sensory experience and memory, the nature of belief, and the limitations of our knowledge. The positions Hume takes on these topics have been described as paradigmatically empiricist, sceptical, and naturalist and have been widelyinfluential and even more widely decried. The introduction to this eiditon discusses the Enquiry's origin, evolution, and critical reception, while appendices provide examples of contemporary responses to Hume""--Page 4 of cover.","Theory of Knowledge, Ethics, Early works to 1800, English Philosophy, Conocimiento, teoría del, Ouvrages avant 1800, Philosophy, Anthropologie philosophique, Anthropology, Kennistheorie, Theorie de la Connaissance, Knowledge, theory of, Connaissance, Théorie de la, Ética, Filosofía, Teoría del conocimiento, Théorie de la connaissance, Philosophy and religion, Free will and determinism, Morale"
Kokuritsu Kokkai Toshokan shozō Meijiki kankō tosho maikuro-ban shūsei,Kokuritsu Kokkai Toshokan (Japan),1991,,philosophy,/works/OL33207850W,,"Art, Sculpture, Seals (Numismatics), Painting, Calligraphy, Photography, Printing, Handicraft, Design, Music, Dance, Theater, Nō, Utai, Japanese tea ceremony, Japanese Flower arrangement, Go (Game), Shogi, Recreation, Monographic series"
Kritik der reinen Vernunft,Immanuel Kant,1781,1994279.0,philosophy,/works/OL99844W,"One of the central texts of western philosophy and an effort to connect Newtonian physics with the best of Continental rationalism and empiricism.  Its writing was inspired by the skeptic David Hume waking Kant from his ""dogmatic slumbers.""","Reason, Causation, Theory of Knowledge, Philosophy, Early works to 1800, History, Sociology of Knowledge, Raison, Collected works, Systems and collected works, Causalité, Systems and coll. works, Connaissance, Théorie de la, Analysis (Philosophy), Long Now Manual for Civilization, Knowledge, Causalite, Theorie de la Connaissance, Knowledge, theory of, Philosophie"
The Story of Philosophy,"Will Durant, 讀書新聞社",1926,405360.0,philosophy,/works/OL1073898W,"Includes chapters on Plato, Aristotle, Francis Bacon, Spinoza, Voltaire, Kant, and Nietzsche.","Philosophers, Philosophy, History, Biography, Philosophie, Philosophes, Philosophy, dictionaries, Philosophy, history, Nonfiction, Classics"
Μένων,Plato,1869,14400095.0,philosophy,/works/OL51940W,Text and essays edited by Malcom Brown: St. Augustine / From On the teacher ; G.W. Leibniz / From Discourse on metaphysics ; Friedrich Nietzsche / From Introduction to the study of the Platonic dialogues ; F.M. Cornford / Anamnesis; Karl Popper / The nature of philosophical problems and their roots in science ; H.-P. Stahl / beginnings of propositional logic in Plato ; Malcolm Brown / Plato disapproves of the slave-boy's answer ; Gilbert Ryle / Teaching and training ; Martin Andic / Inquiry and virtue in the Meno.,"Early works to 1800, Virtue, Socrates, Virtue and virtues, Plato, Et les vertus, Vertus, Philosophy, Ancient Philosophy, Virtue--early works to 1800, B377.a5 s4513 1985, 170, Idea (philosophy), Classic literature, Fiction, Love, Meno (plato), Social, Ethics & moral philosophy, Literary collections"
La chute,Albert Camus,1917,8296477.0,philosophy,/works/OL1230631W,"Num bar de marinheiros em Amesterdão, um homem que se apresenta como juiz-penitente enceta conversa com um desconhecido. Entre copos de Genebra e deambulações pelas ruas daquela cidade de canais concêntricos, a fazer lembrar os círculos do inferno, recorda a sua vida passada como respeitável advogado parisiense, insuperável na defesa de causas nobres e nas conquistas amorosas. Mas à medida que a confissão se desenrola as ambiguidades acumulam-se, os motivos ocultos revelam-se, os triunfos desabam.

Narrativa mordaz, de uma ironia brilhante, A Queda descreve uma viagem de decadência até às mais obscuras infâmias do homem moderno. Publicado pela primeira vez em 1956, foi o último livro de ficção lançado em vida por Albert Camus.","Conscience, Continental european fiction (fictional works by one author), Existentialism, Fiction, psychological, French fiction, French language, French literature, Legal stories, literary fiction, nobel prize winner, Novela francesa, Philosophy, Romance literature, Social ethics, Translations into English, Fiction, psychological, La chute (Camus), Readers, Existentialisme"
The Stones of Venice,John Ruskin,1851,8239410.0,philosophy,/works/OL88640W,"The Stones of Venice is a three-volume treatise on Venetian art and architecture by English art historian John Ruskin, first published from 1851 to 1853.

The Stones of Venice examines Venetian architecture in detail, describing for example over eighty churches. Ruskin discusses architecture of Venice's Byzantine, Gothic, and Renaissance periods, and provides a general history of the city.","Venice, Byzantine Architecture, Art, Description, Philosophy, Gothic Architecture, Description and travel, Architecture, Architecture and society, Details, Art, history, Architecture, history, Architecture, italy, Art, italian, Architecture, renaissance, Venice (italy), description and travel, Buildings, structures, Buildings, Sculpture, Arte"
An autobiography,Mohandas Karamchand Gandhi,1927,108086.0,philosophy,/works/OL298031W,"Gandhi's non-violent struggles against racism, violence, and colonialism in South Africa and India had brought him to such a level of notoriety, adulation that when asked to write an autobiography midway through his career, he took it as an opportunity to explain himself. He feared the enthusiasm for his ideas tended to exceed a deeper understanding of his quest for truth rooted in devotion to God. His attempts to get closer to this divine power led him to seek purity through simple living, dietary practices, celibacy, and a life without violence. This is not a straightforward narrative biography, in The Story of My Experiments with Truth, Gandhi offers his life story as a reference for those who would follow in his footsteps.","Biography & Autobiography, Nonfiction, Biography, Statesmen, Biographies, Pacifistes, Nationalistes, Hommes politiques, Estadistas, Gandhi, mahatma, 1869-1948, Biografía, Hommes d'État, Race relations, East Indians, Statesmen, biography, India, biography, Autobiography, Authorship, HISTORY / Asia / India & South Asia, Satyanā prayogo, athavā, ātmakathā (Gandhi, Mahatma)"
Der Untergang des Abendlandes,"Oswald Spengler, Charles Francis Atkinson, Dr. David G. Payne, Charles F. Atkinson, Manuel García Morente",1918,4112807.0,philosophy,/works/OL3392002W,"Spengler's work describes how we have entered into a centuries-long ""world-historical"" phase comparable to late antiquity, and his controversial ideas spark debate over the meaning of historiography.","Civilization, History, Philosophy, Kulturphilosophie, Weltgeschichte, Europa, Geschichte, Civilization, history, Histoire, Civilisation, Civilization -- History, Civilization, western, history, Civilisation ancienne, Germany, history, Philosophy, modern"
Culture and anarchy; an essay in political and social criticism,"Matthew Arnold, Matthew Arnold, M Arnold, Matthew (Edited with an Introduction By J. Dover Wilson) Arnold, George Saintsbury, George William Erskine Russell, Marciano Guerrero",1869,8242946.0,philosophy,/works/OL1336695W,"""Matthew Arnold's famous series of essays, which were first published in book form under the title Culture and Anarchy in 1869, debate important questions about the nature of culture and society. Arnold seeks to find out what culture really is, what good it can do, and if it is really necessary. He contrasts culture, which he calls the study of perfection, with anarchy, the mood of unrest and uncertainty that pervaded mid-Victorian England."" ""This edition reproduces the original book version, revealing the immediate historical context and controversy of the piece. The introduction and notes broaden out the interpretative approach to Arnold's text, elaborating on the complexities of the religious context. The book also reinforces the continued importance of Arnold's ideas its influences in the face of the challenges of multi-culturalism and post-modernism.""--Jacket.","Social conditions, Culture, open_syllabus_project, Kulturkritik, Maatschappijkritiek, Conditions sociales, Cultuur, Great britain, social conditions, Great Britain -- Social conditions -- 19th century, Nonfiction, Philosophy"
The Defendant,Gilbert Keith Chesterton,1901,8241428.0,philosophy,/works/OL76348W,"Covering topics ranging from literature to philosophy, history to social criticism, this is a snapshot of thought on 20th-century Europe (and the world) by one of Europe's sharpest wits and ablest pens. With chapter titles ranging from “The Miser and His Friends” to “The Red Reactionary,” from “The Separatist and Sacred Things” to “The New Theologian” and “The Romantic in the Rain,” this volume includes 39 brief sketches of individuals, each one of whom illustrates an aspect of contemporary society. Social, historical, and religious thought all figure prominently in this book, making it of great use in any study of the literary, religious, and social aspects of early 20th-century England and Europe generally. It will be of interest to students and scholars of the essay in English literature. It is a fine introduction to Chesterton's social criticism, which remains unique for its willingness to criticize some of the uncomfortable truths about capitalism without straying toward an inhuman bureaucratic socialism.","Essays, History, Nonfiction, English essays, British and irish fiction (fictional works by one author), Essays (single author), Philosophy, English literature, English Authors, American Short stories, Fiction, mystery & detective, short stories, Literature, history and criticism"
The way we live now,Anthony Trollope,1875,8246152.0,philosophy,/works/OL109871W,"From a review of the Anthony Trollope canon in The Economist (2020/04/08 edition):
*“The Way We Live Now” (1875) is as much a portrait of the last few decades as it is of the high Victorian age, and every bit as addictive as HBO’s hit series “Succession”.  The novel’s anti-hero, Augustus Melmotte, is one of the great portraits of the businessman as ogre—a “horrid, big, rich scoundrel”, “a bloated swindler” and “vile city ruffian” who bears an uncanny resemblance to the late Robert Maxwell (and to living figures who had best not be named for legal reasons). Despite his foreign birth and mysterious past, Melmotte forces his way into British society by playing on the greed of bigwigs who despise him yet compete for his favours. He buys his way into the House of Commons; he floats a railway company that is ostensibly designed to build a line between Mexico and America but is really a paper scheme for selling shares. The Ponzi scam eventually collapses, exposing Britain’s great commercial empire for a greed-fuelled racket and its high society as a hypocritical sham.
“The Way We Live Now” is an excellent place to begin an affair with Trollope. It is relatively short by his standards and exquisitely executed. If you don’t like it, Trollope’s world is not for you. If you do, another 46 novels await you.*","Fiction, Capitalists and financiers in fiction, Commercial crimes in fiction, Capitalists and financiers, Commercial crimes, Social life and customs, England in fiction, Classic Literature, British and irish fiction (fictional works by one author), England, fiction, American fiction (fictional works by one author), Politics and government, Policy sciences, Fiction, historical, general, London (england), fiction, Fiction, humorous, general, Fiction, media tie-in, Fiction, general, English literature, Crime, fiction"
Darkwater; voices from within the veil,W. E. B. Du Bois,1920,5597371.0,philosophy,/works/OL28571W,"<p>In <a href=""https://standardebooks.org/ebooks/w-e-b-du-bois/the-souls-of-black-folk""><i>The Souls of Black Folk</i></a> the sociologist <a href=""https://standardebooks.org/ebooks/w-e-b-du-bois"">W. E. B. Du Bois</a> introduced the concept of the “veil,” a separation of the inner lives of black Americans from their white counterparts. <i>Darkwater: Voices from Within the Veil</i> is a collection of essays, poems, and short fiction that attempts to provide a nuanced look behind the veil at the lives of black Americans and to give voice to their often neglected concerns.</p> <p>Written in the aftermath of the First World War, seventeen years after <i>The Souls of Black Folk</i> and during a time when racial tension had been codified into the infamous Jim Crow laws, Du Bois touches on a wide range of topics, from the philosophical to the concrete. His over-arching message is a desire for equality. He argues strongly against colonialism, excessive materialism, and Jim Crow, and discusses how only proper education and universal suffrage can provide the foundation for a more fair society. The unique combination of different writing styles on display vividly captures both his frustration and his belief in the possibility of a future shared on an equal basis between people of all colors.</p>","Race relations, African Americans, Inner cities, September 11 Terrorist Attacks, 2001, Brownstone buildings, Influence, Fiction, Musicians, Young men, Eccentrics and eccentricities, Squatters, United states, race relations, United states, history, World history, United States -- Race relations, Nonfiction, Philosophy"
The master key system in twenty-four parts with questionnaire and glossary,"Charles F. Haanel, Ruth L. Miller, Donald Gordon Carty, Mauricio Chaves Mesén, Helmar Rudolph, Joe Vitale, Oliver Jesberger",1919,7308093.0,philosophy,/works/OL2041069W,"The Master Key System is a personal development book by Charles F. Haanel that was published in 1912. Though originally a 24 week correspondence course, it was published in book form in 1917. Along with ""The Science of Getting Rich"", by Wallace D. Wattles, the Master Key System is the source of Rhonda Byrne's inspiration for the book and the film ""The Secret"" (2006).","New Thought, Self-actualization (Psychology), Mental discipline, Success, Nonfiction, Self-Improvement, New thought, Socrates, Epilepsy, Applied Psychology, Mental power, Knowledge, Mental healing, Mental suggestion, Achievement, Guérison par l'esprit, Succès, Self-actualization (psychology), Self-help techniques, Philosophy"
Principles of Political Economy,John Stuart Mill,1848,862387.0,philosophy,/works/OL1068184W,"The appearance of a treatise like the present, on a subject on which so many works of merit already exist, may be thought to require some explanation. It might perhaps be sufficient to say, that no existing treatise on Political Ecomony contains the latest improvements which have been made in the theory of the subject. Many new ideas, and new applications of ideas, have been elicited by the discussions of the last few years, especially those on Currency, on Foreign Trade, and on the important topics connected more or less intimately with Colonization: and there seems reason that the field of Political Economy should be re-surveyed in its whole extent, if only for the purpose of incorporating the results of these speculations, and bringing them into harmony with the principles previosly laid down by the best thinkers on the subject..""","Economics, Classical school of economics, Socialism, Money, Social sciences, philosophy, Philosophy, Social sciences, Outlines, syllabi, Économie politique, International Bureau of the American Republics"
State and Revolution,Vladimir Il’ich Lenin,1900,12727116.0,philosophy,/works/OL301143W,"Lenin wrote ‘State and Revolution’ in 1917, while he was hiding from the Russian secret police. The book describes the inherent nature of the State as a tool for class oppression, a creation born of one social class’s desire to control all other social classes. Drawing on detailed quotes from Karl Marx and Friedrick Engels, Lenin lays down a Marxist view of the state, describes how a working-class revolution will overthrow it, and goes further in showing how social democracy is not enough—even in democratic republics such as those enjoyed by many western countries today, the ruling class is still in control of society, and will never relinquish power. According to Lenin, a Communist revolution is the only remedy for class struggle. This work by Lenin is important to communist thinking and the Marxist concept of the state which is clearly and concisely expressed in this book. Without doubt this is a classic work and will give the reader important concepts in the theory of Marxist-Leninism.","Political Science, Philosophy, Nonfiction, Classics, Socialism, The State, Revolutions"
Sozialgeschichte der Kunst und Literatur,"Arnold Hauser, S. Godman, Harris, Jonathan, Jonathan Harris",1951,8388010.0,philosophy,/works/OL1331984W,"First published in 1951 as Socialgeschichte der Kunst und Literatur, Arnold Hauser's comprehensive work explores the interaction between art and society. Through the detailing of social and historical movements Hauser provides insight into the origins of visual art.","Art and society, History, Literature, Art, History and criticism, Arts and society, Kunstsociologie, Historiography, Psychology, Philosophy, Arte (Historia), Arts, Social history, medieval, 500-1500, Art, history, Art, modern, Arts et société, Modern Art, Art, rococo, Art, greek, Art, roman"
De officiis,Cicero,1465,6487218.0,philosophy,/works/OL67551W,,"Ancient Ethics, Biography, Concordances, Conduct of life, Criticism and interpretation, Duty, Early works to 1800, Ethics, Friendship, Latin essays, Miniature books, Old age, Orators, Paradox, Philosophy, Roman law, Specimens, Translations into Armenian, Political science, early works to 1800, Ethics, ancient"
Del sentimiento trágico de la vida en los hombres y en los pueblos,Miguel de Unamuno,1900,5620455.0,philosophy,/works/OL503529W,"*Del sentimiento trágico de la vida en los hombres y en los pueblos*, conocida usualmente como *Del sentimiento trágico de la vida,* es uno de los más destacados ensayos filosóficos de Miguel de Unamuno, publicado en 1913. Bajo la influencia de Søren Kierkegaard y de san Ignacio de Loyola, entre otros, quien fuera eximio rector de la Universidad de Salamanca hace una profunda incursión en la problemática existencial del hombre contemporáneo.","Immortality, Christianity, Faith and reason, The Tragic, Pessimism, Philosophy and religion, Immortality (Philosophy), Immortalité, Philosophie et religion, Pessimisme, Spanish language books, Religious aspects of The tragic, Pesimismo, Filosofía y religión, Unamuno, miguel de, 1864-1936, Translations into English, Tragic, the, Fiction, general, Philosophy, Jewish-Arab relations"
Εὐθύφρων / Κρίτων / Φαίδων / Ἀπολογία Σωκράτους,Plato,1871,14390287.0,philosophy,/works/OL51784W,Reprinted with updated Further Reading,"Philosophers, Biography, Socrates, Socrates., History of ideas, intellectual history, Body, Mind & Spirit, Mysticism, Philosophy, Religion, History & Surveys - Ancient & Classical, History & Surveys - General, Metaphysics, Ancient Philosophy, Greek Dialogues, Translations into English, Greek world, B358 .t7 1993, B 358 t732 1993, 184, Trials, litigation, etcsocrates"
Unto This Last,John Ruskin,1860,8244595.0,philosophy,/works/OL88634W,"Unto This Last is an essay on economy by John Ruskin, critical of the 18th and 19th century capitalist economists. When first published as four magazine articles in 1860 they were, in the words of Ruskin himself, ""very violently criticized"" and the publisher was force to halt publication. But Ruskin persevered and released the four articles in this book form in 1862. Gandhi read Unto This Last in 1904 and it had a huge impact on his social and economic philosophy, with Gandhi making an immediate decision to live according to Ruskin's teachings.","Economics, Social security, Art, Wealth, Welfare state, Training, Pensions, Youth, Économie politique, Socialism, great britain, Nonfiction, Philosophy, Political economy"
L'Évolution créatrice,"Henri Bergson, CHAILLAND, Éditions CdBF",1907,6774245.0,philosophy,/works/OL76664W,"French philosopher Henri Bergson's Creative Evolution was published in 1907 and translated into English in 1911. Very popular at the time, it gives an alternate mechanism for evolution - that it is motivated by an ""elan vital"" a vital impetus, also graspable as our natural creative urge. It also looks at Bergson's conception of time, a subjective ""duration"" (rather than the quantifiable time of a clock) that is best understood not through the intellect but through our creative intuition, an idea that influenced Marcel Proust and other modernist thinkers.","Evolution, Life, Metaphysics, Life (Biology), Religious aspects, Religious aspects of Evolution, Science, Évolution, Religious aspects of Science, Métaphysique, Vie, Philosophy, Biological Evolution, Philosophische Anthropologie, Evolutie, French Philosophy, Nature, Nonfiction, Life.00, Życie"
The Kybalion,Three Initiates,1912,8801364.0,philosophy,/works/OL20156281W,,"Psychology, Philosophy, Spirituality, Occultism, Hermetism, Occultisme, Hermétisme, Occult sciences"
The Everlasting Man,Gilbert Keith Chesterton,1925,1258023.0,philosophy,/works/OL76474W,"<p><i>The Everlasting Man</i> is inspired by <a href=""https://standardebooks.org/ebooks/h-g-wells"">H. G. Wells’</a> <i>The Outline of History</i>, which explains the history of mankind and religion as solely a product of natural selection and other material causes. In contrast, <a href=""https://standardebooks.org/ebooks/g-k-chesterton"">G. K. Chesterton</a> presents the case for Christianity throughout history, by illustrating firstly, the uniqueness of man amongst the animals, and secondly, the uniqueness of Christ and the Church amongst other religions and philosophies.</p> <p>Written in Chesterton’s typical style, already familiar to readers of <i><a href=""https://standardebooks.org/ebooks/g-k-chesterton/orthodoxy"">Orthodoxy</a></i> and <i><a href=""https://standardebooks.org/ebooks/g-k-chesterton/heretics"">Heretics</a></i>, and ripe with humor and symbolism, <i>The Everlasting Man</i> doesn’t aim to be a scholarly history treatise. Rather, like the title of Wells’ work, Chesterton merely presents us his outline of history. It is in this outline that his Christian, specifically Catholic, perspective contrasts with secular views common in modern times.</p>","Religion, Apologetic works, Catholic Church, Christianity and other religions, Catholic church, apologetic works, Philosophy, Apologetics, Discipling (christianity), Jesus christ, Large type books, World history, Catholic Church -- Apologetic works, Nonfiction, Spirituality, Human beings, Christianity, Religia, Chrześcijaństwo, Wiara"
Cyropaedia,Xenophon,1527,6062894.0,philosophy,/works/OL687224W,,"Biography, Cyrus, King of Persia, d. 529 B.C., Cyrus, in fiction, Early works to 1800, Education of princes, Fiction, Greek language, Greek literature, History, Iran in fiction, Kings and rulers, Readers, Greek language materials, Cyrus, the great, king of persia, -530 b.c. or 529 b.c., Xenophon, Fiction, historical, Iran, fiction, Romans, nouvelles, Histoire, General"
De l'esprit des lois,Charles-Louis de Secondat baron de La Brède et de Montesquieu,1748,8237657.0,philosophy,/works/OL453554W,"Nouv. éd., revue sur les meilleurs textes, suivie De la défense de l'esprit des lois par l'autheur","Derecho, Filosofía, Jurisprudence, great_books_of_the_western_world, Ciencias políticas, State, The, Jurisprudencía, Philosophy, The State, État, Political science, Law, Estado, Philosophie, Evolution, Law (Philosophy), Science politique, Early works to 1800, Droit, State, The. 0"
The Prisoner of Zenda,"Anthony Hope, Gary Hoppenstand, Diane Mowat, Alan Marks, Francesc Ràfols, Andrew Pugsley, Summer M. Hogan, Summer Hogan, Smidgen Press, Charles Dana Gibson, Daniel Lanza Barba, Javier Fornell Fernandez, Stephen Colbourn, Katy Jackson, James Wilby, Robinson, M.",1800,105814.0,adventure,/works/OL245401W,"An adventure novel, originally published in 1894, set in the fictitious European Kingdom of Ruritania. An English tourist is persuaded to impersonate the new king after he is abducted before he can be crowned. This act draws upon him the wrath of the Prince who has had the king abducted and his partner in crime the villainous Rupert of Hentzau.","Fiction, Adventure, Fiction, action & adventure, Ruritania (imaginary place), fiction, British and irish fiction (fictional works by one author), Children's fiction, Adventure and adventurers, fiction, British, Impostors and imposture, English Adventure stories, Classic Literature, Foreign countries, Thriller, Literature, Upper class, Attempted murder, Treason, Travel, Adventure stories, Great britain, fiction"
The Coral Island,"Robert Michael Ballantyne, Ralph Crane, George Dalziel, Edward Dalziel",1858,8242206.0,adventure,/works/OL2319934W,A nineteenth century adventure story of three teenaged boys shipwrecked on a Pacific island. At first they lead an idyllic life but this is soon interrupted by the arrival on the island of rival Polynesian war parties and then pirates. After various adventures the boys find themselves in possession of the pirate’s ship and can sail for home.,"Fiction, Adventure and adventurers, Shipwrecks, Juvenile fiction, Survival, Islands, Survival after airplane accidents, shipwrecks, Adventure stories, Conduct of life, Pirates, Boys, Fiction, general, Action & Adventure, Children's fiction, Islands, fiction, Adventure and adventurers, fiction, Shipwrecks, fiction, Adventure fiction, Sharks, fiction, Pirates, fiction"
Cleopatra,H. Rider Haggard,1881,1748730.0,adventure,/works/OL17531W,A book that discribes the life of Cleopatra.,"Fiction, History, Romans, Histoire, Fiction, historical, general, Egypt, fiction, Fiction, action & adventure, Cleopatra, queen of egypt, -30 b.c., Egypt -- History -- 332-30 B.C. -- Fiction, Cleopatra, Queen of Egypt, -30 B.C. -- Fiction, Adventure"
"Le vicomte de Bragelonne, ou, dix ans plus tard","Alexandre Dumas, Auguste Maquet, Auguste Maquet",1848,14564690.0,adventure,/works/OL36738W,"In the months of March-July in 1844, in the magazine Le Siecle, the first portion of a story appeared, penned by the celebrated playwright Alexandre Dumas. It was based, he claimed, on some manuscripts he had found a year earlier in the Bibliotheque Nationale while researching a history he planned to write on Louis XIV. They chronicled the adventures of a young man named D'Artagnan who, upon entering Paris, became almost immediately embroiled in court intrigues, international politics, and ill-fated affairs between royal lovers.","Fiction, History, Romans, Histoire, Historical Fiction, France Hist. Louis XIV, 1643-1715 Fiction, Fiction, historical, general, Fiction, classics, Fiction, action & adventure, Fiction, general, France -- History -- Louis XIV, 1643-1715 -- Fiction, Adventure stories, Swordsmen -- Fiction, Adventure"
Kidnapped,Robert Louis Stevenson,1886,8267822.0,adventure,/works/OL24166W,"KIDNAPPED is an adventure story that has become the model for any thriller of escape and suspense. 

Set in 1751, the flight of David Balfour and Alan Breck across the Highlands of Scotland is based on real events. Though he wrote the book to make money, while living as an invalid in Bournemouth. Stevenson was proud of it; he inscribed a presentation copy with the couplet. Here is the one sound page of all my writing. The one I'm proud of and that I delight in. Rowland Hilder is famous for his paintings of the English countryside but his work in book illustration covered a much wider canvas. His drawing for KIDNAPPED were first published in 1930 and have undeservedly, been long out of print.

A sixteen-year-old orphan is kidnapped by his villainous uncle, but later escapes and becomes involved in the struggle of the Scottish highlanders against English rule.","Juvenile fiction, Fiction, History, Adventure and adventurers, Scotland, Adventure, Adventure fiction, Historical fiction, Teenage boys, Kidnapping, Scotland-History-19th century - Fiction, Adventure and adventurers-Scotland - Fiction, Scotland, fiction, British and irish fiction (fictional works by one author), Fiction, historical, Fiction, action & adventure, Fiction, general, Adventure stories, Orphans, Shipwrecks"
Huntingtower,John Buchan,1910,1979431.0,adventure,/works/OL76597W,"Dickson MCunn, a  recently retired prosperous Scots grocer decides on a walking tour in SW Scotland as a suitable beginning to his retirement activities. To his surprise, he stumbles into a sinister plot involving kidnapping, crown jewels, and terrorism.To his surprise (and deep satisfaction) our 56 year old hero acquits himself very well, in the process proving that the Geritol crowd can and do have remarkable and heroic adventures!","Fiction, Dickson McCunn (Fictitious character), Kidnapping, Kidnapping in fiction, Princesses, Scotland in fiction, Princesses in fiction, Mccunn, dickson (fictitious character), fiction, Fiction, action & adventure, Missing persons, fiction, Scotland, fiction, British and irish fiction (fictional works by one author), Fiction, thrillers, general, Fiction, historical, general, McCunn, Dickson (Fictitious character) -- Fiction, Kidnapping -- Fiction, Princesses -- Fiction, Scotland -- Fiction, Long Now Manual for Civilization, Adventure stories"
David Balfour,Robert Louis Stevenson,1883,8244483.0,adventure,/works/OL24163W,"From the book:It is the fate of sequels to disappoint those who have waited for them; and my David, having been left to kick his heels for more than a lustre in the British Linen Company’s office, must expect his late re-appearance to be greeted with hoots, if not with missiles. Yet, when I remember the days of our explo-rations, I am not without hope. There should be left in our native city some seed of the elect; some long-egged, hot-headed youth must repeat to-day our dreams and wanderings of so many years ago; he will relish the pleasure, which should have been ours, to follow among named streets and numbered houses the country walks of David Balfour, to identify Dean, and Silvermills, and Broughton, and Hope Park, and Pilrig, and poor old Lochend - if it still be standing, and the Figgate Whins - if there be any of them left; or to push (on a long holiday) so far afield as Gillane or the Bass. So, perhaps, his eye shall be opened to behold the series of the generations, and he shall weigh with surprise his momentous and nugatory gift of life. You are still - as when first I saw, as when I last addressed you - in the venerable city which I must always think of as my home. And I have come so far; and the sights and thoughts of my youth pursue me; and I see like a vision the youth of my father, and of his father, and the whole stream of lives flowing down there far in the north, with the sound of laughter and tears, to cast me out in the end, as by a sudden freshet, on these ultimate islands. And I admire and bow my head before the romance of destiny.","Adventure and adventurers, Fiction, History, Juvenile fiction, Fiction, historical, general, Fiction, action & adventure, Scotland, fiction, Large type books, British and irish fiction (fictional works by one author), Classic Literature, Kidnapping, Pirates, Romans, nouvelles, Histoire, Open Library Staff Picks, Popular Print Disabled Books, David Balfour (Fictitious character), Historical fiction, Scotland -- History -- 18th century -- Fiction, Adventure"
"Tom Sawyer, Detective",Mark Twain,1897,8923621.0,adventure,/works/OL54147W,"Tom Sawyer, Detective follows Twain's popular novels The Adventures of Tom Sawyer,  Adventures of Huckleberry Finn, and Tom Sawyer Abroad. In this novel, Tom turns detective, trying to solve a murder. Twain plays with and celebrates the detective novel, wildly popular at the time. This novel, like the others, is told through the first-person narrative of Huck Finn.","Fiction, Tom Sawyer (Fictitious character), American Authors, Biography, Mystery and detective stories, Detective and mystery stories, Boys, Humorous stories, Adventure, Literature, Readers for new literates, American fiction (fictional works by one author), Sawyer, tom (fictitious character), fiction, Fiction, action & adventure, Children's fiction, Adventure and adventurers, fiction, Huckleberry Finn (Fictitious character)"
Vingt ans apres̀,Alexandre Dumas,1800,14564526.0,adventure,/works/OL36462W,"Two decades have passed since the musketeers triumphed over Cardinal Richelieu and Milady. Time has weakened their resolve, and dispersed their loyalties. But treasons and strategems still cry out for justice: civil war endangers the throne of France, and in England, Cromwell threatens to send Charles I to the scaffold. The quartet of musketeers come out of retirement to cross swords with time, the malevolence of men, and the forces of history. But their greatest test is the titanic struggle with the son of Milady who wears the face of evil.","Ficción, Fiction, France, Histoire, Historia, History, Roman, Romans, Swordsmen, France, fiction, Three musketeers (fictitious characters), fiction, Continental european fiction (fictional works by one author), Fiction, action & adventure, French fiction, Classic Literature, Fiction, general, Long now manual for civilization, Historical fiction, France -- History -- Louis XIV, 1643-1715 -- Fiction, Adventure stories"
The Old Man in the Corner,Emma Orczy,1908,5815381.0,adventure,/works/OL1253282W,"The Old Man (Bill Owen) sits in a cheap restaurant frequented by journalists and plays with a bit of string, which he ties into elaborate knots as he talks. Addressing himself to Polly Burton, a young newspaperwoman with whom he has struck up a slight acquaintance, he focuses upon crimes mentioned in the newspapers. He summarizes the circumstances, describes the personalities, and then sneeringly provides the correct solution which has evaded the police.","Detective and mystery stories, Classic Literature, Detective and mystery stories, English, English Detective and mystery stories, Fiction, History, Mystery and detective stories, Fiction, mystery & detective, general, Fiction, short stories (single author), Fiction, general, Fiction, mystery & detective, collections & anthologies, Adventure"
The master of Ballantrae,"Robert Louis Stevenson, Robert Luis Stevenson, robert l stevenson",1888,8230370.0,adventure,/works/OL24164W,"The Master of Ballantrae: A Winter's Tale is one of Stevenson's darker, more political novels. Two brothers are brought into conflict by the Jacobite rising of 1745, which tears their family apart.","Fiction, Absence and presumption of death, History, Brothers, Inheritance and succession, Revenge, Fiction in English, British and irish fiction (fictional works by one author), Scotland, fiction, Fiction, historical, Fiction, action & adventure, Fiction, historical, general, Fiction, psychological, Brothers, fiction, Scotland, history, fiction, Historical fiction, Scotland -- History -- 18th century -- Fiction, Inheritance and succession -- Fiction, Revenge -- Fiction, Psychological fiction"
The three hostages,John Buchan,1924,755987.0,adventure,/works/OL76591W,"Major General Sir Richard Hannay thought that his life of adventure and danger was behind him with the end of the Great War. He was wrong. 
	When an old colleague comes asking for help, Hannay has to come out of retirement to battle a secret society that has kidnapped three innocents to advance their schemes. Hannay, aided by his intrepid wife Mary and his old friends, plunges into a pool of intrigue and hypnosis to find and rescue the Three Hostages before they come to deadly harm. 
	Hannay, the Everyman hero, perseveres through a combination of pluck, grit, clear thinking and trusting in his friends. This time the danger strikes close to home and Hannay may lose everyone that he cares about.","Fiction, Great Britain, Intelligence service, Richard Hannay (Fictitious character), Fiction, general, Adventure stories, Spy stories, Fiction, espionage, Fiction, action & adventure, Hannay, richard (fictitious character), fiction, Missing persons, fiction, Hannay, Richard (Fictitious character) -- Fiction, Adventure"
The Sea-Hawk,Rafael Sabatini,1900,8239512.0,adventure,/works/OL8070951W,"Oliver Tressilian, a Cornish gentleman who helped the English defeat the Spanish Armada, is betrayed by his ruthless half-brother and seeks refuge in the Middle East, where he takes on a new role as a Barbary pirate.","Spanish Armada, Pirates, Barbary Pirates, Open Library Staff Picks, British, Fiction, Muslims, Fiction, action & adventure, Fiction, historical, Africa, fiction, Cornwall (england : county), fiction, Fiction, sea stories, Fiction, historical, general, Sea stories, Large type books, Historical fiction, Adventure stories, Pirates -- Fiction, Muslims -- Fiction, British -- Africa, North -- Fiction"
Lord of the Flies,William Golding,1954,8684447.0,adventure,/works/OL455327W,"Lord of the Flies is a 1954 novel by Nobel Prize–winning British author William Golding. The book focuses on a group of British boys stranded on an uninhabited island and their disastrous attempt to govern themselves. Themes include the tension between groupthink and individuality, between rational and emotional reactions, and between morality and immorality.

The novel has been generally well received. It was named in the Modern Library 100 Best Novels, reaching number 41 on the editor's list, and 25 on the reader's list. In 2003 it was listed at number 70 on the BBC's The Big Read poll, and in 2005 Time magazine named it as one of the 100 best English-language novels from 1923 to 2005. Time also included the novel in its list of the 100 Best Young-Adult Books of All Time. Popular reading in schools, especially in the English-speaking world, a 2016 UK poll saw Lord of the Flies ranked third in the nation's favourite books from school.

(From https://en.wikipedia.org/wiki/Lord_of_the_Flies)","fiction, relationships, adventure, morality, survival, childhood, children, boys, ethics, castaway, shipwreck, regression, British and irish fiction (fictional works by one author), Fiction, psychological, Literature and fiction (general), English literature, Death, thriller, Interpersonal relations, Islands"
Tarzan the Untamed (Book #7),Edgar Rice Burroughs,1920,2404593.0,adventure,/works/OL1418112W,"From the book:Hauptmann Fritz Schneider trudged wearily through the somber aisles of the dark forest. Sweat rolled down his bullet head and stood upon his heavy jowls and bull neck. His lieutenant marched beside him while Underlieutenant von Goss brought up the rear, following with a handful of askaris the tired and all but exhausted porters whom the black soldiers, following the example of their white officer, encouraged with the sharp points of bayonets and the metal-shod butts of rifles. There were no porters within reach of Hauptmann Schneider so he vented his Prussian spleen upon the askaris nearest at hand, yet with greater circumspection since these men bore loaded rifles - and the three white men were alone with them in the heart of Africa.","Fiction, Classic Literature, Tarzan (Fictitious character), Tarzan (Fictitious character) vFiction, Tarzan (fictitious character), fiction, Fiction, action & adventure, Fiction, fantasy, general, Africa, fiction, Tarzan (Fictitious character) -- Fiction, Fantasy fiction, Adventure stories, Adventure"
The Four Just Men,Edgar Wallace,1905,12947886.0,adventure,/works/OL1517879W,"A Spanish resistance leader's safety in England is threatened by the passage through Parliament of the Aliens Extradition Bill. The minister responsible receives a message from four mysterious figures warning him to withdraw the legislation or face death. The suspense grows as the police struggle to protect the minister before the conspirators' deadline is reached; the ingenious final puzzle was to mark out Edgar Wallace as an outstanding writer of detective thrillers.

Included in this edition is his later novel, The Council of Justice, which forms a sequel.","Classic Literature, Fiction, Thriller, Fiction, mystery & detective, general, Large type books, English Detective and mystery stories, Justice, Fiction, general, Detective and mystery stories, English, Adventure, Vigilantes"
Room 13,Edgar Wallace,1920,12947911.0,adventure,/works/OL1517919W,"<p>After having spent almost three years in prison Johnny Gray is released, only to be dismayed to find that his ladylove has been pressured by her father, an old friend of his, into marrying another man. Soon after, Johnny discovers that the bridegroom is actually a suspected counterfeiter and the son of a notorious criminal plotting to ruin his friend by exposing his nefarious past.</p> <p>Johnny is determined to foil the plot and bring the counterfeiter and his father to justice—but first he needs to rescue the new bride. Surprisingly, the trail brings Johnny back to prison.</p> <p>Published in 1924, <i>Room 13</i> was adapted for film in 1938 and 1964.</p>","Fiction, mystery & detective, general, Detective and mystery stories, English, Adventure, Fiction"
Tarzan the Terrible (#8),Edgar Rice Burroughs,1921,875818.0,adventure,/works/OL1418108W,Tarzan's search for Jane takes him to the warlike Pal-U-Don.,"Tarzan (Fictitious character), Fiction, Classic Literature, Fiction, action & adventure, Fiction, thrillers, general, Large type books, Africa, fiction, Tarzan (fictitious character), fiction, Tarzan (Fictitious character) -- Fiction, Fantasy fiction, Adventure stories, Adventure"
Tarzan and the Jewels of Opar,Edgar Rice Burroughs,1916,8235276.0,adventure,/works/OL1418248W,"From the book:Lieutenant Albert Werper had only the prestige of the name he had dishonored to thank for his narrow escape from being cashiered. At first he had been humbly thankful, too, that they had sent him to this Godforsaken Congo post instead of court-martialing him, as he had so justly deserved; but now six months of the monotony, the frightful isolation and the loneliness had wrought a change. The young man brooded continually over his fate. His days were filled with morbid self-pity, which eventually engendered in his weak and vacillating mind a hatred for those who had sent him here - for the very men he had at first inwardly thanked for saving him from the ignominy of degradation.  He regretted the gay life of Brussels as he never had regretted the sins which had snatched him from that gayest of capitals, and as the days passed he came to center his resentment upon the representative in Congo land of the authority which had exiled him - his captain and immediate superior.","Classic Literature, Fiction, Tarzan (Fictitious character), Non-Classifiable, Tarzan (fictitious character), fiction, Africa, fiction, Fiction, action & adventure, Tarzan (Fictitious character) -- Fiction, Fantasy fiction, Adventure stories, Adventure"
The door with seven locks,Edgar Wallace,1926,12947915.0,adventure,/works/OL1517869W,"<p>As a practical joke, Sub-Inspector Dick Martin, about to retire, is asked to find a stolen library book. Before long, Dick finds himself intrigued by the nature of the book—and the attractiveness of Sybil, the librarian.</p> <p>Now in private practice, Dick accepts a job that requires him to chase an elusive nobleman, Lord Selford, across the world and is subsequently surprised to find that his favorite librarian is Selford’s relative. Events take a turn when a safe-cracking expert is murdered after attempting to break into the Selford family crypt, and Dick investigates.</p> <p><i>The Door with Seven Locks</i> contains the locked-room puzzle for which <a href=""https://standardebooks.org/ebooks/edgar-wallace"">Edgar Wallace</a> was famous, but it’s also notable for its exploration of the concept of nature versus nurture.</p>","Fiction, mystery & detective, general, Detective and mystery stories, Adventure, Fiction"
The black gang,H. C. McNeile,1922,13716769.0,adventure,/works/OL241903W,"The First World War is over, but it seems that the hostilities are not. When Captain Hugh 'Bulldog' Drummond and his pals discover that foreigners are infiltrating all levels of English society - bribing, blackmailing, and undermining England's democratic tradition - their course is clear. The Black Gang is formed, bent on tracking down the perpetrators of such Bolshevik plots and rescuing their victims. Convinced that these subversive attacks are not isolated incidents, the Black Gang sets a trap to lure the criminal mastermind behind them to England. All is going according to plan until Bulldog Drummond accepts an invitation to tea at the Ritz with a charming American clergyman and his dowdy daughter...

Bulldog Drummond #2 ""His four rounds with Carl Peterson""","Bulldog Drummond (fictional character), Sapper, adventurer, adventure, suspense, Private investigators, fiction, Fiction, mystery & detective, general, Fiction, thrillers, general, England, fiction, Crime, fiction, Bulldog Drummond (Fictitious character), Fiction"
The avenger,Edgar Wallace,1924,890189.0,adventure,/works/OL1518031W,"<p>When a severed head is discovered, Mike Brixan of the Foreign Office is asked to return from Europe and assist in apprehending the murderer, known as “The Headhunter.” The trail leads to Chichester and the set of a motion picture crew located on an English manor.</p> <p>Brixan discovers that the scriptwriter has a connection with both The Headhunter and an unscrupulous neighbor with a history of misadventure, a love of exotic pets, and an enthusiasm for young ladies.</p> <p>Published in 1926, <i>The Avenger</i> was adapted for film in 1960.</p>","Fiction, mystery & detective, general, Detective and mystery stories, English, Missing persons--Fiction, Kidnapping--Fiction, Motion picture actors and actresses--Fiction, Adventure, Fiction"
Bulldog Drummond,H. C. McNeile,1919,5894747.0,adventure,/works/OL241909W,"Book #1 of Bulldog Drummond ""His Four Rounds with Carl Peterson"" series.
A demobilised officer of the first World War finds post-war life boring and seeks excitement with an advertisement:  ... 'finding peace incredibly tedious, would welcome diversion. Legitimate, if possible; but crime, if of a comparatively humorous description, no objection. Excitement essential...'","Bulldog Drummond (fictional character), Sapper, adventurer, adventure, suspense, Fiction, mystery & detective, general, Extortion, Fiction, Kidnapping, Bulldog Drummond (Fictitious character), Private investigators, FICTION, Mystery & Detective, General, English Adventure stories, Private investigators, fiction, Great britain, fiction"
The Boy in the Striped Pyjamas,John Boyne,2006,12720687.0,adventure,/works/OL5840870W,The Boy in the Striped Pyjamas is a 2006 Holocaust novel by Irish novelist John Boyne.,"Teen & Young Adult Fiction, Teen & Young Adult Historical Fiction, Teen & Young Adult Social Issues, naivety, gas chambers, Commandants, adventure, Juvenile works, Concentration camps, Concentration camps in fiction, Fiction, Friendship, Friendship in fiction, Historical Fiction, Holocaust, Jews, Juvenile fiction, Nazis, Nazis in fiction, World War II"
"The nigger of the ""Narcissus""",Joseph Conrad,1897,8235355.0,adventure,/works/OL38815W,"“My task... is, by the power of the written word, to make you hear, to make you feel - it is, before all, to make you see. That - and no more, and it is everything. If I succeed, you shall find there, according to your deserts, encouragement, consolation, fear, charm, all you demand - and, perhaps, also that glimpse of truth for which you have forgotten to ask” Conrad, from the preface to ""The Nigger of the Narcissus. ""Narcissus was a real ship, a pretty Clyde built semi-clipper and Conrad sailed on her as second mate. Conrad's descriptions of life on the “heartless sea” and the operation of sailing ships are indisputably work of the highest authenticity and rank amongst the canon of must-reads for anyone seriously interested in the subject. Please Note: This book is easy to read in true text, not scanned images that can sometimes be difficult to decipher. The Microsoft eBook has a contents page linked to the chapter headings for easy navigation.","Fiction, Blacks, Tuberculosis in fiction, Patients, West Indians in fiction, West Indians, Ocean travel in fiction, Ocean travel, Terminally ill in fiction, Terminally ill, Tuberculosis, Blacks in fiction, Authors, Correspondence, English Adventure stories, Biography, Nigger of the Narcissus"" (Conrad, Joseph)"", Aufsatzsammlung, English Authors"
The Council of Justice,Edgar Wallace,1920,890195.0,adventure,/works/OL1518049W,"<p>The Red Hundred, an anarchist organization led by a woman of unmatched oratorical skill known as the Woman of Gratz, has set its sight on the destruction of several British institutions. <a href=""https://standardebooks.org/collections/the-four-just-men"">The Four Just Men</a>, a band of wealthy gentlemen notorious for punishing those unreachable by conventional justice, appear to be the only group capable of opposing them.</p> <p>After thwarting The Red Hundred’s plans by successfully assassinating their prominent ringleaders, Manfred, a member of the Four Just Men, is betrayed, captured, and sentenced to death. As the date of Manfred’s execution draws near, his mood remains curiously upbeat. Does he know something the authorities don’t?</p> <p>This book was published in 1908, a low point in <a href=""https://standardebooks.org/ebooks/edgar-wallace"">Edgar Wallace’s</a> career. Finding his popularity waning, he sold this book for only seventy or eighty pounds to try to keep the creditors at bay. Luckily for him, shortly after <i>The Council of Justice</i> was published Wallace went on to write his very successful Sanders of the River series, making him one of the most widely-read British authors of his time.</p>","Fiction in English, Fiction, mystery & detective, general, Detective and mystery stories, English, Adventure, Fiction"
The Seven Dials Mystery,Agatha Christie,1920,14575632.0,adventure,/works/OL471784W,"Brings back several characters from an earlier novel, *The Secret of Chimneys*, in a story that can best be described as a John Buchan thriller told by P.G. Wodehouse. (https://agathachristie.fandom.com/wiki/The_Seven_Dials_Mystery)

Consummate young silly ass Gerry Wade is the despair of hosts and hostesses across the land, with his inability to make it to breakfast before the eggs are congealed, the toast has wilted and the coffee has grown chill and distinctly unwelcoming. And so, a small group of sundry other young silly-asses and interchangeable girls decide that a good, stiff dose of eight fine alarum clocks would be just the thing to spring him, yelling, from his bed in the early hours. This plan, however, fails signally to work, for the very good reason that Gerry is far too dead to be roused by anything quieter than the Last Trump.
This discovery both puts a dampener on the house party and raises some questions. Why would a notoriously heavy sleeper die of an overdose of a sleeping draught? And why are there only seven of the eight clocks found in the bedroom, neatly and sinisterly arranged on the mantelpiece as though to convey some message?
Lady Eileen ‘Bundle’ Brent and friends are shortly to find out… (https://alackofconsensus.wordpress.com/2018/03/07/review-the-seven-dials-mystery-by-agatha-christie/)","English Detective and mystery stories, Fiction, Mystery, Police, Private investigators, Superintendent Battle (Fictitious character), Translations into Russian, Detective and mystery stories, Adventure, Alarm clocks, Large type books, English literature, Fiction, mystery & detective, women sleuths, Fiction, mystery & detective, traditional, England, fiction, Detectives"
The Magic Walking-Stick,John Buchan,1932,5548088.0,adventure,/works/OL76561W,"A stick given Bill an English boy, by a mysterious old man has magic qualities. The story of his adventures during the next year, while he has the stick, makes a breathless tale told in Buchan's
most convincing manner. Bill has only to twirl the stick and wish himself away, to arrive in any place that he thinks of. His first experimental trip to the Solomon Islands is rather terrifying, as he escapes only in the nick of time from the savages there. Having his small brother cling to him, he is able to take him along on a trip to their summer home, but this, too, almost ends in disaster, when they are discovered by the caretakers. For vivid descriptions of strange places, for an account of a real boy's reactions, and for exciting incidents, the book is one of the best of Buchan's adventure stories.","Adventure and adventurers, Adventure stories, Fiction, For children, Magic, Children's fiction, Adventure, Brothers, Juvenile fiction, Staffs (Sticks, canes, etc.), Frères, Romans, nouvelles, etc. pour la jeunesse"
Island of the Blue Dolphins,Scott O’Dell,1960,5021868.0,adventure,/works/OL1503145W,"Story of a young girl abandoned on a small island by her family and her village, and of her fight for survival.

The incredible courage, determination and strength of this girl is showcased throughout as she learns to do the things that only the men of her tribe did before, and battles not only the hunters who frequent the island, but also her desperate loneliness as well...

Excellent read for kids 11 and older.","Children's fiction, Islands, fiction, Fiction, Indians of North America, Islands, Juvenile fiction, Newbery Medal, Survival, Survival skills, Brothers and sisters, Curricula, Survival Stories, Action & Adventure, Wilderness survival, Young women, People & Places, Native American, Girls & Women, Indians of north america, fiction, Survival, fiction"
The Boxcar Children,Gertrude Chandler Warner,1924,11349395.0,adventure,/works/OL24656586W,"Orphaned siblings Henry, Jessie, Benny, and Violet are determined not to be separated after the deaths of their parents. Fearing being sent away to live with their cruel, frightening grandfather, they run away and discover an abandoned boxcar in the woods. They convert the boxcar into a safe, comfortable home and learn to take care of themselves. But when Violet becomes deathly ill, the children are forced to seek out help at the risk of their newfound freedom. 

This original 1924 edition contains a few small difference from the revised 1942 edition most readers are familiar with, but the basic story beloved by children remains essentially untouched.","Orphans, juvenile fiction, brothers and sisters, railroad cars, detective and mystery stories, mystery and detective stories, Detective and mystery fiction, fiction, juvenile works, juvenile audience, adventure, mystery and suspense, Children Detectives, High interest-low vocabulary books, Runaway children, Railroad stories, Detectives, Children, Orphans, fiction, Children's fiction, Family life, fiction"
Five on a Treasure Island,Enid Blyton,1942,14570937.0,adventure,/works/OL1948704W,"Julian, Dick, Anne, George and Timmy the dog find excitement and adventure wherever they go in Enid Blyton's most popular series. In their first adventure, the Famous Five find a shipwreck off Kirrin Island. But where is the treasure? The Famous Five are on the trail, looking for clues, but they're not alone. Someone else has got the same idea! Time is running out for the Famous Five -- who will follow the clues and get to the treasure first?","Children: Grades 4-6, Famous Five (Fictitious characters), Juvenile fiction, Children's fiction, Adventure and adventurers, fiction, famous five, kid's book, adventure, Translations from English, Children's stories, German, Children's stories, Buried treasure, Adventure and adventurers, Mystery and detective stories, Shipwrecks, Fiction, Pirates, fiction, Detective and mystery stories"
The Road,Cormac McCarthy,2006,198120.0,adventure,/works/OL40873W,"Cormac McCarthy's tenth novel, The Road, is his most harrowing yet deeply personal work. Some unnamed catastrophe has scourged the world to a burnt-out cinder, inhabited by the last remnants of mankind and a very few surviving dogs and fungi. The sky is perpetually shrouded by dust and toxic particulates; the seasons are merely varied intensities of cold and dampness. Bands of cannibals roam the roads and inhabit what few dwellings remain intact in the woods.

Through this nightmarish residue of America a haggard father and his young son attempt to flee the oncoming Appalachian winter and head towards the southern coast along carefully chosen back roads. Mummified corpses are their only benign companions, sitting in doorways and automobiles, variously impaled or displayed on pikes and tables and in cake bells, or they rise in frozen poses of horror and agony out of congealed asphalt. The boy and his father hope to avoid the marauders, reach a milder climate, and perhaps locate some remnants of civilization still worthy of that name. They possess only what they can scavenge to eat, and the rags they wear and the heat of their own bodies are all the shelter they have. A pistol with only a few bullets is their only defense besides flight. Before them the father pushes a shopping cart filled with blankets, cans of food and a few other assets, like jars of lamp oil or gasoline siphoned from the tanks of abandoned vehicles—the cart is equipped with a bicycle mirror so that they will not be surprised from behind.

Through encounters with other survivors brutal, desperate or pathetic, the father and son are both hardened and sustained by their will, their hard-won survivalist savvy, and most of all by their love for each other. They struggle over mountains, navigate perilous roads and forests reduced to ash and cinders, endure killing cold and freezing rainfall. Passing through charred ghost towns and ransacking abandoned markets for meager provisions, the pair battle to remain hopeful. They seek the most rudimentary sort of salvation. However, in The Road, such redemption as might be permitted by their circumstances depends on the boy’s ability to sustain his own instincts for compassion and empathy in opposition to his father’s insistence upon their mutual self-interest and survival at all physical and moral costs.

The Road was the winner of the 2006 Pulitzer Prize for Literature.
([source][1])


  [1]: https://www.cormacmccarthy.com/works/the-road/","Fiction, Dystopia, Adventure, post-apocalyptic fiction, extinction event, Open Library Staff Picks, Fathers and sons, Survival skills, Regression (Civilization), Voyages and travels, literary fiction, Robinsonades, Apocalyptic fiction, Novels, Apocalypse, Long Now Manual for Civilization, Description and travel, Survival, Father-son relationship, Road fiction"
Novels (The Call of the Wild / White Fang),Jack London,1962,9381751.0,adventure,/works/OL144709W,"Two classic tales of dogs, one part wolf and one a Saint Bernard/Scotch shepherd mix that becomes leader of a wolf pack, as they have adventures in the Yukon wilderness with both humans and other animals.","Fiction, Wolfdogs, Feral dogs, Animal welfare, Sled dogs, Pet theft, Dogs, FICTION / Classics, FICTION / Action & Adventure, Wolves, FICTION / Literary, Children's fiction, Dogs, fiction, Wolves, fiction, Canada, history, fiction, Canada, fiction, Fiction, historical, Fiction, action & adventure, American fiction (fictional works by one author), Fiction, general"
Winnetou,"Karl May, H. J. Graefen, Stanley L. Sharp, Alfred P. Donhauser",1893,4715144.0,adventure,/works/OL83012W,"Abridged translation of Karl May's novel ""Winnetou"" from 1893, with biographical and statistical material.","Apache Indians, Fiction, German language materials, Fiction, historical, general, Indians of north america, fiction, Fiction, westerns, Apache (Indiens), Romans, nouvelles, Indianer, Wilder Westen, Wild West, Abenteuer, Adventure, Reiseerzählung, Travel narration"
The secret house,Edgar Wallace,1919,8134746.0,adventure,/works/OL1517998W,"A stranger and foreigner arrives at the offices of a small publication in London only to be faced by the “editor” whose face is completely swathed in a veil. Nothing is as it seems, and it quickly becomes evident that both are bent on more than lively gossip about the elite. Blackmail and opportunism is the order of the day. When two men are found shot to death outside the door of Mr. Farrington the millionaire who just happens to live a few doors from T. B. Smith, the head of the secret police, the connections to blackmail are not long in coming. Were these men shot by the blackmailer? Who is actually what he seems to be?.......","Detective and mystery stories, English, Adventure, Fiction, Detective and mystery stories"
The just men of Cordova,Edgar Wallace,1917,890206.0,adventure,/works/OL1517988W,"The three friends - Poiccart, Manfred and Gonsalez - may be enjoying the Spanish city of Cordova with its Moorish influences, but they are still committed to employing their intellect and cunning to dispense justice. They consider that when justice is meted out for some crimes, the punishment is insufficient. Their belief is that there are some transgressions that the written law cannot redress. The Just Men are ruthless and will use their own methods. They will carry out their own verdicts - and deal death ...","Cordoba (Spain), Fiction, Detective and mystery stories, English, Adventure, Vigilantes"
The Name of the Wind,"Patrick Rothfuss, Marc Simonetti",2007,11480483.0,adventure,/works/OL8479867W,"***The Name of the Wind***, also called ***The Kingkiller Chronicle: Day One***, is a heroic fantasy novel written by American author Patrick Rothfuss. It is the first book in the ongoing fantasy trilogy ***The Kingkiller Chronicle***. It was published on March 27, 2007, by DAW Books, the novel has been hailed as a masterpiece of high fantasy.

The story begins the tale of Kvothe (pronounced ""quothe""), a young man who becomes the most notorious magician his world has ever known. Kvothe narrates his own journey, from his childhood in a troupe of traveling players to his years as a near-feral orphan in a crime-ridden city, and his daring entrance into a prestigious and perilous school of magic.

Patrick Rothfuss's debut novel has been praised for its fresh and earthy originality, transporting readers into the mind of a wizard and the world that shaped him. It explores the truth behind the legend of a hero and how one can become entangled in their own mythology. Rothfuss's powerful storytelling and robust writing have earned him comparisons to renowned fantasy authors such as [Tad Williams][1], [George R. R. Martin][2], and [Robert Jordan][3].

Followed by: [***The Wise Man's Fear***][4]


([Source: special note from the publisher][5])

  [1]: https://openlibrary.org/authors/OL292141A/
  [2]: https://openlibrary.org/authors/OL234664A/
  [3]: https://openlibrary.org/authors/OL233594A
  [4]: https://openlibrary.org/works/OL8479869W
  [5]: https://patrickrothfuss.com/content/note.html","orphans, American fantasy fiction, Adult books for young adults, epic fiction, series, Juvenile audience, demons, quests, loss (psychology), fate and fatalism, voyages and travels, heroes and heroines, murder, rulers, gods and goddesses, imaginary places, good and evil, fantasy fiction, The Kingkiller Chronicle, fantasy"
Bulldog Drummond at bay,"H. C. McNeile, 'Sapper'.",1935,14312310.0,adventure,/works/OL92777W,"Drummond had gone to the country seeking peace and quiet, but when on his first night a stone wrapped in a brown, blood-stained sheet of paper crashed through his window, the paper bearing the mysterious message, ""Mary Jane. Urgent. GG Pont. As."" Drummond was off on his most hair-raising adventure. He wasn't, however, really aware of what the mysterious message had involved him in until the next day, when a charming girl, whom he had never before seen, tried to put a sleeping potion in his tea, and he first learned of the existence of that amazing organization, the Key Club.

At first, curiosity was Drummond's sole motive, but when his pet bulldog was shot through the head and the body of a murdered man disappeared from his living. room, Drummond threw himself and all of his resources into the investigation. He soon found that he was up against an international ring of ruthless killers organized to steal and trade in the armament secrets of the nations of the world and that the peace of the world hung in the balance, dependent upon his success or failure. 

Bulldog Drummond series #9","Bulldog Drummond (Fictitious character), Fiction, adventure, suspense, Bulldog Drummond (fictional character), Sapper, adventurer, Fiction, mystery & detective, general, Private investigators, fiction, Crime, fiction"
The Odessa file,"Frederick Forsyth, Frederick Davidson",1842,6630437.0,adventure,/works/OL15411113W,"The life-and-death hunt for a notorious Nazi criminal unfolds against a background of international arms deals. As the story leads to its final dramatic confrontation on a bleak winter's hill-top, the question every reader asked at the end of The Day of the Jackal will inevitably be asked again: Can this be fiction?","Concentration camps, Fiction, FICTION / Action & Adventure, Adventure, Fiction, thrillers, general, Literature, Holocaust, Jewish (1939-1945), Nazis, Large type books, Fiction, general, Fiction, thrillers, espionage, War criminals, Criminals, fiction, Fiction, suspense, Fiction, thrillers"
The Man Who Knew,Edgar Wallace,1918,2021007.0,adventure,/works/OL1518038W,"<p>John Minute, formerly an unscrupulous African mining magnate, has flown to England, but can’t escape his past. Constantly threatened by blackmailers, he fears death and financial ruin. At the suggestion of the commissioner of police, “The Man Who Knows” is hired to assist in determining the source of these threats.</p> <p>But after John is murdered, suspicion is cast on his nephew, who calls on The Man Who Knows to help clear his name and cast suspicion on Jasper Cole, John’s loyal secretary. The trail to the real murderer presents a formidable challenge—even to The Man Who Knows.</p> <p>Published in 1918, <i>The Man Who Knew</i> was adapted for film in 1961.</p>","Detective and mystery stories, Suspense fiction, Adventure, Fiction"
Blue Hand,Edgar Wallace,1923,8950417.0,adventure,/works/OL1517852W,"<p>Jim Steele, a clerk for a prominent London attorney, has the distasteful task of assisting a notorious client, Digby Groat, who stands to inherit the Jonathan Danton fortune. Danton’s infant daughter and closest heir, Dorothy, was thought to have died in a boating accident twenty years ago. Adding to the mystery, Dorothy’s mother, Lady Mary Danton, also disappeared around the same time.</p> <p>Jim receives alarming news that his new love interest, Eunice, has accepted a new job as live-in secretary to Digby’s mother. Soon after, Eunice receives a message from a mysterious intruder that her life is in danger and that she should leave the Digby house. As time passes, it becomes apparent that Digby, ruthless in his pursuit of wealth and women, has set his sights on Eunice.</p> <p>Eunice’s parents have passed away, but something in her history doesn’t sit well with Jim’s inquiring mind. As he investigates he’s surprised to learn that his neighbor, a beautiful invalid, has also been making inquiries about Eunice’s past, and has more than a casual interest in both Eunice and Jim.</p> <p><i>Blue Hand</i> was published in 1925.</p>","Adventure, Fiction"
The Mind Of Mr J Reeder,Edgar Wallace,1925,890211.0,adventure,/works/OL1517904W,"<p>Mr. J. G. Reeder, mild-mannered, slightly shabby, and a throw-back with his mutton-chops and silk hat, is often mistaken for an office clerk. But his superiors have recognized his special gift: Reeder has a criminal mind. As an employee of the Department of Public Prosecutions, he’s frequently called upon to exercise his unusual talent to solve crimes that have confounded the local police.</p> <p>In this collection of eight stories, Mr. Reeder solves robberies, burglaries, and murders, often at great risk to his personal health and well-being, and frequently employing his great insight into human nature and the criminal mind.</p> <p>Published under the title <i>The Murder Book of Mr. J. G. Reeder</i> in the United States, these stories were adapted for British television between 1969 and 1971 and also for BBC Radio in 2007.</p>","English Short stories, Fiction in English, Detective and mystery stories, English, Adventure, Fiction, Shorts"
Tarzan the Invincible,Edgar Rice Burroughs,1931,284443.0,adventure,/works/OL1418089W,"**Tarzan, his monkey friend Nkima, and Chief Muviro and his faithful Waziri warriors prevent Soviet communists from looting the lost city of Opar. The story also prominently features Tarzan's lion ally Jad-bal-ja.**

**Goodreads Member: Frank liked it & rated it 3 of 5 stars:** ''When I was 10 years old, my father gave me three books for Christmas: Treasure Island, The Swiss Family Robinson, and Tarzan and the Golden Lion. At the time, these were all a little advanced for me but when I reached my teen years, I finally read the Tarzan book and was hooked on his adventures. **My older brother also had a copy of Tarzan and the Ant Men which I still consider one of the best in the series.**''

''In the 80s, I decided to read all of the Tarzan adventures in order but only made it as far as Tarzan at the Earth's Core and then for some reason I stopped reading them. In the mean time, I started collecting Burroughs editions in hard cover and now have a near-complete set of his books. So I kept seeing the books on their shelves and decided to read the next Tarzan adventure, Tarzan the Invincible.''

 
**Goodreads Member: Qt really liked it & rated it 4 of 5 stars:** I thought this was a fun one! Some of the later Tarzan books that I've read recently hadn't really held my interest, but **this one, like many of the earlier books in the series, was fun, fast-paced, and full of adventure.**","Fiction, Pulp, Speculative, Fantasy, Action, Adventure, Jungle, Vines, Trees, Forest, Wilds, Lost world, Wild Animals, Animals, Warriors, Spies, Communists, Tarzan (Fictitious character), Fiction, action & adventure, Fiction, science fiction, general"
The Phantom Tollbooth,Norton Juster,1961,8578174.0,adventure,/works/OL1636262W,"The Phantom Tollbooth is a children's fantasy adventure novel written by Norton Juster with illustrations by Jules Feiffer. It was published in 1961 by Random House (USA). It tells the story of a bored young boy named Milo who unexpectedly receives a magic tollbooth one afternoon and, having nothing better to do, drives through it in his toy car, transporting him to the Kingdom of Wisdom, once prosperous but now troubled. There, he acquires two faithful companions, a dog named Tock and the Humbug, and goes on a quest to restore to the kingdom its exiled princesses—named Rhyme and Reason—from the Castle in the Air. In the process, he learns valuable lessons, finding a love of learning. The text is full of puns and wordplay, such as when Milo unintentionally jumps to Conclusions, an island in Wisdom, thus exploring the literal meanings of idioms.","letters, numbers, orchestras, children's literature, adventure, Creativity and Imagination, Boredom, Magic and Supernatural, Discovery and Learning, American Fantasy fiction, Children's stories, American, Fantasy, Ficción juvenil, Fiction, Imaginación, Imagination, Language and languages, Lenguaje y lenguas, Novela fantástica, children's fantasy"
The Son of Tarzan,Edgar Rice Burroughs,1915,9243231.0,adventure,/works/OL1418250W,"Paulvitch still lived and sought vengeance against Tarzan. As part of his plot, he lured Tarzan's young son away from London. But the boy escaped, with the aid of the great ape Akut. They fled to the savage African jungles where Tarzan had been reared. There the civilized boy had to learn to meet the great beasts and face the dangers only his father had ever conquered. But he grew in time into Korak the Killer, almost as mighty as Tarzan. Korak found a friend in Meriem, whom he rescued from a raiding Arab band. Then he discovered that the dangers of the jungle were nothing compared to those devised by men.","Classic Literature, Fiction, Tarzan (Fictitious character), Non-Classifiable, Fiction, action & adventure, Tarzan (Fictitious character) -- Fiction, Fantasy fiction, Adventure stories, Adventure"
Terror Keep,Edgar Wallace,1927,1789843.0,adventure,/works/OL1518029W,"<p>Mr. J. G. Reeder, employed by the Department of Public Prosecutions, has developed a reputation for solving difficult criminal cases using his unique understanding of human nature, which he calls his “criminal mind.” After a notorious bank robber and murderer escapes from prison, Mr. Reeder must match wits with Crazy John Flack, the “cleverest crook in the world,” who previously vowed to kill the famous detective in revenge for his imprisonment.</p> <p>Reeder’s love interest Margaret Belman receives a lucrative job offer at an exclusive country hotel located at the famous Larmes Keep. As Reeder pursues several leads on Flack’s whereabouts, he discovers that Margaret’s new position is part of Flack’s plan for revenge. When Reeder rushes to Larmes Keep in an effort to keep Margaret safe, he’s surprised to find that Crazy John is one step ahead of him.</p> <p>Published in 1927, <i>Terror Keep</i> was the third book to feature <a href=""https://standardebooks.org/ebooks/edgar-wallace"">Edgar Wallace’s</a> answer to <a href=""https://standardebooks.org/collections/sherlock-holmes"">Sherlock Holmes</a>.</p>","Detective and mystery stories, English, Adventure, Fiction"
The clue of the new pin,Edgar Wallace,1923,890193.0,adventure,/works/OL1518047W,"<p>Tab Holland, newspaper reporter and a friend of a local police investigator, is surprised to discover that his roommate’s uncle Jesse Transmere, a wealthy miser, has been found murdered in a cellar vault locked from the inside. More surprising is the fact that Ursula Ardfern, a famous actress and new acquaintance of Tab’s, has had her plays backed by the murder victim in the past.</p> <p>Although he has been regularly reporting on the case for the newspaper, Tab’s interest in the case intensifies after both his own apartment and the murdered man’s house are ransacked.</p> <p>Although it’s yet another entry in <a href=""https://standardebooks.org/ebooks/edgar-wallace"">Edgar Wallace’s</a> locked-room mysteries, <i>The Clue of the New Pin</i> also explores the claim of various religions in having exclusive access to the truth, or the only path to spirituality.</p>","Fiction, mystery & detective, general, Detective and mystery stories, Murder -- Investigation -- Fiction, Millionaires -- Fiction, Adventure, Fiction"
Caddie Woodlawn,Carol Ryrie Brink,1935,11123476.0,adventure,/works/OL265984W,"Caddie Woodlawn is a children's historical fiction novel by Carol Ryrie Brink which received the Newbery Medal in 1936 and a Lewis Carroll Shelf Award in 1958. The original 1935 edition was illustrated by Newbery-award-winning author and illustrator Kate Seredy. Macmillan released a later edition in 1973, illustrated by Trina Schart Hyman.","tomboys, Adolescence & Coming of Age, Adventure, Brothers and sisters, Classics, Family, Fiction, Frontier and pioneer life, Girls & Women, Historical Fiction, History, Juvenile fiction, Newbery Medal, Social Themes, Frontier and pioneer life, fiction, Wisconsin, fiction, Children's fiction, Brothers and sisters, fiction, Wisconsin, Historical"
The Killer Angels,Michael Shaara,1974,1921876.0,adventure,/works/OL82664W,"*The Killer Angels* (1974) is a historical novel by Michael Shaara that was awarded the Pulitzer Prize for Fiction in 1975. The book tells the story of the four days of the Battle of Gettysburg in the American Civil War: June 30, 1863, as the troops of both the Union and the Confederacy move into battle around the town of Gettysburg, Pennsylvania, and July 1, July 2, and July 3, when the battle was fought. The story is character-driven and told from the perspective of various protagonists.","Battle of Gettysburg, American Civil War, Romans, War stories, Fiction in English, Fiction, United States Civil War, Historical fiction, Pennsylvania Civil War, History, Large type books, Audiobooks, Books On Tape, Gettysburg, Battle of, Gettysburg, Pa., 1863, War, Gettysburg (Pa.), Battle of, 1863, Bataille de Gettysburg, Gettysburg, Penns., 1863, Romans, nouvelles, Histoire, General"
The Lost Hero,Rick Riordan,2010,12848687.0,adventure,/works/OL15401200W,"Jason has a problem. He doesn’t remember anything before waking up on a school bus holding hands with a girl. Apparently she’s his girlfriend Piper, his best friend is a kid named Leo, and they’re all students in the Wilderness School, a boarding school for “bad kids.” What he did to end up here, Jason has no idea―except that everything seems very wrong.

Piper has a secret. Her father has been missing for three days, and her vivid nightmares reveal that he’s in terrible danger. Now her boyfriend doesn’t recognize her, and when a freak storm and strange creatures attack during a school field trip, she, Jason, and Leo are whisked away to someplace called Camp Half-Blood. What is going on?

Leo has a way with tools. His new cabin at Camp Half-Blood is filled with them. Seriously, the place beats Wilderness School hands down, with its weapons training, monsters, and fine-looking girls. What’s troubling is the curse everyone keeps talking about, and that a camper’s gone missing. Weirdest of all, his bunkmates insist they are all―including Leo―related to a god.","Serie:The_Heroes_of_Olympus, nyt:chapter_books=2010-11-06, New York Times bestseller, fantasy, adventure, kids, teens, children, Greek Mythology, Juvenile fiction, Fiction, Gaia (Greek deity), Camps, Monsters, Children's fiction, Fantasy fiction, Gods, fiction, Camps, fiction, Monsters, fiction, nyt:paperback-books=2012-04-22"
The Law of The Four Just Men,Edgar Wallace,1931,890208.0,adventure,/works/OL1517886W,"<p>A group of wealthy vigilantes known as <a href=""https://standardebooks.org/collections/the-four-just-men"">The Four Just Men</a> are famous for their ability to punish criminals that have evaded the authorities.</p> <p>In this collection of short stores, the Just Men set their sights not only on murderers, kidnappers, and embezzlers, but also on those wrongfully convicted. Often the pursuits of the Just Men require the unwitting assistance of the Assistant Commissioner of Scotland Yard.</p> <p>The ten short stories in this collection were originally published separately in <i>The Strand Magazine</i> and the <i>The Novel Magazine</i> in 1921.</p>","English Detective and mystery stories, Justice, Fiction, Romans, nouvelles, Detective and mystery stories, English, Adventure, Shorts"
Wizard's First Rule,Terry Goodkind,1994,1005963.0,adventure,/works/OL2010436W,"Richard Cypher's father was brutally murdered a month ago, in his home with his guts ripped out of his stomach. While coping with this sudden loss, Richard saves Kahlan Amnell from four mercenaries, and with the help of Richard's friend Zeddicus Zu'l Zorander the three flee to the midlands to stop Darken Rahl's ever expanding empire. Secrets will be revealed, many will perish, and the legends begins.","Fiction, Wizards, Wizards in fiction, Fiction, fantasy, general, Fiction, fantasy, epic, Amnell, kahlan (fictitious character), fiction, D'haran empire (imaginary place), fiction, Richard Rahl (Fictitious character), Fantasy, Fantasy fiction, Magic, Epic Fantasy, High Fantasy, Adventure"
El Amo Del Juego/Masters of the Game,Sidney Sheldon,1905,4672.0,adventure,/works/OL1881658W,"**One of Sidney Sheldon's most popular and bestselling titles. Kate Blackwell is one of the richest and most powerful women in the world. She is an enigma, a woman surrounded by a thousand unanswered questions.**

Her father was a diamond prospector who struck it rich beyond his wildest dreams.Her mother was the daughter of a crooked Afrikaner merchant. Her conception was itself an act of hate-filled vengeance. **At the extravagant celebrations of her ninetieth birthday, there are toasts from a Supreme Court Judge and a telegram from the White House.** And for Kate there are ghosts, ghosts of absent friends and of enemies. Ghosts from a life of blackmail and murder. Ghosts from an empire spawned by naked ambition!

**Sidney Sheldon is one of the most popular storytellers in the world. This is one of his best-loved novels, a compulsively readable thriller, packed with suspense, intrigue and passion. It will recruit a new generation of fans to his writing.*--goodreads***


Master of the Game is a novel by Sidney Sheldon, first published in hardback format in 1982. Spanning four generations in the lives of the fictional McGregor/Blackwell family, the critically acclaimed novel spent four weeks at number one on the New York Times Best Seller List, and was later adapted into a 1984 television miniseries.***--Ahmad Sharabiani (goodreads reviewer)***","Sidney Sheldon, Adult, American, Crime, Fiction, Literature, Saga, 1984 TV miniseries, Stories, Adventure, Drama, Romanc, Family, Four generations, Wealth, Diamonds, Diamond empire, Ambition, Blackmail, Businesswomen"
Eaters of the Dead,Michael Crichton,1976,12640575.0,adventure,/works/OL46873W,"Eaters of the Dead: The Manuscript of Ibn Fadlan Relating His Experiences with the Northmen in AD 922 (later republished as The 13th Warrior to correspond with the film adaptation of the novel) is a 1976 novel by Michael Crichton, the fourth novel under his own name and his 14th overall. The story is about a 10th-century Muslim Arab who travels with a group of Vikings to their settlement.

Crichton explains in an appendix that the book was based on two sources. The first three chapters are a retelling of Ahmad ibn Fadlan's personal account of his actual journey north and his experiences with and observations of Varangians. The remainder is a retelling of Beowulf.

---

Also contained in:

- [Congo / Sphere / Eaters of the
  Dead](https://openlibrary.org/works/OL14950504W/Congo_Sphere_Eaters_of_the_Dead)","adaptations, fiction, vikings, historical fiction, fantasy fiction, Northmen, Beowulf Adaptations, Beowolf, Dragons, English epic poetry adaptations, Heroes, Monsters, Beowulf, Fiction, horror, Epic poetry, English (Old), Middle Ages, Fiction, fantasy, general, Fiction, historical, general, Fiction, suspense, Large type books"
A Dance With Dragons,George R. R. Martin,2008,11298743.0,adventure,/works/OL1955906W,"In the aftermath of a colossal battle, the future of the Seven Kingdoms hangs in the balance once again–beset by newly emerging threats from every direction. In the east, Daenerys Targaryen, the last scion of House Targaryen, rules with her three dragons as queen of a city built on dust and death. But Daenerys has three times three thousand enemies, and many have set out to find her. Yet, as they gather, one young man embarks upon his own quest for the queen, with an entirely different goal in mind.

Fleeing from Westeros with a price on his head, Tyrion Lannister, too, is making his way to Daenerys. But his newest allies in this quest are not the rag-tag band they seem, and at their heart lies one who could undo Daenerys’s claim to Westeros forever.

To the north lies the mammoth Wall of ice and stone–a structure only as strong as those guarding it. There, Jon Snow, 998th Lord Commander of the Night’s Watch, will face his greatest challenge yet. For he has powerful foes not only within the Watch but also beyond, in the land of the creatures of ice.

And from all corners, bitter conflicts soon reignite, intimate betrayals are perpetrated, and a grand cast of outlaws and priests, soldiers and skinchangers, nobles and slaves, will face seemingly insurmountable obstacles. Some will fail, others will grow in the strength of darkness. But in a time of rising restlessness, the tides of destiny and politics will lead inevitably to the greatest dance of all. . . .

Preceded by: [***A Feast for Crows***][1]
Followed by: ***The Winds of Winter*** (planned)

([Source][3])


[1]: https://openlibrary.org/works/OL257948W

[3]: https://georgerrmartin.com/grrm_book/a-dance-with-dragons/","New York Times bestseller, nyt:hardcover_fiction=2011-07-30, Seven kingdoms (Imaginary place), Fiction, Epic, Fantasy, General, Imaginary wars and battles, Adventure, Reading Level-Grade 7, Reading Level-Grade 9, Reading Level-Grade 8, Reading Level-Grade 11, Reading Level-Grade 10, Reading Level-Grade 12, American fiction, Dragones, Magic, Magia, Ficción"
Sir Percy hits back,Emma Orczy,1927,502827.0,adventure,/works/OL8125148W,"<p>In the Dauphiné area of France, soldiers have come to arrest some local aristos as part of the French Revolution’s anger and revenge on anyone with money. A young woman rescues the family’s papers and money from their house after their arrests, and persuades a childhood friend to hide the valuables. The friend is soon arrested for the theft, so the young woman seeks to go to where he has been taken in order to defend him. She is herself subsequently denounced and arrested, and the Scarlet Pimpernel is soon involved in a rescue plan. But who is her father, what is his role in all of the events, and will he also be caught up in the “Law of the Suspect” that has sent so many to the guillotine?</p>","History, Sir Blakeney, Percy (Fictitious character), Fiction, Fiction, historical, general, Fiction, action & adventure, France, history, revolution, 1789-1799, fiction, Blakeney, percy, sir (fictitious character), fiction, France, fiction, Historical fiction, France -- History -- Revolution, 1789-1799 -- Fiction, Adventure Stories, Blakeney, Percy, Sir (Fictitious character) -- Fiction, Adventure"
Congo,Michael Crichton,1980,10653144.0,adventure,/works/OL46913W,"Congo is a 1980 science fiction novel by Michael Crichton, the fifth under his own name and the fifteenth overall. The novel centers on an expedition searching for diamonds and investigating the mysterious deaths of a previous expedition in the dense tropical rainforest of the Congo. Crichton calls Congo a lost world novel in the tradition founded by Henry Rider Haggard's King Solomon's Mines, featuring the mines of that work's title.

---

Also contained in:

- [Congo/Jurassic Park](https://openlibrary.org/works/OL8475707W)
- [Congo / Sphere / Eaters of the Dead](https://openlibrary.org/works/OL14950504W/Congo_Sphere_Eaters_of_the_Dead)","kakundakari, type IIb, diamonds, thrillers, science fiction, adventure fiction, adventure stories, Fiction, Archaeology, Gorilla, American Science fiction, Horror stories, Africa, fiction, Fiction, thrillers, Fiction, thrillers, general, Large type books, Fiction, mystery & detective, general, Adventure, Mystery Thriller"
The three just men,Edgar Wallace,1929,890215.0,adventure,/works/OL1518003W,"<p>Having recently been pardoned by the British government, the <a href=""https://standardebooks.org/collections/the-four-just-men"">Just Men</a> continue their mission to bring criminals to justice, but now by employing mostly legal means.</p> <p>London has been terrorized with the death of several men connected with Doktor Oberzohn, the head of an international cartel, with the deaths thought to have been caused by an escaped venomous snake. After forming a detective agency, the Just Men begin working with Scotland Yard to investigate Oberzohn, who is also suspected of having instigated revolts and overthrown governments for profit.</p> <p>In the course of their investigation, the Just Men become intrigued by the sudden interest Oberzohn has shown in a simple farm girl named Mirabelle Leicester, and her connection with her dead father’s Angolan land claim.</p>","Fiction, mystery & detective, general, Detective and mystery stories, English, Adventure, Fiction"
Haroun and the Sea of Stories,Salman Rushdie,1990,10236612.0,adventure,/works/OL457172W,"Set in an exotic Eastern landscape peopled by magicians and fantastic talking animals, this classic children's novel inhabits the same imaginative space as *The Lord of the Rings*, *The Alchemist*, and *The Wizard of Oz*. In this captivating work of fantasy, Haroun sets out on an adventure to restore the poisoned source of the sea of stories. On the way, he encounters many foes, all intent on draining the sea of all its storytelling powers.","Hindi Short stories, Short stories, Adventure, Juvenile fiction, Fantasy, Fathers and sons, Voyages and travels, Storytellers, Fiction, Adventure stories, Children's fiction, British and irish fiction (fictional works by one author), Storytelling, fiction, Fantasy fiction, Fathers and sons, fiction, Adventure and adventurers, Fairy tales, Storytelling, Pères et fils, Romans, nouvelles"
The Final Empire,Brandon Sanderson,2001,14658160.0,adventure,/works/OL5738148W,"For a thousand years ashes have fallen from the sky.  For a thousand years nothing has flourished.  For a thousand years the skaa have been enslaved and live in misery, mired in inevitable fear.  For a thousand years the Lord Ruler has reigned with absolute power, ruling thanks to terror, his powers and his immortality, aided by ""benders"" and ""inquisitors"", along with the powerful magic of Allomancy.","form:novel, series:The Mistborn Saga, series:Mistborn Original Trilogy, genre:high fantasy, Courts and courtiers, Women revolutionaries, Fiction, Adventure, Magic, Thieves, Nobility, Covert Operations, Mystical powers, Upraising, Epic, Good and evil, Slaves, Fantasía, Ficción, Magia"
Lie Down With Lions,Ken Follett,1985,4147865.0,adventure,/works/OL1914086W,"Ellis, the American. Jean-Pierre, the Frenchman. They were two men on opposite sides of the cold war, with a woman torn between them. Together, they formed a triangle of passion and deception, racing from terrorist bombs in Paris to the violence and intrigue of Afghanistan - to the moment of truth and deadly decision for all of them...

The intrigue surrounding Russian efforts to assassinate Masud, the leader of the Afghan guerrilla forces battling the Russians, sweeps a young Englishwoman, a French physician, and a roving American into its maelstrom","Ken Follett, History, Historical, Russian invasion of Afghanistan, Fiction, English Literature, skönlitteratur, War, CIA, Spy, Espionage, Adventure, Romance, Cold War, Soviet occupation, Mystery, Suspense, Thriller, Novel, Hardcover"
Kometen kommer (Kometjakten),Tove Jansson,1946,6681831.0,adventure,/works/OL2195985W,"A comet is speeding towards Earth and nobody knows what to do! Will it destroy everything and everyone? Moomintroll decides to find out. So, with Sniff, he sets out on an expedition that promises to be packed with adventure and excitement!","Children's stories, Swedish, Comets, Fiction, Translations into Russian, Juvenile fiction, Children's stories, Fantasy, Children's fiction, Fantasy fiction, moomin, moomins, Children's literature, adventure, coming-of-age, friendship, family, comet, natural disaster, survival, hope"
My Name is Aram,William Saroyan,1937,8405487.0,adventure,/works/OL1442072W,A Huckleberry Finn like book.,"boys, America, adventure, California, fiction, Fiction, biographical, Childhood and youth, Fiction, Armenian Americans, Fiction, short stories (single author)"
The Defiant Agents,Andre Norton,1962,6462639.0,adventure,/works/OL473243W,"Synopsis - Ancestral memory – Travis Fox, once the unwilling captive of the runaway spaceship Galactic Derelict, has volunteered – eagerly this time – for the mission to colonize Topaz.  But when he and his fellow Apaches find themselves reverting to the ways of their ancient warrior race just as the expedition from Russia has been transformed into a Mongol Horde encamped across the mountains, it becomes clear that more than their own lives is at stake...","sci fi, Fiction, science fiction, general, Fiction, Space and time, Science fiction, Time travel, Space colonies, Apache Indians, English language, Composition and exercises, American Science fiction, Indians of North America, Voyages dans le temps, Romans, nouvelles, Apache (Indiens), Colonies spatiales, Time travel -- Fiction, Space and time -- Fiction, Adventure"
The Wolves of Willoughby Chase (Wolves #1),Joan Aiken,1911,239726.0,adventure,/works/OL262048W,"This novel is the first in the Wolves Chronicles (aka The Wolves of Willoughby Chase Series), a series of children's novels set during the fictional early-19th century reign of King James the third.

A large number of wolves have migrated from the bitter cold of Europe and Russia into Britain via a new ""channel tunnel"", and terrorize the inhabitants of rural areas. Read about the adventures of cousins Bonnie and Sylvia and their friend Simon the goose-boy as they thwart the evil schemes of their governess Miss Slighcarp, and their so called ""teacher"" at boarding school, Mrs. Brisket.

The story was made into a film in 1989.","Juvenile fiction, Children, Children's, Kids, Juvenile, Fiction, Fantasy, Stories, Books, Literature, British, Adventure, Adventurers, Orphans, Orphanage, Schooling, Teachers, Villianry, Cruelty, Migrating"
Floodtide,Frank Yerby,1950,9362782.0,adventure,/works/OL4906729W,"Born in a shack on Natchez-Under-the-Hill, the abode of cutthroats, thieves, brawling river men and ladies of easy virtue, Ross Pary has but one goal: to reach Natchez-on-the Hill,where gentlemen planters lived a life of graciousness and ease in their portico-ed mansions.

Yet, he loves a woman from Cuba enough to invade her country to in a desperate search to find her. Floodtide dramatizes Ross Pary's struggle for social acceptance despite his the passions and tangled loves. It is the story of a chivalrous South overreaching itself for an overseas slave empire in the floodtide of its declining fortunes in the lush decade prior to the Civil War.","Frank Yerby, Action, Adventure, Romance, Magnolias, Sassy, Southern, Taboo, Civil War, Yankees, History, Historical, Fiction, Classic, Literature, Book, Books, Novels, Hardcovers, Paperback"
Ready Player One,Ernest Cline,2008,8737626.0,adventure,/works/OL15936512W,"In the year 2044. reality is an ugly place. The only time teenage Wade Watts *really* feels alive is when he's jacked into the virtual utopia known as the OASIS. Wade's devoted his life to studying the puzzles hidden within this world's digital confines--puzzles that are based on their creator's obsession with the pop culture of decades past and that promise massive power and fortune to whoever can unlock them. 

But when Wade stumbles upon the first clue, he finds himself beset by players willing to kill to take this ultimate prize. The race is on, and if Wade's going to survive, he'll have to win--and confront the real world he's always been so desperate to escape. (Provided by publisher).","Regression (Civilization), Utopias, Virtual reality, Fiction, Puzzles, Fiction, science fiction, action & adventure, Fiction, dystopian, Shared virtual environments, YOUNG ADULT FICTION / Computers & Digital Media, YOUNG ADULT FICTION / Dystopian, YOUNG ADULT FICTION / Media Tie-In, YOUNG ADULT FICTION / Mysteries & Detective Stories, YOUNG ADULT FICTION / Science Fiction / General, nyt:trade-fiction-paperback=2012-06-24, New York Times bestseller, New York Times reviewed, Gaming, video games, cyberpunk, science fiction"
Dragonsong,Anne McCaffrey,1976,8769648.0,adventure,/works/OL73385W,"Menolly, a young fisher's daughter, had dreamed all her life of learning the Harper's craft. Her musical talent is not valued in her fishing hold, especially by her parents the holders, as women in general tend to be less valued and have fewer choices than men in Pernese society. When her father denies her what she regards to be her destiny, she flees Half Circle Hold just as Pern is struck by the deadly danger of Threadfall, a deathly rain that falls from the sky. Menolly takes shelter in a cave by the sea and there, she makes a miraculous discovery that will change her life.","Harper Hall, Pern, Dragons, Fantasy, Fiction in English, Harpists, Juvenile fiction, Science fiction, Fiction, Fairy tales, Children's fiction, Pern (Imaginary place), Large type books, Fantastic fiction, Music, Fantasy fiction, Fire lizard, Adventure, Pern (imaginary place), fiction, Fiction, fantasy, general"
Claudius Bombarnac,Jules Verne,1892,1801803.0,adventure,/works/OL1099309W,"Reporter Claudius Bombarnac, is assigned by the ""Twentieth Century "" to cover the travels of the Grand Transasiatic Railway which runs between Uzun Ada, Turkestan and Peking, China.","Classic Literature, Fiction, Thriller, Voyages and travels -- Fiction, Reporters and reporting -- Fiction, Railroad travel -- Fiction, Adventure"
The final count,H. C. McNeile,1926,10871948.0,adventure,/works/OL241906W,"Book #4 in the Bulldog Drummond ""His four round with Carl Peterson"" series.","Bulldog Drummond (fictional character), Sapper, adventurer, adventure, suspense, Private investigators, fiction, Great britain, fiction, Fiction, mystery & detective, general"
Bulldog Drummond strikes back,H. C. McNeile,1933,2989023.0,adventure,/works/OL92781W,Bulldog Drummond series #8,"Bulldog Drummond (Fictitious character), Fiction, Fiction in English, adventure, suspense, Bulldog Drummond (fictional character), escaped criminal"
